mean_FFD,mean_GD,mean_GPT,mean_TRT,mean_meanPupilSize,mean_nFixations,omission_rate,participant_id,regression_rate,regressions,revisit_rate,revisited_words,sentence_content,sentence_id,skip_rate,skipped_words,total_fixations,total_words
133.23076923076923,144.76923076923077,258.84615384615387,195.6153846153846,1007.4230769230769,1.5384615384615385,0.13333333333333333,ZJM,0.4,8.0,0.3333333333333333,5.0,"With his interest in race cars, he formed a second company, the Henry Ford Company.",0,0.13333333333333333,2.0,20.0,15
130.2173913043478,169.1304347826087,381.5217391304348,267.6521739130435,954.4891304347827,2.130434782608696,0.14814814814814814,ZJM,0.30612244897959184,15.0,0.5555555555555556,15.0,"During this period, he personally drove his Quadricycle to victory in a race against Alexander Winton, a well-known driver and the heavy favorite on October 10, 1901.",1,0.14814814814814814,4.0,49.0,27
115.0,148.95,274.55,246.5,987.6125,2.0,0.13043478260869565,ZJM,0.3,12.0,0.43478260869565216,10.0,"Ford was forced out of the company by the investors, including Henry M. Leland in 1902, and the company was reorganized as Cadillac.",2,0.13043478260869565,3.0,40.0,23
116.78787878787878,179.27272727272728,357.75757575757575,334.6363636363636,962.7500721500721,2.696969696969697,0.10810810810810811,ZJM,0.3707865168539326,33.0,0.4864864864864865,18.0,"In 1891, Ford became an engineer with the Edison Illuminating Company, and after his promotion to Chief Engineer in 1893, he had enough time and money to devote attention to his personal experiments on internal combustion engines.",3,0.10810810810810811,4.0,89.0,37
96.94736842105263,152.05263157894737,235.1578947368421,178.21052631578948,978.877192982456,1.736842105263158,0.24,ZJM,0.3333333333333333,11.0,0.08,2.0,"These experiments culminated in 1896 with the completion of his own self-propelled vehicle named the Quadricycle, which he test-drove on June 4 of that year.",4,0.24,6.0,33.0,25
116.63333333333334,172.63333333333333,330.6333333333333,290.96666666666664,960.1638888888888,2.6666666666666665,0.09090909090909091,ZJM,0.4125,33.0,0.5151515151515151,17.0,"Ford was born on a prosperous farm in Springwells Township (now in the city of Dearborn, Michigan) owned by his parents, William Ford (1826-1905) and Mary Litogot (c1839-1876), immigrants from County Cork, Ireland.",5,0.09090909090909091,3.0,80.0,33
105.7,105.7,253.7,189.8,1031.5333333333333,1.8,0.23076923076923078,ZJM,0.3888888888888889,7.0,0.38461538461538464,5.0,"In the years between the wars, Henry Ford supported Adolf Hitler's Nazi regime.",6,0.23076923076923078,3.0,18.0,13
96.78947368421052,111.21052631578948,212.26315789473685,178.42105263157896,1057.3026315789473,1.5789473684210527,0.13636363636363635,ZJM,0.3333333333333333,10.0,0.22727272727272727,5.0,There is also some evidence that Henry Ford gave Adolf Hitler direct financial backing when Hitler was first starting out in politics.,7,0.13636363636363635,3.0,30.0,22
112.29411764705883,138.38235294117646,353.47058823529414,290.29411764705884,975.7808823529413,2.4411764705882355,0.17073170731707318,ZJM,0.37349397590361444,31.0,0.5365853658536586,22.0,"This can in part be traced to statements from Kurt Ludecke, Germany's representative to the U.S. in the 1920s, and Winifred Wagner, daughter-in-law of Richard Wagner, who said they requested funds from Ford to aid the National Socialist movement in Germany.",8,0.17073170731707318,7.0,83.0,41
106.6923076923077,134.26923076923077,205.69230769230768,187.34615384615384,939.1858974358976,1.6923076923076923,0.13333333333333333,ZJM,0.3181818181818182,14.0,0.23333333333333334,7.0,"Although Ford is often credited with the idea, contemporary sources indicate that the concept and its development came from employees Clarence Avery, Peter E. Martin, Charles E. Sorensen, and C.H.",9,0.13333333333333333,4.0,44.0,30
99.3,120.5,477.7,268.1,938.9,2.2,0.09090909090909091,ZJM,0.22727272727272727,5.0,0.5454545454545454,6.0,Henry Ford advocated long-time associate Harry Bennett to take the spot.,10,0.09090909090909091,1.0,22.0,11
130.0,162.68421052631578,719.8421052631579,704.7894736842105,1024.960661268556,5.2105263157894735,0.05,ZJM,0.3838383838383838,38.0,0.8,16.0,"Edsel's widow Eleanor, who had inherited Edsel's voting stock, wanted her son Henry Ford II to take over the position.",11,0.05,1.0,99.0,20
129.53846153846155,152.96153846153845,313.96153846153845,274.4230769230769,962.3911172161172,2.230769230769231,0.1875,ZJM,0.3275862068965517,19.0,0.40625,13.0,"In 1879, he left home for the nearby city of Detroit to work as an apprentice machinist, first with James F. Flower & Bros., and later with the Detroit Dry Dock Co.",12,0.1875,6.0,58.0,32
108.6875,160.28125,428.46875,331.6875,969.5720982142857,2.8125,0.1111111111111111,ZJM,0.34444444444444444,31.0,0.5,18.0,"Alexander Rae Baldwin III (born April 3, 1958, in Massapequa, Long Island, New York, USA) is an American actor who is the oldest and best known of the ""Baldwin brothers"", with brothers Daniel, Stephen and William.",13,0.1111111111111111,4.0,90.0,36
127.42857142857143,127.42857142857143,230.42857142857142,182.42857142857142,993.5714285714286,1.5714285714285714,0.36363636363636365,ZJM,0.36363636363636365,4.0,0.18181818181818182,2.0,He is of three quarters Irish and one quarter French descent.,14,0.36363636363636365,4.0,11.0,11
127.56410256410257,148.87179487179486,218.15384615384616,190.94871794871796,911.9444444444445,1.435897435897436,0.1875,ZJM,0.2857142857142857,16.0,0.20833333333333334,10.0,"Baldwin has appeared in movies such as The Cooler, The Hunt for Red October, Beetlejuice, Ghosts of Mississippi, Talk Radio, Final Fantasy: The Spirits Within (voice), The Cat in the Hat, Pearl Harbor, Thomas and the Magic Railroad, Along Came Polly, The SpongeBob SquarePants Movie, and The Aviator.",15,0.1875,9.0,56.0,48
113.27272727272727,149.45454545454547,239.8181818181818,183.27272727272728,979.3181818181819,1.4545454545454546,0.42105263157894735,ZJM,0.25,4.0,0.10526315789473684,2.0,"When Baldwin was young, he had a job as a busboy at famous New York City disco Studio 54.",16,0.42105263157894735,8.0,16.0,19
159.85714285714286,172.0,229.71428571428572,229.71428571428572,918.0238095238094,1.5714285714285714,0.36363636363636365,ZJM,0.2727272727272727,3.0,0.2727272727272727,3.0,He was married to actress Kim Basinger from 1993 to 2002.,17,0.36363636363636365,4.0,11.0,11
121.52941176470588,126.17647058823529,167.94117647058823,141.94117647058823,980.3529411764706,1.1764705882352942,0.2608695652173913,ZJM,0.25,5.0,0.043478260869565216,1.0,"Baldwin, a liberal Democrat, has always had an active interest in politics and is frequently rumored to be a candidate for public office.",18,0.2608695652173913,6.0,20.0,23
116.29411764705883,140.76470588235293,152.58823529411765,152.58823529411765,947.2843137254903,1.2941176470588236,0.32,ZJM,0.18181818181818182,4.0,0.04,1.0,"In particular, Baldwin is one of the most frequent hosts of Saturday Night Live, leading the show eleven times and also making cameo appearances regularly.",19,0.32,8.0,22.0,25
177.75,186.33333333333334,362.1666666666667,313.5833333333333,948.4680555555556,2.1666666666666665,0.25,ZJM,0.4230769230769231,11.0,0.3125,5.0,He played William Barrett Travis in a movie about the Alamo called Thirteen Days of Glory.,20,0.25,4.0,26.0,16
118.53333333333333,123.33333333333333,187.93333333333334,179.86666666666667,977.571111111111,1.4666666666666666,0.16666666666666666,ZJM,0.3181818181818182,7.0,0.1111111111111111,2.0,"In 1998, he began narrating the American version of the children's series Thomas the Tank Engine and Friends.",21,0.16666666666666666,3.0,22.0,18
114.23076923076923,166.23076923076923,237.0,200.07692307692307,971.3839743589742,1.8461538461538463,0.23529411764705882,ZJM,0.375,18.0,0.14705882352941177,5.0,"He is infamous for his 1994 appearance on Saturday Night Live as he potrays Mr. Armstrong, a scoutmaster who is a pedophile, he rips his shirt and puts his mouth around Adam Sandler's neck.",22,0.23529411764705882,8.0,48.0,34
122.85714285714286,122.85714285714286,470.64285714285717,336.42857142857144,966.2380952380953,2.5714285714285716,0.125,ZJM,0.4722222222222222,17.0,0.5625,9.0,"Rosemary Clooney (May 23, 1928 - June 29, 2002) was an American popular singer and actress.",23,0.125,2.0,36.0,16
115.66666666666667,126.06666666666666,405.53333333333336,247.8,935.0853968253967,2.1333333333333333,0.11764705882352941,ZJM,0.34375,11.0,0.4117647058823529,7.0,"In 1954 she, along with Bing Crosby, Danny Kaye, and nVera-Ellen, starred in the movie White Christmas.",24,0.11764705882352941,2.0,32.0,17
130.25,185.875,263.25,256.375,949.0677083333334,1.9375,0.23809523809523808,ZJM,0.25806451612903225,8.0,0.2857142857142857,6.0,"Clooney's first recordings, in May of 1946 were for Columbia Records as a singer with the big band of Tony Pastor.",25,0.23809523809523808,5.0,31.0,21
121.36170212765957,177.10638297872342,480.74468085106383,340.40425531914894,929.9623146357189,2.893617021276596,0.11320754716981132,ZJM,0.33088235294117646,45.0,0.6415094339622641,34.0,"Rosemary Clooney was married three times, twice to Jose Ferrer (from 1953 until 1961 and then again from 1964 to 1967) by whom she had five children, including actor Miguel Ferrer, born in 1955, and Gabriel Ferrer, born 1956, who married Debby Boone, and once to Dante DePaolo (whom she married in 1997).",26,0.11320754716981132,6.0,136.0,53
115.6,159.2,344.26666666666665,321.1333333333333,971.3277777777779,2.6666666666666665,0.11764705882352941,ZJM,0.3,12.0,0.5882352941176471,10.0,"Rosemary, Betty, and brother, Nick, as well as her nephew, George Clooney (Nick's son), all became entertainers.",27,0.11764705882352941,2.0,40.0,17
140.91666666666666,161.0,246.75,212.91666666666666,992.1527777777778,1.5,0.2,ZJM,0.2777777777777778,5.0,0.2,3.0,In 1945 the Clooney sisters won a spot on Cincinnati's radio station WLW as singers.,28,0.2,3.0,18.0,15
129.6888888888889,180.6888888888889,338.5111111111111,305.97777777777776,907.0233333333334,2.3333333333333335,0.11764705882352941,ZJM,0.37142857142857144,39.0,0.43137254901960786,22.0,"She was born in Maysville, Kentucky, about 60 miles up the Ohio River from Cincinnati, Ohio to Andrew Joseph Clooney and Frances Marie Guilfoyle, both of whom were of Irish descent (Rosemary's paternal great-grandparents, Nicholas Clooney and Bridget Byron, were born in Ireland), although Clooney's paternal grandmother, Crescentia Koch, was German.",29,0.11764705882352941,6.0,105.0,51
106.28571428571429,127.14285714285714,247.71428571428572,223.42857142857142,908.9285714285714,2.0714285714285716,0.2631578947368421,ZJM,0.41379310344827586,12.0,0.42105263157894735,8.0,"In 1958, Clooney left Columbia, doing a number of recordings for MGM Records and then some for Coral Records.",30,0.2631578947368421,5.0,29.0,19
107.2,138.52,227.0,206.2,966.0906666666666,1.84,0.07407407407407407,ZJM,0.32608695652173914,15.0,0.4444444444444444,12.0,"Finally, toward the end of 1958, she signed with RCA Victor Records, where she stayed until 1963 except for doing some recordings in 1960 for Reprise Records.",31,0.07407407407407407,2.0,46.0,27
123.875,135.875,214.5,207.5,968.0729166666667,1.75,0.42857142857142855,ZJM,0.42857142857142855,6.0,0.21428571428571427,3.0,"In 1964 she went to Reprise again, shifting the next year to Dot Records.",32,0.42857142857142855,6.0,14.0,14
99.33333333333333,113.33333333333333,366.0,346.0,932.3055555555555,2.8333333333333335,0.25,ZJM,0.29411764705882354,5.0,0.75,6.0,In 1966 she went to United Artists Records.,33,0.25,2.0,17.0,8
120.8,174.3,266.2,214.0,1001.3466666666666,1.7,0.3333333333333333,ZJM,0.29411764705882354,5.0,0.06666666666666667,1.0,"In 1986 she sang a duet with Wild Man Fischer on ""It's a Hard Business"".",34,0.3333333333333333,5.0,17.0,15
113.38461538461539,147.84615384615384,659.0,331.0769230769231,972.6307692307693,2.8461538461538463,0.13333333333333333,ZJM,0.40540540540540543,15.0,0.6,9.0,"Michael McManus (born February 5, 1959) is a syndicated columnist who wrote Ethics & Religion.",35,0.13333333333333333,2.0,37.0,15
126.55555555555556,158.85185185185185,615.5555555555555,379.44444444444446,940.9863519196851,3.1481481481481484,0.12903225806451613,ZJM,0.3411764705882353,29.0,0.5483870967741935,17.0,"On January 28, 2005 it was revealed that he accepted money from the George W. Bush administration to promote their marriage initiative program, which he did not disclose to his readers.",36,0.12903225806451613,4.0,85.0,31
143.57142857142858,170.71428571428572,609.7142857142857,520.1428571428571,898.447619047619,3.7142857142857144,0.3,ZJM,0.38461538461538464,10.0,0.6,6.0,"Timothy Bush, Sr. (c. 1728 - c. 1815) - soldier.",37,0.3,3.0,26.0,10
94.23076923076923,104.6923076923077,286.2307692307692,269.53846153846155,948.476923076923,2.3846153846153846,0.23529411764705882,ZJM,0.22580645161290322,7.0,0.6470588235294118,11.0,"He is assumed to be the son of Richard Bush and Mary Fairbanks both of Dedham, Massachusetts.",38,0.23529411764705882,4.0,31.0,17
108.9047619047619,127.38095238095238,276.14285714285717,260.3333333333333,941.7857142857144,2.238095238095238,0.16,ZJM,0.3191489361702128,15.0,0.44,11.0,By training he was a blacksmith but when the American Revolution broke out militia Captain Bush led a company of soldiers for the Continental Army.,39,0.16,4.0,47.0,25
94.66666666666667,116.33333333333333,273.75,268.5833333333333,906.4416666666666,2.5,0.25,ZJM,0.4,12.0,0.3125,5.0,"The family moved around 1810 to Springport, in Cayuga County in the Rochester, New York area.",40,0.25,4.0,30.0,16
121.0,140.0,400.5,400.5,991.925,3.25,0.5,ZJM,0.38461538461538464,5.0,0.375,3.0,"He died in Springport, New York in 1815.",41,0.5,4.0,13.0,8
89.95,130.5,246.9,228.15,967.4541666666667,2.2,0.13043478260869565,ZJM,0.36363636363636365,16.0,0.5217391304347826,12.0,"Through his son Timothy Bush, Jr., who was also a blacksmith, descended two American Presidents -George H. W. Bush and George W. Bush.",42,0.13043478260869565,3.0,44.0,23
157.25,216.1,336.65,304.5,925.8196428571428,2.2,0.25925925925925924,ZJM,0.2727272727272727,12.0,0.25925925925925924,7.0,Bush was a soldier in the French and Indian Wars and a Captain in the American Revolution and is the great-great-great-great-great grandfather of president George W. Bush.,43,0.25925925925925924,7.0,44.0,27
105.28571428571429,158.07142857142858,334.64285714285717,281.7142857142857,901.3964285714285,2.5,0.3,ZJM,0.34285714285714286,12.0,0.5,10.0,"They had five children after which they relocated to Norwich, Vermont where Bush was a Captain of a militia company.",44,0.3,6.0,35.0,20
130.04347826086956,200.34782608695653,378.2608695652174,352.04347826086956,921.5949275362318,2.5652173913043477,0.17857142857142858,ZJM,0.3389830508474576,20.0,0.4642857142857143,13.0,"Anne Hutchinson (July 17, 1591 - August 20, 1643) was the unauthorized Puritan preacher of a dissident church discussion group, and pioneer in Rhode Island and the Bronx.",45,0.17857142857142858,5.0,59.0,28
103.6470588235294,138.0,205.64705882352942,194.0,965.7156862745096,1.6470588235294117,0.15,ZJM,0.25,7.0,0.3,6.0,"Eventually, John Winthrop decided to take Hutchinson out of power before her influence became too strong among the community's men.",46,0.15,3.0,28.0,20
133.68,177.76,402.16,292.8,1023.2133333333335,2.32,0.038461538461538464,ZJM,0.41379310344827586,24.0,0.5,13.0,After a two-day trial she was banished as a heretic in 1638 and led 60 followers to settle Aquidneck Island in what later became Rhode Island.,47,0.038461538461538464,1.0,58.0,26
98.83333333333333,134.5,290.3333333333333,252.66666666666666,1007.0833333333334,2.1666666666666665,0.25,ZJM,0.3076923076923077,4.0,0.375,3.0,"They founded the town of Portsmouth, Rhode Island.",48,0.25,2.0,13.0,8
91.77777777777777,91.77777777777777,393.44444444444446,294.0,934.7944444444444,2.6666666666666665,0.0,ZJM,0.3333333333333333,8.0,0.7777777777777778,7.0,"At the age of 21, she married William Hutchinson.",49,0.0,0.0,24.0,9
124.88888888888889,179.11111111111111,233.22222222222223,215.55555555555554,927.9814814814815,1.7777777777777777,0.35714285714285715,ZJM,0.25,4.0,0.21428571428571427,3.0,"They were part of the Puritan movement, especially following the teachings of John Cotton.",50,0.35714285714285715,5.0,16.0,14
117.82352941176471,174.11764705882354,373.88235294117646,293.29411764705884,929.7675070028012,2.2941176470588234,0.19047619047619047,ZJM,0.46153846153846156,18.0,0.3333333333333333,7.0,Three U.S. Presidents (Franklin D. Roosevelt and both Bushes - George H. W. Bush and George W. Bush) are her descendants.,51,0.19047619047619047,4.0,39.0,21
117.23809523809524,167.1904761904762,322.3809523809524,224.04761904761904,894.8095238095239,1.8095238095238095,0.27586206896551724,ZJM,0.2894736842105263,11.0,0.20689655172413793,6.0,"Another descendant, Eve LaPlante, is the author of the most recent biography of Anne Hutchinson, American Jezebel: The Uncommon Life of Anne Hutchinson, the Woman Who Defied the Puritans.",52,0.27586206896551724,8.0,38.0,29
133.25,170.66666666666666,690.9166666666666,610.5,862.7964285714287,4.25,0.07692307692307693,ZJM,0.37254901960784315,19.0,0.6923076923076923,9.0,"Hutchinson was born Anne Marbury on July 17, 1591 in Alford, Lincolnshire, England.",53,0.07692307692307693,1.0,51.0,13
128.84615384615384,224.53846153846155,326.38461538461536,290.38461538461536,884.6051282051283,2.230769230769231,0.23529411764705882,ZJM,0.27586206896551724,8.0,0.29411764705882354,5.0,"Hutchinson emigrated from England to Massachusetts in 1634, in response to the preacher John Cotton's doing so.",54,0.23529411764705882,4.0,29.0,17
105.85714285714286,179.85714285714286,251.64285714285714,212.85714285714286,873.3690476190476,1.8571428571428572,0.3,ZJM,0.2692307692307692,7.0,0.05,1.0,"She later moved yet further from her Boston-based persecutors, to what is now The Bronx in northern New York City.",55,0.3,6.0,26.0,20
128.33333333333334,151.83333333333334,513.875,341.7083333333333,873.4647817460318,2.7083333333333335,0.14285714285714285,ZJM,0.3384615384615385,22.0,0.6071428571428571,17.0,"Erin Fleming (August 13, 1941- April 15, 2003) was a minor actress who was best known as the companion and care-giver to Groucho Marx in his final years.",56,0.14285714285714285,4.0,65.0,28
115.16666666666667,193.33333333333334,358.5,328.1666666666667,873.7777777777777,2.3333333333333335,0.14285714285714285,ZJM,0.42857142857142855,6.0,0.42857142857142855,3.0,Fleming was born Marilyn Fleming in Canada.,57,0.14285714285714285,1.0,14.0,7
125.21052631578948,187.52631578947367,417.82456140350877,360.12280701754383,867.4564536340852,2.789473684210526,0.08064516129032258,ZJM,0.3836477987421384,61.0,0.41935483870967744,26.0,"Sir Andrew Fielding Huxley, OM, FRS (born 22 November 1917, Hampstead, London, England, UK) is a British physiologist and biophysicist, who won the 1963 Nobel Prize in Physiology or Medicine for his work with Alan Lloyd Hodgkin on the basis of nerve ""action potentials,"" the electrical impulses that enable the activity of an organism to be coordinated by a central nervous system.",58,0.08064516129032258,5.0,159.0,62
111.53333333333333,236.86666666666667,395.1333333333333,324.2,959.6755555555555,2.6,0.21052631578947367,ZJM,0.38461538461538464,15.0,0.3684210526315789,7.0,"Hodgkin and Huxley shared the prize that year with John Carew Eccles, who was cited for research on synapses.",59,0.21052631578947367,4.0,39.0,19
116.19354838709677,173.58064516129033,301.258064516129,259.61290322580646,926.6102150537633,2.096774193548387,0.1388888888888889,ZJM,0.36923076923076925,24.0,0.25,9.0,"Huxley was a son of the writer and editor Leonard Huxley by his second wife Rosalind Bruce, and hence half-brother of Aldous Huxley and fellow biologist Julian Huxley and grandson of the biologist T. H. Huxley.",60,0.1388888888888889,5.0,65.0,36
125.97142857142858,162.05714285714285,269.57142857142856,234.88571428571427,904.9797278911566,1.9428571428571428,0.2222222222222222,ZJM,0.39705882352941174,27.0,0.2222222222222222,10.0,"Albert Einstein (March 14, 1879 - April 18, 1955) was a German-born Jewish theoretical physicist of German, Swiss and American citizenship, who is widely regarded as the greatest scientist of the 20th century or even of all time, ranking alongside the luminaries Newton and Gauss.",61,0.2222222222222222,10.0,68.0,45
98.35,142.4,259.55,195.45,875.2065476190477,1.95,0.2857142857142857,ZJM,0.41025641025641024,16.0,0.21428571428571427,6.0,"He was awarded the 1921 Nobel Prize for Physics for his explanation of the photoelectric effect in 1905 (his ""miracle year"") and ""for his services to Theoretical Physics"".",62,0.2857142857142857,8.0,39.0,28
107.55555555555556,213.77777777777777,372.8888888888889,349.3333333333333,867.0174603174604,3.111111111111111,0.25,ZJM,0.42857142857142855,12.0,0.4166666666666667,5.0,Einstein attended the Luitpold Gymnasium where he received a relatively progressive education.,63,0.25,3.0,28.0,12
112.16216216216216,158.0,301.05405405405406,262.13513513513516,878.760617760618,2.108108108108108,0.22916666666666666,ZJM,0.2948717948717949,23.0,0.2708333333333333,13.0,"In the spring of 1896, the Serbian Mileva Maria (an acquaintance of Nikola Tesla) started initially as a medical student at the University of Zurich, but after a term switched to the same section as Einstein as the only woman that year to study for the same diploma.",64,0.22916666666666666,11.0,78.0,48
106.85714285714286,168.28571428571428,328.2857142857143,274.85714285714283,907.0238095238095,2.2857142857142856,0.125,ZJM,0.3125,5.0,0.625,5.0,"Einstein married Mileva Maria on January 6, 1903.",65,0.125,1.0,16.0,8
123.51351351351352,161.13513513513513,337.1081081081081,304.64864864864865,901.0882882882884,2.6216216216216215,0.1590909090909091,ZJM,0.38144329896907214,37.0,0.5454545454545454,24.0,"Abram Joffe, a Soviet physicist who knew Einstein, in an obituary of Einstein, wrote, ""The author of [the papers of 1905] was ... a bureaucrat at the Patent Office in Bern, Einstein-Maria"" and this has recently been taken as evidence of a collaborative relationship.",66,0.1590909090909091,7.0,97.0,44
100.0,131.44444444444446,196.22222222222223,185.55555555555554,910.574074074074,1.6666666666666667,0.25,ZJM,0.3333333333333333,5.0,0.25,3.0,"He and Mileva had an illegitimate daughter Lieserl, born in January 1902.",67,0.25,3.0,15.0,12
121.76470588235294,228.2941176470588,350.05882352941177,331.3529411764706,929.0068627450979,2.7058823529411766,0.10526315789473684,ZJM,0.391304347826087,18.0,0.631578947368421,12.0,"In 1894, following the failure of Hermann's electrochemical business, the Einsteins moved from Munich to Pavia, Italy (near Milan).",68,0.10526315789473684,2.0,46.0,19
122.16326530612245,168.57142857142858,242.3673469387755,227.10204081632654,853.8962585034013,1.7755102040816326,0.10909090909090909,ZJM,0.3333333333333333,29.0,0.23636363636363636,13.0,"Despite excelling in the mathematics and science portion, his failure of the liberal arts portion of the Eidgenoessische Technische Hochschule (ETH, Swiss Federal Institute of Technology, in Zurich) entrance exam the following year was a setback; his family sent him to Aarau, Switzerland, to finish secondary school, where he received his diploma in September 1896.",69,0.10909090909090909,6.0,87.0,55
146.9,146.9,468.35,433.45,1000.0636904761905,3.55,0.0,ZJM,0.38028169014084506,27.0,0.9,18.0,"Albert's sister Maja was to later marry their son Paul, and his friend Michele Besso married their other daughter Anna.",70,0.0,0.0,71.0,20
115.125,211.0,390.875,366.25,976.4181547619048,3.0,0.2727272727272727,ZJM,0.3333333333333333,8.0,0.2727272727272727,3.0,"The same year, he renounced his Wuerttemberg citizenship and became stateless.",71,0.2727272727272727,3.0,24.0,11
140.72727272727272,140.72727272727272,368.90909090909093,348.54545454545456,969.5530303030304,2.4545454545454546,0.15384615384615385,ZJM,0.4444444444444444,12.0,0.46153846153846156,6.0,"On May 14, 1904, the couple's first son, Hans Albert Einstein, was born.",72,0.15384615384615385,2.0,27.0,13
124.25,186.16666666666666,323.5,260.6666666666667,913.0166666666668,2.1666666666666665,0.14285714285714285,ZJM,0.3076923076923077,8.0,0.35714285714285715,5.0,"Einstein was born at Ulm in Baden-Wuerttemberg, Germany, about 100 km east of Stuttgart.",73,0.14285714285714285,2.0,26.0,14
100.52941176470588,167.23529411764707,335.70588235294116,184.41176470588235,949.8823529411765,1.8235294117647058,0.22727272727272727,ZJM,0.3225806451612903,10.0,0.13636363636363635,3.0,"The family was Jewish (non-observant); Albert attended a Catholic elementary school and, at the insistence of his mother, was given violin lessons.",74,0.22727272727272727,5.0,31.0,22
113.89473684210526,199.57894736842104,261.3157894736842,251.57894736842104,925.9429824561403,1.894736842105263,0.20833333333333334,ZJM,0.3611111111111111,13.0,0.125,3.0,"Miguel Ferrer (born February 7, 1955 in Santa Monica, California) is a Puerto Rican-American actor who is often cast in movies as a villain.",75,0.20833333333333334,5.0,36.0,24
102.53333333333333,137.6,239.26666666666668,209.86666666666667,962.25,1.6666666666666667,0.21052631578947367,ZJM,0.32,8.0,0.15789473684210525,3.0,"In 1983, Miguel was given a small part as a waiter in the movie The Man Who Wasn't There.",76,0.21052631578947367,4.0,25.0,19
113.88235294117646,128.23529411764707,187.58823529411765,138.2941176470588,1006.8970588235294,1.2941176470588236,0.15,ZJM,0.2727272727272727,6.0,0.1,2.0,He was also given a small part in Star Trek III: The Search for Spock as the Excelsior helm officer.,77,0.15,3.0,22.0,20
147.28571428571428,182.92857142857142,421.5,368.92857142857144,937.2345238095239,2.642857142857143,0.17647058823529413,ZJM,0.40540540540540543,15.0,0.35294117647058826,6.0,Miguel was the oldest of five children born to Oscar winner Jose Ferrer and singer Rosemary Clooney-Ferrer.,78,0.17647058823529413,3.0,37.0,17
115.2,140.8,522.5,245.3,983.0899999999999,2.1,0.09090909090909091,ZJM,0.3333333333333333,7.0,0.5454545454545454,6.0,Miguel was raised amongst all the splendor and glamour of Hollywood.,79,0.09090909090909091,1.0,21.0,11
90.45454545454545,113.18181818181819,139.72727272727272,139.72727272727272,1012.0303030303031,1.4545454545454546,0.3125,ZJM,0.25,4.0,0.125,2.0,"As a child, his hero was Batman, and as a teenager his interests shifted towards music.",80,0.3125,5.0,16.0,16
122.36363636363636,136.0,285.45454545454544,223.0,942.3484848484848,1.9090909090909092,0.08333333333333333,ZJM,0.3333333333333333,7.0,0.4166666666666667,5.0,Miguel played the drums on Keith Moon's Two Sides of the Moon.,81,0.08333333333333333,1.0,21.0,12
128.42857142857142,132.14285714285714,316.6666666666667,247.14285714285714,925.5825396825397,1.9523809523809523,0.2222222222222222,ZJM,0.3902439024390244,16.0,0.37037037037037035,10.0,"Band mate Billy Mumy (""Will Robinson"" on the T.V. classic Lost In Space) cast Miguel as a drummer in his first television role, in the series Sunshine.",82,0.2222222222222222,6.0,41.0,27
110.95238095238095,152.85714285714286,183.1904761904762,164.9047619047619,870.2936507936508,1.4761904761904763,0.2222222222222222,ZJM,0.2903225806451613,9.0,0.1111111111111111,3.0,"Among the many television shows in which Miguel has made guest appearances are: Miami Vice, CHiPs, Will & Grace, Superman, Tales from the Crypt and Twin Peaks.",83,0.2222222222222222,6.0,31.0,27
129.83333333333334,140.5,246.16666666666666,151.83333333333334,816.8333333333334,1.3333333333333333,0.3333333333333333,ZJM,0.25,2.0,0.1111111111111111,1.0,He also starred in the mini series The Stand.,84,0.3333333333333333,3.0,8.0,9
118.45454545454545,138.54545454545453,271.8181818181818,247.9090909090909,852.9924242424241,2.0,0.15384615384615385,ZJM,0.4090909090909091,9.0,0.38461538461538464,5.0,Miguel played the role of Dr. Garret Macy in NBC's drama Crossing Jordan.,85,0.15384615384615385,2.0,22.0,13
116.9090909090909,161.95454545454547,220.86363636363637,209.72727272727272,921.7348484848485,1.7272727272727273,0.15384615384615385,ZJM,0.3684210526315789,14.0,0.19230769230769232,5.0,"In 1999, at the 41st Grammy Awards, Miguel was nominated for ""Best Spoken Word Album for Children"" in Disney's The Lion King II, ""Simba's Pride Read-Along"".",86,0.15384615384615385,4.0,38.0,26
108.08333333333333,199.08333333333334,243.0,199.08333333333334,883.7152777777778,1.5833333333333333,0.25,ZJM,0.3157894736842105,6.0,0.0,0.0,"In 2003, Miguel made his New York stage debut in the Off-Broadway production of The Exonerated.",87,0.25,4.0,19.0,16
169.0,169.0,347.1666666666667,258.8333333333333,921.9583333333334,1.8333333333333333,0.0,ZJM,0.36363636363636365,4.0,0.5,3.0,His cousin is actor George Clooney.,88,0.0,0.0,11.0,6
145.625,198.125,376.5,360.5,874.8875,2.375,0.2,ZJM,0.42105263157894735,8.0,0.4,4.0,His brother Gabriel Ferrer is married to singer Debby Boone.,89,0.2,2.0,19.0,10
119.83333333333333,211.91666666666666,374.25,320.25,867.0138888888888,2.5,0.3333333333333333,ZJM,0.26666666666666666,8.0,0.4444444444444444,8.0,Miguel was close friends with actress Dominique Dunne and in 1982 served as a pallbearer in her funeral.,90,0.3333333333333333,6.0,30.0,18
118.9375,236.5625,402.5625,394.5625,873.6696428571429,3.0,0.15789473684210525,ZJM,0.3541666666666667,17.0,0.3684210526315789,7.0,"William Hindman (April 1, 1743 - January 19, 1822) was an American lawyer and statesman from Talbot County, Maryland.",91,0.15789473684210525,3.0,48.0,19
125.93333333333334,180.93333333333334,236.26666666666668,225.2,874.6944444444446,1.8,0.21052631578947367,ZJM,0.2962962962962963,8.0,0.15789473684210525,3.0,"He represented Maryland in the Continental Congress, and in the federal Congress as both the Representative and a U.S.",92,0.21052631578947367,4.0,27.0,19
115.1,143.1,253.2,245.6,926.0333333333334,1.8,0.16666666666666666,ZJM,0.3333333333333333,6.0,0.25,3.0,"Senator James Lloyd resigned, and Hindman was named to finish his term.",93,0.16666666666666666,2.0,18.0,12
99.81818181818181,130.63636363636363,238.72727272727272,144.45454545454547,930.7727272727273,1.4545454545454546,0.26666666666666666,ZJM,0.3125,5.0,0.06666666666666667,1.0,He served in the United States Senate from December of 1800 until November of 1801.,94,0.26666666666666666,4.0,16.0,15
108.85714285714286,108.85714285714286,253.28571428571428,147.57142857142858,948.1428571428571,1.2857142857142858,0.2222222222222222,ZJM,0.4444444444444444,4.0,0.2222222222222222,2.0,"In the Senate, he was aligned with the Federalists.",95,0.2222222222222222,2.0,9.0,9
103.05,186.75,648.0,304.6,918.4433333333334,2.6,0.0,ZJM,0.36538461538461536,19.0,0.6,12.0,"William was born in Dorchester County, Maryland, the second son of Jacob Hindman (1713-1766) and Mary Trippe Hindman (died 1782).",96,0.0,0.0,52.0,20
110.25,155.75,275.1666666666667,263.75,891.5805555555554,2.0833333333333335,0.2,ZJM,0.4,10.0,0.26666666666666666,4.0,"William studied law at the Inns of Court in London, returning to Maryland in 1765.",97,0.2,3.0,25.0,15
140.66666666666666,163.11111111111111,212.44444444444446,190.44444444444446,898.1666666666666,1.3333333333333333,0.35714285714285715,ZJM,0.25,3.0,0.07142857142857142,1.0,"Hindman died in Baltimore, Maryland and is buried in St. Paul�s Burial Ground there.",98,0.35714285714285715,5.0,12.0,14
104.57142857142857,184.8095238095238,230.61904761904762,225.47619047619048,944.8945578231293,1.8095238095238095,0.25,ZJM,0.23684210526315788,9.0,0.10714285714285714,3.0,"In 1792 voters returned him the state Senate, but later that year he was appointed to the United States House of Representatives after the resignation of Joshua Seney.",99,0.25,7.0,38.0,28
103.92857142857143,203.21428571428572,395.5,350.2142857142857,933.1107142857143,2.9285714285714284,0.2222222222222222,ZJM,0.3170731707317073,13.0,0.3888888888888889,7.0,"From 1775 and 1777, Hindman served in Maryland�s revolutionary government, as the state�s Treasurer for the Eastern Shore.",100,0.2222222222222222,4.0,41.0,18
105.38888888888889,134.22222222222223,312.5,283.8333333333333,941.462037037037,2.2222222222222223,0.3076923076923077,ZJM,0.325,13.0,0.3076923076923077,8.0,"Clive Jay Davis (born April 4, 1934) is the founder of Arista Records, and member of the Rock and Roll Hall of Fame as a nonperformer.",101,0.3076923076923077,8.0,40.0,26
128.0,188.53846153846155,299.84615384615387,226.23076923076923,922.7948717948718,1.6153846153846154,0.07142857142857142,ZJM,0.38095238095238093,8.0,0.14285714285714285,2.0,"He was a working class Jewish boy who grew up in Brooklyn, New York.",102,0.07142857142857142,1.0,21.0,14
113.94444444444444,156.22222222222223,295.3888888888889,226.55555555555554,931.9657407407407,1.7777777777777777,0.14285714285714285,ZJM,0.375,12.0,0.23809523809523808,5.0,He graduated from New York University`s College of Arts and Sciences in 1953 and received a scholarship to Harvard Law School.,103,0.14285714285714285,3.0,32.0,21
97.42857142857143,142.57142857142858,327.42857142857144,327.42857142857144,909.047619047619,2.0,0.46153846153846156,ZJM,0.2857142857142857,4.0,0.3076923076923077,4.0,He was then hired by the legal department of CBS subsidiary Columbia Records.,104,0.46153846153846156,6.0,14.0,13
112.72727272727273,175.45454545454547,288.27272727272725,274.27272727272725,930.9318181818181,2.6363636363636362,0.21428571428571427,ZJM,0.3793103448275862,11.0,0.42857142857142855,6.0,"In 1974, he founded Arista Records, naming it after his secondary school honor society.",105,0.21428571428571427,3.0,29.0,14
144.11111111111111,207.55555555555554,393.94444444444446,360.5,901.5185185185186,2.4444444444444446,0.25,ZJM,0.38636363636363635,17.0,0.25,6.0,"Erasmus Darwin (December 12, 1731 - April 18, 1802) trained as a physician and wrote extensively on medicine and botany, as well as poetry.",106,0.25,6.0,44.0,24
107.28571428571429,140.14285714285714,230.57142857142858,173.85714285714286,932.2619047619048,1.5714285714285714,0.0,ZJM,0.36363636363636365,4.0,0.2857142857142857,2.0,"He lived in Lichfield and Derby, England.",107,0.0,0.0,11.0,7
84.71428571428571,84.71428571428571,238.85714285714286,185.57142857142858,912.8571428571429,1.8571428571428572,0.36363636363636365,ZJM,0.38461538461538464,5.0,0.45454545454545453,5.0,He was one of the founder members of the Lunar Society.,108,0.36363636363636365,4.0,13.0,11
117.0,182.92307692307693,443.0769230769231,312.6923076923077,900.0137362637363,2.4615384615384617,0.13333333333333333,ZJM,0.34375,11.0,0.6,9.0,"He was a member of the Darwin-Wedgwood family, most famously including his grandson, Charles Darwin.",109,0.13333333333333333,2.0,32.0,15
134.6,177.25,305.2,289.85,873.83125,2.25,0.047619047619047616,ZJM,0.3111111111111111,14.0,0.42857142857142855,9.0,"He was born near at Elston Hall near Nottingham, and educated at Chesterfield School then later at St. John's College, Cambridge.",110,0.047619047619047616,1.0,45.0,21
98.0,189.14285714285714,260.57142857142856,219.85714285714286,884.25,1.8571428571428572,0.125,ZJM,0.38461538461538464,5.0,0.125,1.0,He obtained his degree at Edinburgh Medical School.,111,0.125,1.0,13.0,8
116.5,164.61111111111111,285.1111111111111,219.66666666666666,872.0111111111112,1.7777777777777777,0.14285714285714285,ZJM,0.21875,7.0,0.2857142857142857,6.0,He practised medicine in Lichfield in Staffordshire for twenty years; George III invited him to be royal physician but he declined.,112,0.14285714285714285,3.0,32.0,21
159.5,181.14285714285714,279.64285714285717,229.14285714285714,899.1964285714286,1.5,0.125,ZJM,0.42857142857142855,9.0,0.1875,3.0,"In 1781 he moved to Derby, where he died suddenly on the 18th of April 1802.",113,0.125,2.0,21.0,16
112.52631578947368,193.81578947368422,268.7368421052632,254.05263157894737,870.8842105263158,2.1842105263157894,0.2549019607843137,ZJM,0.3132530120481928,26.0,0.2549019607843137,13.0,"His most important scientific work is his Zoonomia (1794-1796), which contains a system of pathology, and a treatise on ""generation,"" in which he, in the words of his famous grandson, Charles Robert Darwin, anticipated the views of Jean-Baptiste Lamarck, who in turn is regarded to have foreshadowed the theory of evolution.",114,0.2549019607843137,13.0,83.0,51
138.0,138.0,138.0,138.0,780.0,1.0,0.9444444444444444,ZJM,0.0,0.0,0.0,0.0,"Eunice Mary Kennedy Shriver (born July 10, 1921 in Brookline, Massachusetts) is a member of the Kennedy family.",115,0.9444444444444444,17.0,1.0,18
147.91666666666666,163.25,447.8333333333333,406.0,1093.4479166666667,2.75,0.07692307692307693,ZJM,0.42424242424242425,14.0,0.6923076923076923,9.0,"Her father was Joseph P. Kennedy, Sr., and her mother was Rose Kennedy.",116,0.07692307692307693,1.0,33.0,13
138.72727272727272,249.13636363636363,389.0,375.0,951.5249999999997,2.590909090909091,0.18518518518518517,ZJM,0.2982456140350877,17.0,0.4444444444444444,12.0,"On May 23, 1953, she married Robert Sargent Shriver, Jr., who was U.S. ambassador to France from 1968 to 1970, and was Democratic vice-presidential candidate in 1972.",117,0.18518518518518517,5.0,57.0,27
123.05263157894737,171.52631578947367,284.57894736842104,231.78947368421052,934.9429824561403,1.7894736842105263,0.09523809523809523,ZJM,0.38235294117647056,13.0,0.2857142857142857,6.0,"She actively campaigned for her brother John F. Kennedy, and supported Arnold Schwarzenegger's successful bid for governor of California in 2003.",118,0.09523809523809523,2.0,34.0,21
165.875,197.5,386.25,354.375,949.8333333333334,2.5,0.0,ZJM,0.35,7.0,0.625,5.0,"King married Coretta Scott on June 18, 1953.",119,0.0,0.0,20.0,8
113.06666666666666,174.4,327.8,232.13333333333333,927.9666666666667,2.0,0.16666666666666666,ZJM,0.4,12.0,0.3333333333333333,6.0,"The wedding ceremony took place in Scott's parents' house in Marion, Alabama, and was performed by King's father.",120,0.16666666666666666,3.0,30.0,18
138.08333333333334,217.41666666666666,522.75,351.25,967.5208333333334,2.5833333333333335,0.2,ZJM,0.41935483870967744,13.0,0.26666666666666666,4.0,"In 1953, King became the pastor of the Dexter Avenue Baptist Church in Montgomery, Alabama.",121,0.2,3.0,31.0,15
138.91666666666666,205.54166666666666,276.2083333333333,267.9166666666667,890.6979166666666,2.125,0.1724137931034483,ZJM,0.27450980392156865,14.0,0.3103448275862069,9.0,"The Reverend Martin Luther King, Jr. Ph.D., Boston University (January 15, 1929 - April 4, 1968) was an American Nobel Laureate, Baptist minister, and African American civil rights activist.",122,0.1724137931034483,5.0,51.0,29
119.25,135.75,195.0,135.75,911.625,1.125,0.1111111111111111,ZJM,0.2222222222222222,2.0,0.0,0.0,He also was awarded the Presidential Medal of Freedom.,123,0.1111111111111111,1.0,9.0,9
126.78787878787878,184.8181818181818,282.8484848484849,253.21212121212122,865.131313131313,1.9090909090909092,0.23255813953488372,ZJM,0.31746031746031744,20.0,0.2558139534883721,11.0,"Following the campaign, King was instrumental in the founding of the Southern Christian Leadership Conference (SCLC) in 1957, a group created to harness the moral authority and organizing power of black churches to conduct nonviolent protests in the service of civil rights reform.",124,0.23255813953488372,10.0,63.0,43
125.0952380952381,187.76190476190476,209.23809523809524,204.47619047619048,865.1071428571429,1.7619047619047619,0.19230769230769232,ZJM,0.2702702702702703,10.0,0.11538461538461539,3.0,"The organization's nonviolent principles were criticized by the younger, more radical blacks and challenged by the Student Nonviolent Coordinating Committee (SNCC) then headed by James Foreman.",125,0.19230769230769232,5.0,37.0,26
94.46153846153847,129.53846153846155,208.15384615384616,183.07692307692307,883.5512820512821,1.6923076923076923,0.23529411764705882,ZJM,0.3181818181818182,7.0,0.17647058823529413,3.0,"King was born in Atlanta, Georgia to the Rev. Martin Luther King, Sr. and Alberta Williams King.",126,0.23529411764705882,4.0,22.0,17
131.8181818181818,160.54545454545453,251.9090909090909,210.72727272727272,882.6757575757576,1.7272727272727273,0.26666666666666666,ZJM,0.3157894736842105,6.0,0.2,3.0,He graduated from Morehouse College with a Bachelor of Arts degree in Sociology in 1948.,127,0.26666666666666666,4.0,19.0,15
143.33333333333334,200.83333333333334,261.44444444444446,261.44444444444446,827.4351851851851,1.8888888888888888,0.3076923076923077,ZJM,0.29411764705882354,10.0,0.11538461538461539,3.0,"His application to Yale Divinity School was rejected, and he graduated from Crozer Theological Seminary in Chester, Pennsylvania [1] with a Bachelor of Divinity in 1951.",128,0.3076923076923077,8.0,34.0,26
122.44444444444444,229.55555555555554,317.44444444444446,229.55555555555554,844.9444444444445,1.7777777777777777,0.25,ZJM,0.25,4.0,0.0,0.0,He received his Ph.D. in Systematic theology from Boston University in 1955.,129,0.25,3.0,16.0,12
172.83333333333334,181.41666666666666,347.1666666666667,324.0,942.5277777777778,2.0,0.14285714285714285,ZJM,0.2916666666666667,7.0,0.42857142857142855,6.0,"Gail Davis (born October 5, 1925; died March 15, 1997) was an American actress.",130,0.14285714285714285,2.0,24.0,14
139.92592592592592,168.5185185185185,223.5185185185185,195.03703703703704,879.432098765432,1.4814814814814814,0.15625,ZJM,0.3,12.0,0.15625,5.0,"She and her husband moved to Hollywood, California to pursue a career in motion pictures and in 1947, as ""Gail Davis,"" she made her motion picture debut in a comedy film short.",131,0.15625,5.0,40.0,32
113.76,135.72,196.28,154.52,867.7933333333334,1.4,0.10714285714285714,ZJM,0.2857142857142857,10.0,0.14285714285714285,4.0,She then appeared in minor roles in another four films until landing a supporting role under star Roy Rogers in a 1948 Western film called The Far Frontier.,132,0.10714285714285714,3.0,35.0,28
122.27586206896552,149.72413793103448,198.3448275862069,187.9655172413793,872.1781609195401,1.4827586206896552,0.14705882352941177,ZJM,0.2558139534883721,11.0,0.14705882352941177,5.0,"Between then and 1953, Davis appeared in more than three dozen films, of which all but three were in the Western genre and that included fourteen films with the singing cowboy star, Gene Autry.",133,0.14705882352941177,5.0,43.0,34
128.30434782608697,168.2608695652174,216.08695652173913,194.1304347826087,854.9710144927536,1.5217391304347827,0.23333333333333334,ZJM,0.2571428571428571,9.0,0.13333333333333333,4.0,"In 1950, she began to guest star in television Westerns, notably in the ""Lone Ranger"" and ""Cisco Kid"" series plus more than a dozen appearances on the ""Gene Autry Show"".",134,0.23333333333333334,7.0,35.0,30
136.54545454545453,162.45454545454547,194.3181818181818,169.13636363636363,880.1060606060607,1.2727272727272727,0.08333333333333333,ZJM,0.21428571428571427,6.0,0.08333333333333333,2.0,"Gail Davis passed away from cancer in 1997 in Los Angeles, California and was interred there in the Forest Lawn - Hollywood Hills Cemetery.",135,0.08333333333333333,2.0,28.0,24
128.11111111111111,162.33333333333334,434.6111111111111,364.44444444444446,879.1699735449736,2.7777777777777777,0.14285714285714285,ZJM,0.38,19.0,0.6666666666666666,14.0,"The daughter of a small town medical doctor, she was born Betty Jeanne Grayson in a hospital at Little Rock, Arkansas.",136,0.14285714285714285,3.0,50.0,21
106.54545454545455,186.1818181818182,363.90909090909093,332.3636363636364,980.3333333333333,2.272727272727273,0.3125,ZJM,0.4,10.0,0.25,4.0,"Her family lived in McGehee, Arkansas where she was raised until they moved to Little Rock.",137,0.3125,5.0,25.0,16
163.74193548387098,218.58064516129033,285.7096774193548,280.35483870967744,947.459677419355,1.903225806451613,0.225,ZJM,0.288135593220339,17.0,0.275,11.0,"She had been singing and dancing since childhood and after graduating from high scool in Little Rock, she went to study drama at girl's college in Bryn Mawr, Pennsylvania before completing her education at the University of Texas in Austin.",138,0.225,9.0,59.0,40
101.33333333333333,149.28571428571428,188.61904761904762,171.71428571428572,897.202380952381,1.4761904761904763,0.08695652173913043,ZJM,0.2903225806451613,9.0,0.17391304347826086,4.0,"Between 1954 and 1956, Gail Davis starred as the Western sharpshooter, Annie Oakley in the Annie Oakley television series on the ABC network.",139,0.08695652173913043,2.0,31.0,23
103.26086956521739,146.52173913043478,222.65217391304347,215.91304347826087,862.431884057971,1.8695652173913044,0.23333333333333334,ZJM,0.32558139534883723,14.0,0.3,9.0,"Elvis Aron Presley (January 8, 1935 - August 16, 1977), also known as The King of Rock and Roll (sometimes shortened to The King) was an American singer and actor.",140,0.23333333333333334,7.0,43.0,30
97.88888888888889,135.38888888888889,206.11111111111111,175.61111111111111,856.2592592592592,1.6111111111111112,0.14285714285714285,ZJM,0.27586206896551724,8.0,0.23809523809523808,5.0,"The movies Jailhouse Rock (1957), King Creole (1958), and Flaming Star (1960) are widely regarded as his best among film critics.",141,0.14285714285714285,3.0,29.0,21
109.16666666666667,134.33333333333334,217.08333333333334,210.0,865.2569444444443,1.9166666666666667,0.14285714285714285,ZJM,0.2608695652173913,6.0,0.35714285714285715,5.0,"Among fans, Blue Hawaii (1961) and Viva Las Vegas (1964) are also highly praised.",142,0.14285714285714285,2.0,23.0,14
120.38888888888889,189.11111111111111,221.0,216.55555555555554,862.8981481481482,1.6666666666666667,0.14285714285714285,ZJM,0.26666666666666666,8.0,0.19047619047619047,4.0,"Elvis Aron Presley was born in a two-room house in East Tupelo, Mississippi to Vernon Elvis Presley and Gladys Love Smith.",143,0.14285714285714285,3.0,30.0,21
122.08333333333333,144.04166666666666,188.25,168.875,833.9305555555557,1.4166666666666667,0.1111111111111111,ZJM,0.29411764705882354,10.0,0.14814814814814814,4.0,"Elvis Presley was raised both in East Tupelo (which merged with Tupelo in 1948) and later in Memphis, Tennessee, where his family moved when he was 13.",144,0.1111111111111111,3.0,34.0,27
108.0,167.77777777777777,333.3333333333333,325.1111111111111,849.6018518518517,3.0,0.25,ZJM,0.2962962962962963,8.0,0.5833333333333334,7.0,Elvis had a twin brother (Jesse Garon Presley) who died at birth.,145,0.25,3.0,27.0,12
129.7826086956522,177.82608695652175,210.3913043478261,191.52173913043478,883.2173913043479,1.4782608695652173,0.17857142857142858,ZJM,0.23529411764705882,8.0,0.07142857142857142,2.0,"Beginning with Love Me Tender (opened on November 15, 1956), Presley starred in 31 motion pictures, having signed to multiple long-term contracts on the advice of his manager.",146,0.17857142857142858,5.0,34.0,28
104.29411764705883,128.11764705882354,175.0,151.23529411764707,880.4117647058823,1.411764705882353,0.10526315789473684,ZJM,0.375,9.0,0.15789473684210525,3.0,"Elvis was praised by all his directors, including the highly respected Michael Curtiz, as unfailingly polite and extremely hardworking.",147,0.10526315789473684,2.0,24.0,19
116.67647058823529,183.05882352941177,271.97058823529414,252.52941176470588,837.3272058823529,1.9411764705882353,0.17073170731707318,ZJM,0.2727272727272727,18.0,0.21951219512195122,9.0,"Niels Fabian Helge von Koch (January 25, 1870 - March 11, 1924) was a Swedish mathematician, who gave his name to the famous fractal known as the Koch curve, which was one of the earliest fractal curves to have been described.",148,0.17073170731707318,7.0,66.0,41
93.45454545454545,216.36363636363637,333.27272727272725,323.0,954.5666666666665,2.8181818181818183,0.15384615384615385,ZJM,0.3548387096774194,11.0,0.23076923076923078,3.0,"His grandfather, Nils Samuel von Koch (1801-1881), was the Attorney-General (""Justitiekansler"") of Sweden.",149,0.15384615384615385,2.0,31.0,13
125.5,151.8125,375.0625,342.8125,943.8395833333334,2.5,0.15789473684210525,ZJM,0.35,14.0,0.3157894736842105,6.0,"John Quincy Adams (July 11, 1767 - February 23, 1848) was the sixth (1825-1829) President of the United States.",150,0.15789473684210525,3.0,40.0,19
132.17241379310346,166.27586206896552,250.89655172413794,217.6551724137931,957.0229885057471,1.6896551724137931,0.09375,ZJM,0.32653061224489793,16.0,0.3125,10.0,"The son of President John Adams and First Lady Abigail Smith, he was the only son of a former President to become President himself until George W. Bush took office in 2001.",151,0.09375,3.0,49.0,32
121.38709677419355,191.5483870967742,270.06451612903226,255.19354838709677,898.9016129032258,2.032258064516129,0.20512820512820512,ZJM,0.2857142857142857,18.0,0.2564102564102564,10.0,"He was Secretary of State in the Cabinet of President James Monroe from 1817 to 1825, a tenure during which he was instrumental in the acquisition of Florida and in keeping the United States from becoming dependent on England.",152,0.20512820512820512,8.0,63.0,39
126.875,148.75,209.0,192.875,920.875,1.625,0.2,ZJM,0.23076923076923078,3.0,0.2,2.0,Adams's son Charles Francis also pursued a career in politics.,153,0.2,2.0,13.0,10
125.6,165.5,272.8666666666667,236.9,863.3986111111112,1.9666666666666666,0.0,ZJM,0.3050847457627119,18.0,0.36666666666666664,11.0,"While serving as Secretary of State under President James Monroe, Adams negotiated the Adams-Onis Treaty with Spain and devised the Monroe Doctrine, both of which were of long lasting importance.",154,0.0,0.0,59.0,30
118.4,154.46666666666667,237.33333333333334,217.73333333333332,877.5666666666667,1.7333333333333334,0.21052631578947367,ZJM,0.23076923076923078,6.0,0.3157894736842105,6.0,"Adams was born in Braintree, Massachusetts in a part of town which eventually became the separate town of Quincy.",155,0.21052631578947367,4.0,26.0,19
111.38235294117646,137.7058823529412,190.52941176470588,162.52941176470588,870.6764705882352,1.3823529411764706,0.15,ZJM,0.2765957446808511,13.0,0.075,3.0,He acquired his early education in Europe at venerable institutions such as the University of Leiden while accompanying his father while the elder Adams was serving as an American envoy to France and later the Netherlands during the Revolutionary War.,156,0.15,6.0,47.0,40
97.0909090909091,136.1818181818182,194.0909090909091,178.27272727272728,852.0,1.3636363636363635,0.21428571428571427,ZJM,0.26666666666666666,4.0,0.14285714285714285,2.0,He graduated from Harvard University in 1787 and was elected to Phi Beta Kappa.,157,0.21428571428571427,3.0,15.0,14
102.66666666666667,142.22222222222223,164.33333333333334,142.22222222222223,878.8333333333334,1.4444444444444444,0.4375,ZJM,0.15384615384615385,2.0,0.0,0.0,He studied law after which he was admitted to the bar and commenced practice in Boston.,158,0.4375,7.0,13.0,16
139.4375,201.4375,355.125,324.125,869.409375,2.5625,0.36,ZJM,0.34146341463414637,14.0,0.44,11.0,"Adams was elected to the U.S. House of Representatives in 1830, one of only two U.S. Presidents to serve in Congress after having been President.",159,0.36,9.0,41.0,25
118.63636363636364,141.3409090909091,215.63636363636363,178.52272727272728,862.6628787878788,1.4772727272727273,0.18518518518518517,ZJM,0.35384615384615387,23.0,0.18518518518518517,10.0,"Although Adams lost in both the popular and electoral votes in the Presidential election of 1824, none of the candidates were able to secure a majority of the electoral vote, thereby putting the outcome in the hands of the House of Representatives, which to the surprise of many elected Adams over rival Andrew Jackson.",160,0.18518518518518517,10.0,65.0,54
101.23809523809524,101.23809523809524,173.14285714285714,134.76190476190476,868.1666666666666,1.2380952380952381,0.19230769230769232,ZJM,0.3076923076923077,8.0,0.19230769230769232,5.0,"Some say this was because of a bargain he struck with Henry Clay, which put Clay into office as his Secretary of State once Adams won.",161,0.19230769230769232,5.0,26.0,26
127.57142857142857,165.92857142857142,239.32142857142858,201.35714285714286,858.6666666666666,1.6071428571428572,0.17647058823529413,ZJM,0.3111111111111111,14.0,0.14705882352941177,5.0,"During this time he worked on developing a federal system of roads, canals, bridges, lighthouses, and universities until Jackson, who defeated Adams in the latter's quest for re-election, was sworn in to replace him.",162,0.17647058823529413,6.0,45.0,34
127.70588235294117,174.8235294117647,358.70588235294116,345.2352941176471,864.5677871148459,2.3529411764705883,0.22727272727272727,ZJM,0.275,11.0,0.4090909090909091,9.0,"President George Washington appointed him Minister to the Netherlands in 1794, Minister to Portugal in 1796 and Minister to Prussia in 1797.",163,0.22727272727272727,5.0,40.0,22
132.92857142857142,178.07142857142858,265.0,230.85714285714286,902.2202380952382,1.7857142857142858,0.125,ZJM,0.28,7.0,0.3125,5.0,"While serving abroad, he met Louisa Catherine Johnson, the daughter of an American merchant living abroad.",164,0.125,2.0,25.0,16
131.22222222222223,206.11111111111111,334.77777777777777,256.6666666666667,900.7407407407406,1.5555555555555556,0.18181818181818182,ZJM,0.42857142857142855,6.0,0.18181818181818182,2.0,Adams received one electoral vote in the presidential election of 1820.,165,0.18181818181818182,2.0,14.0,11
115.0,160.8846153846154,299.84615384615387,226.92307692307693,888.7991452991453,1.8846153846153846,0.16129032258064516,ZJM,0.30612244897959184,15.0,0.3225806451612903,10.0,"Rather than retire, Adams would go on to win election as a Democratic-Republican to the House of Representatives beginning with the 22nd Congress, serving from March 4, 1831, until his death.",166,0.16129032258064516,5.0,49.0,31
153.8235294117647,185.88235294117646,448.6470588235294,395.0,907.0366946778712,2.7058823529411766,0.15,ZJM,0.391304347826087,18.0,0.55,11.0,"Aldous Leonard Huxley (July 26, 1894 - November 22, 1963) was a British writer who emigrated to the United States.",167,0.15,3.0,46.0,20
110.3076923076923,126.53846153846153,163.69230769230768,131.6153846153846,946.0769230769231,1.1538461538461537,0.23529411764705882,ZJM,0.26666666666666666,4.0,0.058823529411764705,1.0,He was a member of the famous Huxley family who produced a number of brilliant scientific minds.,168,0.23529411764705882,4.0,15.0,17
145.95454545454547,209.13636363636363,294.0,272.90909090909093,866.9651515151515,1.9090909090909092,0.043478260869565216,ZJM,0.30952380952380953,13.0,0.30434782608695654,7.0,"He wrote great novels on dehumanising aspects of scientific progress, most famously Brave New World, and on pacifist themes (e.g. Eyeless in Gaza).",169,0.043478260869565216,1.0,42.0,23
113.83333333333333,167.58333333333334,186.41666666666666,186.41666666666666,875.4722222222222,1.5833333333333333,0.3333333333333333,ZJM,0.21052631578947367,4.0,0.1111111111111111,2.0,Huxley was strongly influenced by F. Matthias Alexander and included him as a character in Eyeless in Gaza.,170,0.3333333333333333,6.0,19.0,18
107.66666666666667,164.66666666666666,288.5,234.83333333333334,881.8333333333334,1.8333333333333333,0.14285714285714285,ZJM,0.2727272727272727,3.0,0.2857142857142857,2.0,"Huxley was born in Godalming, Surrey, England.",171,0.14285714285714285,1.0,11.0,7
122.37931034482759,139.72413793103448,229.41379310344828,203.55172413793105,905.8994252873563,1.6206896551724137,0.21621621621621623,ZJM,0.3404255319148936,16.0,0.21621621621621623,8.0,"He was the son of the writer Leonard Huxley by his first wife, Julia Arnold; and grandson of Thomas Henry Huxley, one of the most important naturalists of the 19th Century, a man known as ""Darwin's Bulldog.""",172,0.21621621621621623,8.0,47.0,37
104.0,131.66666666666666,176.66666666666666,154.77777777777777,903.074074074074,1.5555555555555556,0.3076923076923077,ZJM,0.21428571428571427,3.0,0.15384615384615385,2.0,His brother Julian Huxley was a biologist also noted for his evolutionary theories.,173,0.3076923076923077,4.0,14.0,13
112.5,190.0,413.3333333333333,358.0833333333333,893.625,2.1666666666666665,0.25,ZJM,0.2692307692307692,7.0,0.4375,7.0,"John Wells (November 17, 1936 - January 11, 1998) was a British actor, writer and satirist.",174,0.25,4.0,26.0,16
136.0,192.20833333333334,205.83333333333334,199.58333333333334,890.142361111111,1.5833333333333333,0.25,ZJM,0.21052631578947367,8.0,0.03125,1.0,"Wells began his television career as a writer on That Was The Week That Was, the 1960s weekly satire show that launched the careers of David Frost and Millicent Martin, among others.",175,0.25,8.0,38.0,32
131.53571428571428,176.46428571428572,269.89285714285717,252.14285714285714,841.6976190476189,1.8571428571428572,0.15151515151515152,ZJM,0.28846153846153844,15.0,0.24242424242424243,8.0,"Besides making cameo appearances in films such as Casino Royale (1967), television dramas like Casanova (1987), and comedy shows like Yes, Minister, he also wrote television scripts and screenplays, notably Princess Caraboo (1994).",176,0.15151515151515152,5.0,52.0,33
120.625,202.125,303.375,220.5,897.2083333333333,1.5,0.2,ZJM,0.3333333333333333,4.0,0.1,1.0,In 1997 he appeared in the BBC situation comedy Chalk.,177,0.2,2.0,12.0,10
114.6875,159.1875,388.75,313.375,909.7864583333333,2.6875,0.15789473684210525,ZJM,0.37209302325581395,16.0,0.47368421052631576,9.0,Bartholomew J. Simpson (voiced by Nancy Cartwright) is a fictional character featured in the animated television series The Simpsons.,178,0.15789473684210525,3.0,43.0,19
113.58333333333333,144.08333333333334,247.41666666666666,193.58333333333334,950.1111111111112,1.5833333333333333,0.29411764705882354,ZJM,0.2631578947368421,5.0,0.17647058823529413,3.0,He is the 10-year-old son of Homer and Marge Simpson and older brother of Lisa and Maggie.,179,0.29411764705882354,5.0,19.0,17
120.2,184.2,454.52,313.84,877.3626666666667,2.2,0.16666666666666666,ZJM,0.34545454545454546,19.0,0.4,12.0,"Roy Stanley Geiger (January 25, 1885 - January 23, 1947) was a United States Marine Corps general who, during World War II, became the first Marine to lead an army.",180,0.16666666666666666,5.0,55.0,30
127.8,153.6,188.2,153.6,936.1,1.2,0.16666666666666666,ZJM,0.16666666666666666,1.0,0.0,0.0,"Geiger was born in Middleburg, Florida.",181,0.16666666666666666,1.0,6.0,6
108.3,139.7,220.4,207.45,908.7166666666668,1.8,0.13043478260869565,ZJM,0.3055555555555556,11.0,0.391304347826087,9.0,"He attended Florida State Normal and Industrial College and received an LLB from Stetson University, after which he enlisted in the Marine Corps.",182,0.13043478260869565,3.0,36.0,23
116.28571428571429,148.57142857142858,322.0,296.14285714285717,918.547619047619,2.7142857142857144,0.3,ZJM,0.3157894736842105,6.0,0.5,5.0,He was commissioned a Second Lieutenant on 5 February 1909.,183,0.3,3.0,19.0,10
125.34782608695652,178.30434782608697,232.17391304347825,208.1304347826087,873.304347826087,1.6956521739130435,0.14814814814814814,ZJM,0.3076923076923077,12.0,0.14814814814814814,4.0,"Following attendance at the Marine Officers' School at Port Royal, South Carolina, he served as a member of the Marine detachments aboard Wisconsin (BB-9) and Delaware (BB-28).",184,0.14814814814814814,4.0,39.0,27
96.33333333333333,110.0,309.44444444444446,209.88888888888889,929.2962962962964,1.6666666666666667,0.3076923076923077,ZJM,0.3333333333333333,5.0,0.23076923076923078,3.0,For his part in this action he was awarded the Distinguished Service Medal.,185,0.3076923076923077,4.0,15.0,13
128.43333333333334,160.93333333333334,261.1666666666667,230.7,879.5527777777778,1.9,0.16666666666666666,ZJM,0.3157894736842105,18.0,0.3611111111111111,13.0,"Geiger commanded the III Amphibious Corps in the battle of Okinawa, where he assumed command of the U.S. Tenth Army upon the combat death of Lt. General Simon Bolivar Buckner, Commanding General of the Tenth Army.",186,0.16666666666666666,6.0,57.0,36
103.7,136.4,167.7,136.4,898.7,1.2,0.09090909090909091,ZJM,0.25,3.0,0.0,0.0,Geiger led the Tenth Army until relieved by General Joseph Stilwell.,187,0.09090909090909091,1.0,12.0,11
115.5,139.0,447.4166666666667,330.5833333333333,892.3055555555555,2.5,0.14285714285714285,ZJM,0.36666666666666664,11.0,0.5,7.0,"Culbert Levy Olson (November 7, 1876 - April 13, 1962) was a U.S. politician.",188,0.14285714285714285,2.0,30.0,14
110.45454545454545,121.63636363636364,139.27272727272728,139.27272727272728,965.6818181818181,1.1818181818181819,0.21428571428571427,ZJM,0.23076923076923078,3.0,0.07142857142857142,1.0,"He was born in Fillmore, Utah to Daniel Olson and his wife Delilah King.",189,0.21428571428571427,3.0,13.0,14
149.6818181818182,181.63636363636363,260.90909090909093,214.5909090909091,876.760606060606,1.6818181818181819,0.21428571428571427,ZJM,0.32432432432432434,12.0,0.14285714285714285,4.0,"He served as the Governor of California from January 2, 1939 until January 4, 1943, and was the only Democrat elected to that office between 1898 and 1954.",190,0.21428571428571427,6.0,37.0,28
111.0,120.36363636363636,179.8181818181818,167.0909090909091,905.4242424242424,1.4545454545454546,0.26666666666666666,ZJM,0.3125,5.0,0.13333333333333333,2.0,In his 1942 bid for re-election he was defeated by state Attorney General Earl Warren.,191,0.26666666666666666,4.0,16.0,15
111.66666666666667,163.0,302.6666666666667,302.6666666666667,846.1833333333334,2.3333333333333335,0.4,ZJM,0.35714285714285715,5.0,0.3,3.0,He later became president of the United Secularists of America.,192,0.4,4.0,14.0,10
129.66666666666666,159.4,234.06666666666666,208.2,819.5888888888888,1.6,0.25,ZJM,0.20833333333333334,5.0,0.2,4.0,"He died in Los Angeles at age 85, and was buried in Forest Lawn Memorial Park Cemetery in suburban Glendale.",193,0.25,5.0,24.0,20
127.13333333333334,164.6,413.0,374.6,927.898148148148,2.6,0.16666666666666666,ZJM,0.46153846153846156,18.0,0.3888888888888889,7.0,"Prescott Sheldon Bush (May 15, 1895, Columbus, Ohio - October 8, 1972, New York City) was a U.S.",194,0.16666666666666666,3.0,39.0,18
112.9090909090909,166.1818181818182,238.1818181818182,228.36363636363637,918.1818181818181,1.7272727272727273,0.15384615384615385,ZJM,0.21052631578947367,4.0,0.3076923076923077,4.0,Senator from Connecticut and a Wall Street executive banker with Brown Brothers Harriman.,195,0.15384615384615385,2.0,19.0,13
117.42857142857143,150.21428571428572,195.78571428571428,182.92857142857142,921.6666666666667,1.6428571428571428,0.17647058823529413,ZJM,0.30434782608695654,7.0,0.23529411764705882,4.0,"His son, George H. W. Bush, and grandson George W. Bush would both later become U.S. presidents.",196,0.17647058823529413,3.0,23.0,17
103.22222222222223,155.33333333333334,217.77777777777777,168.22222222222223,872.6666666666666,1.5555555555555556,0.25,ZJM,0.35714285714285715,5.0,0.08333333333333333,1.0,His father was Samuel Prescott Bush and his mother was Flora Sheldon.,197,0.25,3.0,14.0,12
116.24242424242425,166.15151515151516,214.5151515151515,206.15151515151516,918.5156565656565,1.6666666666666667,0.13157894736842105,ZJM,0.32727272727272727,18.0,0.13157894736842105,5.0,"He married Dorothy Walker, George Herbert Walker's daughter, on August 6, 1921, and together they had five children, including George H. W. Bush (named after George Herbert Walker), Prescott Bush, Jr., Jonathan Bush, William Bush, and Nancy Bush.",198,0.13157894736842105,5.0,55.0,38
120.04347826086956,230.7391304347826,299.7391304347826,291.2608695652174,844.4699792960664,2.1739130434782608,0.041666666666666664,ZJM,0.24,24.0,0.25,12.0,"Among those attending the Kennebunkport, Maine wedding ceremony were Isabel Stillman Rockefeller (daughter of Percy Rockefeller), Hope Lincoln, Mary Keck, Elizabeth Trotter, Martha Pittman, Ruth Lionberger, Nancy Walker, George Herbert Walker, Knight Wooley, Frank Shephard, John Shepley, Richard Bentley, Henry Isham, William Potter Wear, and Henry Fenimore Cooper.",199,0.041666666666666664,2.0,100.0,48
138.92,199.96,293.28,275.56,907.5861904761905,2.0,0.10714285714285714,ZJM,0.32,16.0,0.17857142857142858,5.0,"His father-in-law, George Herbert Walker, and Walker's partner, Averell Harriman, brought him on as an officer in their investment banking firm, W. A. Harriman and Company in 1926.",200,0.10714285714285714,3.0,50.0,28
109.06666666666666,168.2,325.1333333333333,290.06666666666666,954.8266666666666,2.1333333333333333,0.25,ZJM,0.34375,11.0,0.15,3.0,"When it merged with Brown Brothers in 1931, he became a partner in the new firm of Brown Brothers Harriman.",201,0.25,5.0,32.0,20
122.38709677419355,165.19354838709677,250.61290322580646,221.70967741935485,861.2827956989247,1.6774193548387097,0.18421052631578946,ZJM,0.2692307692307692,14.0,0.18421052631578946,7.0,"Bush called it ""my good fortune"" to work with close friends, including Yale classmates (and members of the Skull and Bones) E. Roland Harriman, Knight Woolley, and Ellery James, as well as Robert A. Lovett and Thomas McCance.",202,0.18421052631578946,7.0,52.0,38
135.1851851851852,187.55555555555554,272.6296296296296,217.33333333333334,833.0,1.6296296296296295,0.15625,ZJM,0.25,11.0,0.125,4.0,"He maintained homes in Long Island, New York and Greenwich, Connecticut; the family compound at Kennebunkport, Maine; a 10,000 acre (40 km?) plantation in South Carolina; and an island retreat in Florida.",203,0.15625,5.0,44.0,32
124.2,147.73333333333332,257.93333333333334,251.06666666666666,838.2244444444444,1.8666666666666667,0.21052631578947367,ZJM,0.32142857142857145,9.0,0.3684210526315789,7.0,"After graduation, he served as a field artillery captain with the American Expeditionary Forces (1917-1919) during World War I.",204,0.21052631578947367,4.0,28.0,19
117.23076923076923,145.46153846153845,195.92307692307693,195.92307692307693,879.0384615384615,1.4615384615384615,0.23529411764705882,ZJM,0.2631578947368421,5.0,0.11764705882352941,2.0,He received training in intelligence at Verdun and was briefly assigned to a staff of French officers.,205,0.23529411764705882,4.0,19.0,17
114.0,174.9090909090909,218.63636363636363,209.1818181818182,880.4454545454545,1.7272727272727273,0.15384615384615385,ZJM,0.2631578947368421,5.0,0.23076923076923078,3.0,"Alternating between intelligence and artillery, Bush came under fire in the Meuse-Argonne offensive.",206,0.15384615384615385,2.0,19.0,13
149.68421052631578,169.31578947368422,320.63157894736844,273.36842105263156,833.1245614035087,1.9473684210526316,0.13636363636363635,ZJM,0.32432432432432434,12.0,0.45454545454545453,10.0,"The Bushes moved to Columbus, Ohio, in 1923, where Bush worked for the Hupp Products Company, where his business efforts generally failed.",207,0.13636363636363635,3.0,37.0,22
140.57142857142858,176.0,286.2142857142857,218.28571428571428,820.5714285714286,1.5714285714285714,0.17647058823529413,ZJM,0.3181818181818182,7.0,0.23529411764705882,4.0,"He left in November 1923 to become president of sales for Stedman Products of South Braintree, Massachusetts.",208,0.17647058823529413,3.0,22.0,17
117.33333333333333,143.42857142857142,188.71428571428572,173.14285714285714,818.1785714285714,1.4285714285714286,0.16,ZJM,0.36666666666666664,11.0,0.16,4.0,"In 1925, he joined the United States Rubber Company (based in New York City) as manager of the foreign division, and moved to Greenwich, Connecticut.",209,0.16,4.0,30.0,25
128.45,165.4,233.7,213.8,799.55,1.7,0.2,ZJM,0.29411764705882354,10.0,0.24,6.0,"In 1952 he was elected to the U.S. Senate (Republican, Connecticut), defeating Abraham Ribicoff for the vacancy caused by the death of James O'Brien McMahon.",210,0.2,5.0,34.0,25
142.91666666666666,164.33333333333334,253.66666666666666,212.08333333333334,834.3888888888888,1.6666666666666667,0.2,ZJM,0.25,5.0,0.26666666666666666,4.0,"He served until January 1963, and was a staunch supporter of President Dwight D. Eisenhower.",211,0.2,3.0,20.0,15
103.0,129.0,150.6153846153846,150.6153846153846,855.3717948717949,1.4615384615384615,0.23529411764705882,ZJM,0.21052631578947367,4.0,0.11764705882352941,2.0,"As a managing partner of Brown Brothers Harriman, he sat on several corporate boards, including the following:",212,0.23529411764705882,4.0,19.0,17
143.86206896551724,205.0344827586207,312.82758620689657,281.0,846.383908045977,2.0689655172413794,0.21621621621621623,ZJM,0.2833333333333333,17.0,0.40540540540540543,15.0,"Bush was born in Columbus, Ohio to Flora Sheldon and Samuel Prescott Bush, a steel company president and later a U.S. government official in charge of coordination and assistance to major weapons contractors during World War I.",213,0.21621621621621623,8.0,60.0,37
119.38235294117646,139.1764705882353,182.88235294117646,172.47058823529412,855.5441176470588,1.5,0.20930232558139536,ZJM,0.3137254901960784,16.0,0.20930232558139536,9.0,"After attending the Douglas School in Columbus and St. George's School in Newport, Rhode Island as well as the famous Stonyhurst College in England (where he designed the boys' golf course still in use today) from 1908 to 1913, Bush entered Yale University.",214,0.20930232558139536,9.0,51.0,43
114.91666666666667,138.58333333333334,181.66666666666666,153.58333333333334,848.7083333333334,1.25,0.25,ZJM,0.26666666666666666,4.0,0.0625,1.0,"There, he played varsity golf, football, and baseball, and was president of the Yale Glee Club.",215,0.25,4.0,15.0,16
127.45454545454545,136.54545454545453,233.72727272727272,197.9090909090909,870.0909090909091,1.6363636363636365,0.3125,ZJM,0.2777777777777778,5.0,0.25,4.0,"On May 18, 1916 he was ""tapped"" to join the Skull and Bones society at Yale.",216,0.3125,5.0,18.0,16
125.74074074074075,155.96296296296296,334.6666666666667,274.5925925925926,818.7962962962962,2.111111111111111,0.12903225806451613,ZJM,0.3684210526315789,21.0,0.5161290322580645,16.0,"Other new ""Bonesmen"" that year were E. Roland Harriman, H. S. Fenimore Cooper (grandson of James Fenimore Cooper), Knight Wooley (son of Ulysses Grant Wooley), Ellery James, and Henry Neil Mallon.",217,0.12903225806451613,4.0,57.0,31
103.4375,178.25,192.0625,184.75,806.515625,1.625,0.36,ZJM,0.19230769230769232,5.0,0.04,1.0,"He was a member of the Executive Committee of the United States Golf Association (USGA) from 1928-1935, serving successively as Secretary, Vice President and President.",218,0.36,9.0,26.0,25
114.6875,149.875,233.6875,187.1875,842.0208333333333,1.5,0.1111111111111111,ZJM,0.375,9.0,0.2777777777777778,5.0,"After his discharge in 1919, Bush went to work for the Simmons Hardware Company in St. Louis, Missouri.",219,0.1111111111111111,2.0,24.0,18
123.48,174.48,259.28,247.28,816.9766666666666,1.88,0.21875,ZJM,0.2765957446808511,13.0,0.28125,9.0,"From 1947 to 1950 he served as Connecticut Republican finance chairman, and was the Republican candidate for the United States Senate in 1950, losing to Senator William Benton by only 1,000 votes.",220,0.21875,7.0,47.0,32
133.8125,213.625,269.3125,258.5625,798.3697916666667,1.8125,0.23809523809523808,ZJM,0.3103448275862069,9.0,0.19047619047619047,4.0,"The following year, Bush was Connecticut chairman of the United Negro College Fund, and was one of the UNCF's earliest supporters.",221,0.23809523809523808,5.0,29.0,21
126.5,140.5,380.9166666666667,283.9166666666667,884.3166666666666,2.0,0.07692307692307693,ZJM,0.375,9.0,0.38461538461538464,5.0,"Talia Shire (born April 25, 1946) is an American actress of Italian descent.",222,0.07692307692307693,1.0,24.0,13
114.5,140.0,291.2857142857143,227.14285714285714,928.2261904761905,2.0,0.125,ZJM,0.32142857142857145,9.0,0.4375,7.0,She is the mother of actors Jason and Robert Schwartzman and aunt to actor Nicolas Cage.,223,0.125,2.0,28.0,16
143.11111111111111,172.83333333333334,339.3333333333333,323.6111111111111,903.9539682539682,2.5,0.18181818181818182,ZJM,0.4222222222222222,19.0,0.3181818181818182,7.0,"Born Talia Rose Coppola in Lake Success, Long Island, New York, she is the sister of director and producer Francis Ford Coppola.",224,0.18181818181818182,4.0,45.0,22
97.72222222222223,116.55555555555556,143.61111111111111,123.38888888888889,913.8333333333334,1.2777777777777777,0.3333333333333333,ZJM,0.34782608695652173,8.0,0.07407407407407407,2.0,"Shire became famous for her roles as the wife of boxer Rocky Balboa in the Rocky movies, and for her role in The Godfather and its sequels.",225,0.3333333333333333,9.0,23.0,27
116.3,145.75,187.85,155.1,883.4,1.3,0.25925925925925924,ZJM,0.2692307692307692,7.0,0.07407407407407407,2.0,"She was nominated for the Academy Award for Best Supporting Actress for The Godfather, Part II and for the Best Actress in a Leading Role for Rocky.",226,0.25925925925925924,7.0,26.0,27
117.76470588235294,154.7058823529412,554.2941176470588,506.94117647058823,860.4503734827264,4.0588235294117645,0.22727272727272727,ZJM,0.4492753623188406,31.0,0.5454545454545454,12.0,"Margaret Tyndal Winthrop (February 23, 1880 - July 7, 1970) was the maternal grandmother of U.S. 111Senator John Kerry, the Presidential candidate.",227,0.22727272727272727,5.0,69.0,22
114.71428571428571,256.85714285714283,349.0,349.0,963.1428571428571,2.4285714285714284,0.125,ZJM,0.35294117647058826,6.0,0.375,3.0,"(Winthrop's daughter, Rosemary Isabel Forbes, was Kerry's mother.)",228,0.125,1.0,17.0,8
108.44444444444444,163.33333333333334,207.0,175.22222222222223,909.4814814814815,1.4444444444444444,0.0,ZJM,0.3076923076923077,4.0,0.1111111111111111,1.0,"Winthrop died at St. Briac Sur Mer, Ille-et-Vilaine, France.",229,0.0,0.0,13.0,9
126.3170731707317,140.90243902439025,203.5121951219512,195.17073170731706,820.109756097561,1.6097560975609757,0.1276595744680851,ZJM,0.3333333333333333,22.0,0.2553191489361702,12.0,"Other notable figures in this branch of the family tree are Franklin D. Roosevelt (Kerry's 4th cousin twice removed), Jane Addams, Calvin Coolidge (Kerry's 8th cousin once removed), and ironically, George H.W. Bush (Kerry's 9th cousin once removed), and George W. Bush (Kerry's 9th cousin, twice removed).",230,0.1276595744680851,6.0,66.0,47
124.12,136.64,216.48,191.72,800.05,1.48,0.21875,ZJM,0.24324324324324326,9.0,0.25,8.0,"[1] She also has some relation to all the royal houses of Europe, including such figures as Henry III, Henry II, Henry I, Richard the Lionheart, and Russian czar Ivan the Terrible.",231,0.21875,7.0,37.0,32
100.0,100.0,142.2,142.2,783.0666666666667,1.4,0.4444444444444444,ZJM,0.2857142857142857,2.0,0.1111111111111111,1.0,She was born in Massachusetts and raised in Boston.,232,0.4444444444444444,4.0,7.0,9
136.08333333333334,161.5,264.6666666666667,241.75,862.9444444444443,2.0,0.29411764705882354,ZJM,0.375,9.0,0.29411764705882354,5.0,"Her grandfather was Robert Charles Winthrop, the conservative Whig Speaker of the House and a U.S. Senator",233,0.29411764705882354,5.0,24.0,17
139.11764705882354,189.64705882352942,287.7647058823529,221.1764705882353,811.343137254902,1.588235294117647,0.15,ZJM,0.3333333333333333,9.0,0.25,5.0,"Her ancestors include James Bowdoin, former governor of Maine, and John Winthrop, the first governor of the Massachusetts Bay Colony.",234,0.15,3.0,27.0,20
98.27272727272727,125.63636363636364,477.72727272727275,419.1818181818182,810.6383838383838,3.6363636363636362,0.21428571428571427,ZJM,0.375,15.0,0.5714285714285714,8.0,"David Manners (April 30, 1901 - December 23, 1998) was a Canadian film actor.",235,0.21428571428571427,3.0,40.0,14
115.72413793103448,170.51724137931035,275.1034482758621,264.0689655172414,843.2252873563218,2.2758620689655173,0.19444444444444445,ZJM,0.25757575757575757,17.0,0.3055555555555556,11.0,"Born Rauff de Rither Duan Acklom in Halifax, Nova Scotia, Manners came to Hollywood at the beginning of the talking films revolution after studying acting with Eva Le Gallienne, and acting on stage with Helen Hayes.",236,0.19444444444444445,7.0,66.0,36
88.3076923076923,108.46153846153847,139.6153846153846,124.53846153846153,831.2307692307693,1.3076923076923077,0.35,ZJM,0.23529411764705882,4.0,0.1,2.0,"In 1940, he officially changed his name to David Joseph Manners and became a naturalized citizen of the United States.",237,0.35,7.0,17.0,20
121.38235294117646,163.7941176470588,195.05882352941177,176.7058823529412,860.7279411764706,1.4705882352941178,0.2916666666666667,ZJM,0.28,14.0,0.0625,3.0,"He was ""discovered"" by the film director James Whale, and within a few years, he was a popular leading man, playing opposite such up and coming actresses as Katharine Hepburn, Gloria Stuart, Myrna Loy, Loretta Young, and Ann Dvorak, and he was paired several times with Helen Chandler.",238,0.2916666666666667,14.0,50.0,48
102.33333333333333,158.375,171.66666666666666,158.375,841.6305555555555,1.5,0.25,ZJM,0.2222222222222222,8.0,0.0,0.0,"His most widely seen role was as Jonathan Harker in Tod Browning's Dracula (1931), though he commented throughout his life that he had never watched the film and did not intend to.",239,0.25,8.0,36.0,32
80.5,80.5,115.75,115.75,796.0,1.25,0.3333333333333333,ZJM,0.2,1.0,0.16666666666666666,1.0,"He died in Santa Barbara, California.",240,0.3333333333333333,2.0,5.0,6
120.6923076923077,195.84615384615384,309.03846153846155,252.57692307692307,794.6269230769232,2.0,0.10344827586206896,ZJM,0.3269230769230769,17.0,0.27586206896551724,8.0,"Elliott Roosevelt (September 23, 1910 - October 27, 1990), World War II hero and an author, was the son of President Franklin Delano Roosevelt and his wife Eleanor Roosevelt.",241,0.10344827586206896,3.0,52.0,29
112.88235294117646,156.0,188.2941176470588,172.52941176470588,814.6176470588235,1.4705882352941178,0.2916666666666667,ZJM,0.28,7.0,0.08333333333333333,2.0,"During World War II, he accompanied FDR as a military aide to the Casablanca meeting of 1943 and the subsequent Cairo and Tehran Conferences.",242,0.2916666666666667,7.0,25.0,24
120.77777777777777,139.27777777777777,176.0,164.55555555555554,787.0333333333333,1.5,0.18181818181818182,ZJM,0.2222222222222222,6.0,0.18181818181818182,4.0,"As an Army photo reconnaissance pilot, he and the men in his unit also played a key role in the D-Day landings.",243,0.18181818181818182,4.0,27.0,22
105.3076923076923,127.84615384615384,240.30769230769232,233.84615384615384,772.2846153846154,1.9230769230769231,0.2777777777777778,ZJM,0.4,10.0,0.2777777777777778,5.0,Colonel Elliot Roosevelt was a pilot in the United States Army Air Force (USAAF) during World War II.,244,0.2777777777777778,5.0,25.0,18
126.77777777777777,195.55555555555554,226.66666666666666,195.55555555555554,807.6111111111111,1.5555555555555556,0.3076923076923077,ZJM,0.2857142857142857,4.0,0.0,0.0,He flew a P-38 Lightning in the North African campaign of November 1942.,245,0.3076923076923077,4.0,14.0,13
144.0,188.95454545454547,345.5,317.72727272727275,735.9348484848484,2.5,0.12,ZJM,0.2727272727272727,15.0,0.64,16.0,On 28 February 1934 he and Anthony Fokker each received an excessive half a million dollars for selling fifty military planes to the Soviet government.,246,0.12,3.0,55.0,25
108.55555555555556,161.88888888888889,187.55555555555554,187.55555555555554,817.3740740740741,1.5555555555555556,0.3333333333333333,ZJM,0.17857142857142858,5.0,0.07407407407407407,2.0,"Elliot and Fokker were able to receive such a large commission because Elliot had close connections to the U.S. Export-Import Bank through his father, Franklin Delano Roosevelt.",247,0.3333333333333333,9.0,28.0,27
162.45454545454547,247.72727272727272,374.1818181818182,359.90909090909093,726.130303030303,2.5454545454545454,0.21428571428571427,ZJM,0.32142857142857145,9.0,0.35714285714285715,5.0,Stella Dorothea Gibbons (5 January 1902�19 December 1989) was an English novelist and poet.,248,0.21428571428571427,3.0,28.0,14
123.33333333333333,186.16666666666666,284.5,284.5,900.4166666666666,2.3333333333333335,0.0,ZJM,0.35714285714285715,5.0,0.5,3.0,Her works include Cold Comfort Farm.,249,0.0,0.0,14.0,6
100.75,275.75,430.0,430.0,929.15,3.5,0.3333333333333333,ZJM,0.35714285714285715,5.0,0.16666666666666666,1.0,Keynes was educated at Oundle School.,250,0.3333333333333333,2.0,14.0,6
125.13513513513513,183.8108108108108,430.5945945945946,313.7027027027027,890.9198198198198,2.4864864864864864,0.2127659574468085,ZJM,0.33695652173913043,31.0,0.40425531914893614,19.0,"Keynes (pronounced ""Canes"") was born in London, the eldest son of Geoffrey Keynes, and thus the nephew of the economist John Maynard Keynes; and Geoffrey Keynes' wife Elizabeth (nee Darwin), the grand-daughter of Charles Darwin, and thus the great-grandson of Charles Darwin (see Darwin -- Wedgwood family).",251,0.2127659574468085,10.0,92.0,47
122.3695652173913,162.7608695652174,248.2173913043478,239.34782608695653,799.6192028985508,1.826086956521739,0.1320754716981132,ZJM,0.34523809523809523,29.0,0.16981132075471697,9.0,"Charles Francis Adams, Jr. (May 27, 1835 - May 20, 1915), a member of the prominent Adams political family and son of Charles Francis Adams, Sr., graduated at Harvard in 1856, and served on the Union side in the American Civil War, receiving in 1865 the brevet of brigadier-general in the regular army.",252,0.1320754716981132,7.0,84.0,53
94.71428571428571,130.66666666666666,171.14285714285714,150.9047619047619,785.6507936507935,1.4285714285714286,0.16,ZJM,0.3,9.0,0.12,3.0,"He was president of the Union Pacific Railroad from 1884 to 1890, having previously become widely known as an authority on the management of railways.",253,0.16,4.0,30.0,25
126.46153846153847,171.76923076923077,245.0,206.15384615384616,798.7692307692307,1.4615384615384615,0.07142857142857142,ZJM,0.3684210526315789,7.0,0.2857142857142857,4.0,His son Charles Francis Adams was Secretary of the Navy and a renowned yachtsman.,254,0.07142857142857142,1.0,19.0,14
128.91304347826087,179.2608695652174,257.3478260869565,239.1304347826087,780.2355072463769,1.7826086956521738,0.14814814814814814,ZJM,0.2682926829268293,11.0,0.2962962962962963,8.0,"Jean Tardieu (born in St Germain de Joux, France November 1, 1903, died in Creteil, France January 27, 1995) was an artist, musician, poet and dramatic author.",255,0.14814814814814814,4.0,41.0,27
127.66666666666667,127.66666666666667,213.33333333333334,213.33333333333334,759.861111111111,1.6666666666666667,0.4,ZJM,0.2,2.0,0.3,3.0,He is often associated with the Theatre of the Absurd.,256,0.4,4.0,10.0,10
144.875,226.25,286.5625,286.5625,788.4052083333333,2.0625,0.2,ZJM,0.3333333333333333,11.0,0.15,3.0,"John Eric Austin (born August 21, 1944, in Blaby, Leicestershire) is a British Member of Parliament for Erith and Thamesmead.",257,0.2,4.0,33.0,20
108.5,108.5,147.5,108.5,806.0,1.0,0.5,ZJM,0.0,0.0,0.0,0.0,He is a member of the Labour Party.,258,0.5,4.0,4.0,8
111.0,119.54545454545455,209.0,194.36363636363637,858.4848484848484,1.4545454545454546,0.26666666666666666,ZJM,0.1875,3.0,0.2,3.0,He worked as a social worker and was leader of Greenwich council before entering Parliament.,259,0.26666666666666666,4.0,16.0,15
123.0,173.75,228.125,214.5,881.5,1.625,0.2,ZJM,0.3076923076923077,4.0,0.3,3.0,Austin is a member of the left-wing Socialist Campaign Group.,260,0.2,2.0,13.0,10
125.66666666666667,210.33333333333334,318.8888888888889,238.66666666666666,898.3333333333334,1.6666666666666667,0.3076923076923077,ZJM,0.3333333333333333,5.0,0.15384615384615385,2.0,He stated his intention to act as a stalking horse against Tony Blair.,261,0.3076923076923077,4.0,15.0,13
117.58333333333333,139.08333333333334,243.66666666666666,238.25,868.0138888888888,2.25,0.2,ZJM,0.2222222222222222,6.0,0.6,9.0,"He indicated his hope that, in the event of an election, Gordon Brown would enter.",262,0.2,3.0,27.0,15
112.0625,208.8125,305.375,292.25,832.1449404761905,2.25,0.2,ZJM,0.3333333333333333,12.0,0.3,6.0,"Robert Strange McNamara (born June 9, 1916) is an American business executive and a former United States Secretary of Defense.",263,0.2,4.0,36.0,20
106.5,178.5,229.7,215.9,788.8266666666667,2.0,0.16666666666666666,ZJM,0.35,7.0,0.4166666666666667,5.0,He resigned that position to become President of the World Bank (1968-1981).,264,0.16666666666666666,2.0,20.0,12
101.16666666666667,105.33333333333333,152.08333333333334,140.75,811.3819444444443,1.4166666666666667,0.29411764705882354,ZJM,0.23529411764705882,4.0,0.11764705882352941,2.0,McNamara was born in San Francisco where his father was sales manager of a wholesale shoe firm.,265,0.29411764705882354,5.0,17.0,17
128.32,199.12,317.92,264.16,778.2766666666665,1.96,0.21875,ZJM,0.3469387755102041,17.0,0.25,8.0,"He graduated in 1937 from the University of California, Berkeley with a degree in economics and philosophy, and earned a master's degree from the Harvard Graduate School of Business Administration in 1939.",266,0.21875,7.0,49.0,32
115.55555555555556,151.72222222222223,175.38888888888889,157.66666666666666,798.8981481481482,1.3333333333333333,0.35714285714285715,ZJM,0.25,6.0,0.03571428571428571,1.0,"He worked a year for the accounting firm of Price Waterhouse in San Francisco, and then in August 1940 returned to Harvard to teach in the Business School.",267,0.35714285714285715,10.0,24.0,28
116.72727272727273,167.54545454545453,206.15151515151516,195.78787878787878,738.0191919191918,1.606060606060606,0.32653061224489793,ZJM,0.20754716981132076,11.0,0.12244897959183673,6.0,"Following his involvement there in a program to teach the analytical approaches used in business to officers of the Army Air Forces, he entered the Army as a captain in early 1943, serving under Col. Curtis LeMay with analysis of U.S. bombers' efficiency and effectiveness as a major responsibility.",268,0.32653061224489793,16.0,53.0,49
101.1,142.7,224.8,142.7,765.0833333333333,1.4,0.23076923076923078,ZJM,0.42857142857142855,6.0,0.0,0.0,He left active duty three years later with the rank of lieutenant colonel.,269,0.23076923076923078,3.0,14.0,13
107.2,175.3,334.0,198.7,798.45,1.4,0.16666666666666666,ZJM,0.35714285714285715,5.0,0.08333333333333333,1.0,"During this period, McNamara helped to plan the 1945 bombing of Tokyo.",270,0.16666666666666666,2.0,14.0,12
136.03703703703704,154.8148148148148,202.0,180.96296296296296,858.7129629629629,1.3703703703703705,0.18181818181818182,ZJM,0.2972972972972973,11.0,0.06060606060606061,2.0,"In 1946 McNamara joined Ford Motor Company, which he later said had been the result of a Life magazine article which reported how few college-educated managers there were at the then unprofitable company.",271,0.18181818181818182,6.0,37.0,33
104.46666666666667,150.86666666666667,168.46666666666667,168.46666666666667,834.2533333333333,1.4,0.16666666666666666,ZJM,0.19047619047619047,4.0,0.05555555555555555,1.0,President-elect John F. Kennedy first offered the post of secretary of defense to former secretary Robert A. Lovett.,272,0.16666666666666666,3.0,21.0,18
114.51428571428572,134.9142857142857,173.9142857142857,164.54285714285714,809.0380952380953,1.4285714285714286,0.14634146341463414,ZJM,0.3,15.0,0.17073170731707318,7.0,"Lovett declined but recommended McNamara; Kennedy had him approached by Sargent Shriver (regarding either the Treasury or the Defense cabinet post), and less than five weeks after becoming president at Ford, McNamara accepted Kennedy's invitation to serve as Secretary of Defense.",273,0.14634146341463414,6.0,50.0,41
155.1,178.8,284.1,218.2,779.6166666666666,1.5,0.16666666666666666,ZJM,0.3333333333333333,5.0,0.16666666666666666,2.0,He also created the Defense Intelligence Agency and the Defense Supply Agency.,274,0.16666666666666666,2.0,15.0,12
,,,,,,1.0,ZJM,0.0,0.0,0.0,0.0,"Mary Lilian Baels (November 28, 1916 - June 7, 2002) was best known as Princess de Ruthy, the controversial morganatic second wife of King Leopold III of the Belgians.",275,1.0,29.0,0.0,29
121.10810810810811,144.72972972972974,260.1621621621622,250.54054054054055,889.972972972973,1.8918918918918919,0.13953488372093023,ZJM,0.2714285714285714,19.0,0.23255813953488372,10.0,"Mary Lilian Lucy Josepha Monique Baels was born in Highbury, London, England, one of eight children of Henri Baels, an attorney and fish trader from Ostend, Belgium, and his wife Anne Marie de Visscher, who were living in England during World War I.",276,0.13953488372093023,6.0,70.0,43
110.1,139.6,147.55,143.75,941.5,1.25,0.2,ZJM,0.24,6.0,0.04,1.0,He is also notable in that he is the great great great grandfather of President George W. Bush through his son Reverend James Smith Bush.,277,0.2,5.0,25.0,25
126.3157894736842,173.94736842105263,179.52631578947367,179.52631578947367,879.1842105263158,1.4210526315789473,0.2692307692307692,ZJM,0.2222222222222222,6.0,0.038461538461538464,1.0,"He was the son of a blacksmith Timothy Bush, Jr. and Lydia Newcomb and was born in Penfield, Monroe Co., New York on January 28, 1797.",278,0.2692307692307692,7.0,27.0,26
138.33333333333334,168.26666666666668,239.73333333333332,239.73333333333332,938.2777777777778,1.8666666666666667,0.4230769230769231,ZJM,0.2857142857142857,8.0,0.23076923076923078,6.0,"He was a participant in the Underground Railroad, and even petitioned the New York state Legislature to secede from the Union in a protest against slavery.",279,0.4230769230769231,11.0,28.0,26
119.76470588235294,179.41176470588235,226.7058823529412,212.0,935.0,1.6470588235294117,0.22727272727272727,ZJM,0.2857142857142857,8.0,0.13636363636363635,3.0,"Eventually Obadiah, Henry and possibly another brother or two went off to find their fortunes in the California Gold Rush of 1849.",280,0.22727272727272727,5.0,28.0,22
135.03571428571428,168.46428571428572,278.14285714285717,252.28571428571428,855.3958333333333,1.9642857142857142,0.15151515151515152,ZJM,0.32727272727272727,18.0,0.3939393939393939,13.0,"Robert Henry Dee (born May 18, 1933 in Quincy, Massachusetts) is a former three-sport letterman at Holy Cross College who was one of the first players signed by the Boston Patriots in 1960.",281,0.15151515151515152,5.0,55.0,33
114.66666666666667,157.9047619047619,222.1904761904762,206.95238095238096,843.0396825396825,1.7142857142857142,0.3,ZJM,0.2222222222222222,8.0,0.26666666666666666,8.0,"Another example of a player misjudged by the NFL, he became an ironman of the American Football League who never missed a game during his career, starting 112 consecutive games.",282,0.3,9.0,36.0,30
127.0,186.33333333333334,281.1111111111111,217.11111111111111,786.6666666666666,1.5555555555555556,0.25,ZJM,0.21428571428571427,3.0,0.08333333333333333,1.0,"He was voted to five American Football League All-Star teams (1961, 1963-65).",283,0.25,3.0,14.0,12
108.76923076923077,126.3076923076923,238.92307692307693,177.30769230769232,782.0,1.6153846153846154,0.07142857142857142,ZJM,0.23809523809523808,5.0,0.42857142857142855,6.0,"Joseph H. Ball (November 3, 1905 - December 18, 1993) was an American politician.",284,0.07142857142857142,1.0,21.0,14
117.33333333333333,136.22222222222223,165.77777777777777,165.77777777777777,866.1481481481483,1.3333333333333333,0.25,ZJM,0.25,3.0,0.08333333333333333,1.0,He served in the United States Senate as a Republican from Minnesota.,285,0.25,3.0,12.0,12
98.54545454545455,122.45454545454545,173.36363636363637,173.36363636363637,926.8181818181819,1.5454545454545454,0.35294117647058826,ZJM,0.23529411764705882,4.0,0.17647058823529413,3.0,He was first appointed to fill the Senate seat of Ernest Lundeen who had died in office.,286,0.35294117647058826,6.0,17.0,17
106.0,106.0,164.625,128.125,894.4375,1.125,0.2727272727272727,ZJM,0.1111111111111111,1.0,0.09090909090909091,1.0,He lost his reelection bid in 1948 to Hubert H. Humphrey.,287,0.2727272727272727,3.0,9.0,11
136.66666666666666,136.66666666666666,238.83333333333334,226.5,859.5,1.5,0.0,ZJM,0.4444444444444444,4.0,0.5,3.0,"Ball died in Chevy Chase, Maryland.",288,0.0,0.0,9.0,6
116.25,180.1875,227.125,227.125,806.5854166666667,1.8125,0.30434782608695654,ZJM,0.3448275862068966,10.0,0.08695652173913043,2.0,"Raymond Arrieta (born March 26, 1965 in San Juan, Puerto Rico) is considered by many to be one of Puerto Rico's greatest comedians.",289,0.30434782608695654,7.0,29.0,23
107.35714285714286,138.25,160.14285714285714,148.89285714285714,825.5357142857143,1.3214285714285714,0.15151515151515152,ZJM,0.2702702702702703,10.0,0.030303030303030304,1.0,"After Raymond graduated from high school, he enrolled in the ""Universidad del Sagrado Corazon"" (University of the Sacred Heart) of San Juan, where he earned a Bachelors Degree in ""Radio and Television Production"".",290,0.15151515151515152,5.0,37.0,33
134.46153846153845,188.30769230769232,356.46153846153845,269.53846153846155,802.4307692307691,2.230769230769231,0.13333333333333333,ZJM,0.41379310344827586,12.0,0.4,6.0,"Matthew Parker (August 6, 1504 - May 17, 1575) was Archbishop of Canterbury from 1559.",291,0.13333333333333333,2.0,29.0,15
103.61538461538461,112.38461538461539,197.3846153846154,169.53846153846155,765.2051282051282,1.6153846153846154,0.13333333333333333,ZJM,0.38095238095238093,8.0,0.3333333333333333,5.0,"The eldest son of William Parker, he was born in Norwich, in St. Saviour's parish.",292,0.13333333333333333,2.0,21.0,15
138.34782608695653,150.91304347826087,229.08695652173913,199.0,713.8804347826087,1.434782608695652,0.25806451612903225,ZJM,0.21212121212121213,7.0,0.16129032258064516,5.0,"Matthew was sent in 1522 to Corpus Christi College, Cambridge, where he is said to have been contemporary with William Cecil, but Cecil was only two years old at the time.",293,0.25806451612903225,8.0,33.0,31
109.6842105263158,167.68421052631578,226.6315789473684,218.68421052631578,753.2355889724311,1.8421052631578947,0.2692307692307692,ZJM,0.2857142857142857,10.0,0.11538461538461539,3.0,"He commenced MA in 1528, and was one of the Cambridge scholars whom Thomas Wolsey wished to transplant to his newly founded ""Cardinal College"" at Oxford.",294,0.2692307692307692,7.0,35.0,26
145.66666666666666,171.08333333333334,530.9166666666666,356.6666666666667,865.9861111111112,2.5,0.25,ZJM,0.23333333333333334,7.0,0.5,8.0,"Adolf Otto Reinhold Windaus (December 25, 1876 - June 9, 1959) was a significant German chemist.",295,0.25,4.0,30.0,16
120.33333333333333,143.0,192.66666666666666,143.0,828.3333333333334,1.1666666666666667,0.3333333333333333,ZJM,0.14285714285714285,1.0,0.0,0.0,He won a Nobel Prize in Chemistry in 1928.,296,0.3333333333333333,3.0,7.0,9
156.52631578947367,172.1578947368421,215.26315789473685,204.26315789473685,890.828947368421,1.4210526315789473,0.13636363636363635,ZJM,0.2962962962962963,8.0,0.13636363636363635,3.0,"Jack Kerouac (March 12, 1922 - October 21, 1969) was an American novelist, writer, poet, artist, and part of the Beat Generation.",297,0.13636363636363635,3.0,27.0,22
120.0,138.87037037037038,177.0185185185185,163.40740740740742,805.246913580247,1.3518518518518519,0.16923076923076924,ZJM,0.273972602739726,20.0,0.13846153846153847,9.0,"During Kerouac's time at Columbia University, Burroughs and Kerouac got into trouble with the law for failing to report a murder; this incident formed the basis of a mystery novel the two collaborated on in 1945 entitled And the Hippos Were Boiled in Their Tanks (the novel was never published, although an excerpt from the manuscript would be included in the Burroughs compilation Word Virus).",298,0.16923076923076924,11.0,73.0,65
106.0,153.54545454545453,251.8181818181818,237.45454545454547,777.2272727272727,1.9090909090909092,0.21428571428571427,ZJM,0.42857142857142855,9.0,0.35714285714285715,5.0,"In between his sea voyages, Kerouac stayed in New York with friends from Fordham.",299,0.21428571428571427,3.0,21.0,14
