index,sentence,difficulty,difficulty_zscore,difficulty_norm
0,with his interest in race cars he formed a second company the henry ford company,9.627443313598633,-0.8750194025177134,0.33838010075756725
1,during this period he personally drove his quadricycle to victory in a race against alexander winton a wellknown driver and the heavy favorite on october 10 1901,9.437479019165039,-0.9363517060604313,0.3270420213101273
2,ford was forced out of the company by the investors including henry m leland in 1902 and the company was reorganized as cadillac,12.993253707885742,0.21167378572148654,0.5392695666923709
3,in 1891 ford became an engineer with the edison illuminating company and after his promotion to chief engineer in 1893 he had enough time and money to devote attention to his personal experiments on internal combustion engines,17.197473526000977,1.5690577447111729,0.7901997662565603
4,these experiments culminated in 1896 with the completion of his own selfpropelled vehicle named the quadricycle which he testdrove on june 4 of that year,12.312246322631836,-0.008197805367575054,0.49862342389314457
5,ford was born on a prosperous farm in springwells township now in the city of dearborn michigan owned by his parents william ford 18261905 and mary litogot c18391876 immigrants from county cork ireland,10.07441520690918,-0.7307090418927124,0.365057760642221
6,in the years between the wars henry ford supported adolf hitlers nazi regime,14.1427583694458,0.5828054714773917,0.6078781187196393
7,there is also some evidence that henry ford gave adolf hitler direct financial backing when hitler was first starting out in politics,17.652132034301758,1.7158498233095578,0.8173362042063289
8,this can in part be traced to statements from kurt ludecke germanys representative to the us in the 1920s and winifred wagner daughterinlaw of richard wagner who said they requested funds from ford to aid the national socialist movement in germany,12.817258834838867,0.1548516812946655,0.5287652566119041
9,although ford is often credited with the idea contemporary sources indicate that the concept and its development came from employees clarence avery peter e martin charles e sorensen and ch,8.376672744750977,-1.2788460290929462,0.2637274607843653
10,henry ford advocated long time associate harry bennett to take the spot,16.262676239013672,1.2672469695475448,0.7344060922994871
12,in 1879 he left home for the nearby city of detroit to work as an apprentice machinist first with james f flower bros and later with the detroit dry dock co,7.083979606628418,-1.6962078715977058,0.18657265890491212
13,alexander rae baldwin iii born april 3 1958 in massapequa long island new york usa is an american actor who is the oldest and best known of the baldwin brothers with brothers daniel stephen and william,11.746209144592285,-0.190949854238112,0.46483931454800326
14,he is of three quarters irish and one quarter french descent,14.869717597961426,0.8175131790465444,0.6512669119269917
15,baldwin has appeared in movies such as the cooler the hunt for red october beetlejuice ghosts of mississippi talk radio final fantasy the spirits within voice the cat in the hat pearl harbor thomas and the magic railroad along came polly the spongebob squarepants movie and the aviator,15.666197776794434,1.0746665785293135,0.6988050852076376
16,when baldwin was young he had a job as a busboy at famous new york city disco studio 54,13.067277908325195,0.23557340719717715,0.5436877246842095
18,baldwin a liberal democrat has always had an active interest in politics and is frequently rumored to be a candidate for public office,12.58124828338623,0.07865277863173668,0.5146788916411462
19,in particular baldwin is one of the most frequent hosts of saturday night live leading the show eleven times and also making cameo appearances regularly,17.55564308166504,1.6846971809181062,0.8115772303209611
20,he played william barrett travis in a movie about the alamo called thirteen days of glory,13.898177146911621,0.5038394224835941,0.5932802105142427
21,in 1998 he began narrating the american version of the childrens series thomas the tank engine and friends,16.308095932006836,1.2819112747833248,0.7371169811492589
22,he is infamous for his 1994 appearance on saturday night live as he potrays mr armstrong a scoutmaster who is a pedophile he rips his shirt and puts his mouth around adam sandlers neck,11.276485443115234,-0.3426059153210563,0.43680370574282273
23,rosemary clooney may 23 1928 – june 29 2002 was an american popular singer and actress,11.712599754333496,-0.20180105830982406,0.46283332738041283
24,in 1954 she along with bing crosby danny kaye and veraellen starred in the movie white christmas,13.316178321838379,0.3159339600000884,0.5585434251795446
25,clooneys first recordings in may of 1946 were for columbia records as a singer with the big band of tony pastor,14.704192161560059,0.764071260713,0.6413874735089108
26,rosemary clooney was married three times twice to josé ferrer from 1953 until 1961 and then again from 1964 to 1967 by whom she had five children including actor miguel ferrer born in 1955 and gabriel ferrer born 1956 who married debby boone and once to dante depaolo whom she married in 1997,14.493212699890137,0.6959539525472684,0.628795097108261
27,rosemary betty and brother nick as well as her nephew george clooney nicks son all became entertainers,12.940804481506348,0.19473990937133764,0.5361391179024052
28,in 1945 the clooney sisters won a spot on cincinnatis radio station wlw as singers,13.806072235107422,0.4741022214722475,0.5877828995029857
29,she was born in maysville kentucky about 60 miles up the ohio river from cincinnati ohio to andrew joseph clooney and frances marie guilfoyle both of whom were of irish descent rosemarys paternal greatgrandparents nicholas clooney and bridget byron were born in ireland although clooneys paternal grandmother crescentia koch was german,15.192017555236816,0.9215716752516269,0.6705034875813303
30,in 1958 clooney left columbia doing a number of recordings for mgm records and then some for coral records,11.671052932739258,-0.2152149594897836,0.460353592094218
31,finally toward the end of 1958 she signed with rca victor records where she stayed until 1963 except for doing some recordings in 1960 for reprise records,11.79638671875,-0.17474940868357114,0.4678341790512316
32,in 1964 she went to reprise again shifting the next year to dot records,10.760812759399414,-0.5090971691677244,0.40602561729058256
33,in 1966 she went to united artists records,12.130083084106445,-0.06701144228221839,0.4877509529534763
34,in 1986 she sang a duet with wild man fischer on its a hard business,16.609716415405273,1.3792931490858193,0.7551192958155143
35,michael mcmanus born february 5 1959 is a syndicated columnist who write ethics religion,18.508832931518555,1.992446220701422,0.8684686702536926
36,on january 28 2005 it was revealed that he accepted money from the george w bush administration to promote their marriage initiative program which he did not disclose to his readers,17.68625831604004,1.726867912138289,0.8193730422065859
37,timothy bush sr c 1728 c 1815 soldier,17.1281681060791,1.5466816394305571,0.7860632501836037
38,he is assumed to be the son of richard bush and mary fairbanks both of dedham massachusetts,11.13359546661377,-0.3887396976622596,0.4282752719619009
39,by training he was a blacksmith but when the american revolution broke out militia captain bush led a company of soldiers for the continental army,14.807929039001465,0.7975639845681884,0.6475790420958758
40,the family moved around 1810 to springport in cayuga county in the rochester new york area,10.6085786819458,-0.5582478091644136,0.3969394778667332
41,he died in springport new york in 1815,11.254587173461914,-0.3496760403960989,0.43549670054044454
42,through his son timothy bush jr who was also a blacksmith descended two american presidents george h w bush and george w bush,4.9851226806640625,-2.373849585582969,0.06130171445533694
43,bush was a soldier in the french and indian wars and a captain in the american revolution and is the greatgreatgreatgreatgreat grandfather of president george w bush,8.766982078552246,-1.152829871121619,0.28702319774857227
44,they had five children after which they relocated to norwich vermont where bush was a captain of a militia company,12.854010581970215,0.16671743384308974,0.5309587963507791
45,anne hutchinson july 17 1591 – august 20 1643 was the unauthorized puritan preacher of a dissident church discussion group and pioneer in rhode island and the bronx,10.278825759887695,-0.6647125865062201,0.3772580696343707
46,eventually john winthrop decided to take hutchinson out of power before her influence became too strong among the communitys men,9.294063568115234,-0.9826551443077556,0.3184822244133397
47,after a twoday trial she was banished as a heretic in 1638 and led 60 followers to settle aquidneck island in what later became rhode island,5.590859413146973,-2.1782800484002696,0.09745530435812125
48,they founded the town of portsmouth rhode island,7.571774005889893,-1.538717463986391,0.21568682306577872
49,at the age of 21 she married william hutchinson,7.2645134925842285,-1.6379202911542197,0.19734788141725423
50,they were part of the puritan movement especially following the teachings of john cotton,8.1116943359375,-1.3643975599744282,0.24791214001610562
51,three us presidents franklin d roosevelt and both bushes – george h w bush and george w bush are her descendants,13.430598258972168,0.3528758407706425,0.5653726155885216
52,another descendant eve laplante is the author of the most recent biography of anne hutchinson american jezebel the uncommon life of anne hutchinson the woman who defied the puritans,17.752090454101562,1.7481226257490456,0.8233022543449086
53,hutchinson was born anne marbury on july 17 1591 in alford lincolnshire england,15.554899215698242,1.038732472315445,0.6921621951221247
54,hutchinson emigrated from england to massachusetts in 1634 in response to the preacher john cottons doing so,13.244023323059082,0.2926378332176773,0.5542368310844338
55,she later moved yet further from her bostonbased persecutors to what is now the bronx in northern new york city,8.838981628417969,-1.1295839329284958,0.29132051382574087
56,erin fleming august 13 1941 april 15 2003 was a minor actress who was best known as the companion and caregiver to groucho marx in his final years,14.095280647277832,0.5674767062680928,0.6050443957427558
57,fleming was born marilyn fleming in canada,15.921866416931152,1.1572123363517168,0.7140647494657669
58,sir andrew fielding huxley om frs born 22 november 1917 hampstead london england uk is a british physiologist and biophysicist who won the 1963 nobel prize in physiology or medicine for his work with alan lloyd hodgkin on the basis of nerve action potentials the electrical impulses that enable the activity of an organism to be coordinated by a central nervous system,10.355249404907227,-0.6400382749038503,0.38181943924058
59,hodgkin and huxley shared the prize that year with john carew eccles who was cited for research on synapses,15.167495727539062,0.9136545022678026,0.6690398944810451
60,huxley was a son of the writer and editor leonard huxley by his second wife rosalind bruce and hence halfbrother of aldous huxley and fellow biologist julian huxley and grandson of the biologist t h huxley,8.278203010559082,-1.3106381911160006,0.25785026332067945
61,albert einstein march 14 1879 – april 18 1955 was a germanborn jewish theoretical physicist of german swiss and american citizenship who is widely regarded as the greatest scientist of the 20th century or even of all time ranking alongside the luminaries newton and gauss,15.277678489685059,0.9492283590984381,0.6756161877506541
62,he was awarded the 1921 nobel prize for physics for his explanation of the photoelectric effect in 1905 his miracle year and for his services to theoretical physics,16.645954132080078,1.3909929405935917,0.7572821554827892
63,einstein attended the luitpold gymnasium where he received a relatively progressive education,12.721412658691406,0.12390656718039265,0.5230446470461253
64,in the spring of 1896 the serbian mileva marić an acquaintance of nikola tesla started initially as a medical student at the university of zurich but after a term switched to the same section as einstein as the only woman that year to study for the same diploma,17.916587829589844,1.8012326220012862,0.8331203326197892
65,einstein married mileva marić on january 6 1903,7.321201801300049,-1.6196177750532406,0.20073134118729885
66,abram joffe a soviet physicist who knew einstein in an obituary of einstein wrote the author of the papers of 1905 was a bureaucrat at the patent office in bern einsteinmarić and this has recently been taken as evidence of a collaborative relationship,15.615164756774902,1.0581899417809606,0.6957591631455498
67,he and mileva had an illegitimate daughter lieserl born in january 1902,8.152592658996582,-1.3511930345043819,0.2503531694605786
68,in 1894 following the failure of hermanns electrochemical business the einsteins moved from munich to pavia italy near milan,14.886526107788086,0.8229400127042235,0.6522701331922088
69,despite excelling in the mathematics and science portion his failure of the liberal arts portion of the eidgenössische technische hochschule eth swiss federal institute of technology in zurich entrance exam the following year was a setback his family sent him to aarau switzerland to finish secondary school where he received his diploma in september 1896,9.570168495178223,-0.8935112804739818,0.3349616349689065
70,alberts sister maja was to later marry their son paul and his friend michele besso married their other daughter anna,12.217962265014648,-0.03863857034532148,0.492996049869631
71,the same year he renounced his württemberg citizenship and became stateless,14.992683410644531,0.8572142006061176,0.6586061656413651
72,on may 14 1904 the couples first son hans albert einstein was born,7.455207824707031,-1.5763522859851213,0.20872953339680902
73,einstein was born at ulm in badenwürttemberg germany about 100 km east of stuttgart,12.225126266479492,-0.036325584561691125,0.49342363557994656
74,the family was jewish nonobservant albert attended a catholic elementary school and at the insistence of his mother was given violin lessons,12.639898300170898,0.09758865625520353,0.5181794365823994
75,miguel ferrer born february 7 1955 in santa monica california is a puerto ricanamerican actor who is often cast in movies as a villain,15.470100402832031,1.011354135000636,0.6871009509541488
76,in 1983 miguel was given a small part as a waiter in the movie the man who wasnt there,11.129782676696777,-0.3899707036743674,0.42804770438071865
77,he was also given a small part in star trek iii the search for spock as the excelsior helm officer,14.348108291625977,0.6491052137378024,0.6201344942619301
78,miguel was the oldest of five children born to oscar winner jose ferrer and singer rosemary clooneyferrer,10.070497512817383,-0.7319739175049532,0.3648239318219366
79,miguel was raised amongst all the splendor and glamour of hollywood,14.635993957519531,0.7420526336665157,0.6373170419686588
80,as a child his hero was batman and as a teenager his interests shifted towards music,15.084555625915527,0.8868762726862601,0.6640895880858866
81,miguel played the drums on keith moons two sides of the moon,13.340645790100098,0.3238335823729345,0.5600037738195679
82,band mate billy mumy will robinson on the tv classic lost in space cast miguel as a drummer in his first television role in the series sunshine,16.33230972290039,1.2897289943049401,0.7385621889747264
83,among the many television shows in which miguel has made guest appearances are miami vice chips will grace superman tales from the crypt and twin peaks,10.567498207092285,-0.5715111445765091,0.39448757663436484
84,he also starred in the mini series the stand,16.726154327392578,1.4168865578007508,0.7620689296966728
85,miguel played the role of dr garret macy in nbcs drama crossing jordan,10.089515686035156,-0.7258336669062903,0.3659590375507854
86,in 1999 at the 41st grammy awards miguel was nominated for best spoken word album for children in disneys the lion king ii simbas pride readalong,13.938741683959961,0.5169361810441262,0.5957013178343
87,in 2003 miguel made his new york stage debut in the offbroadway production of the exonerated,14.239121437072754,0.6139174703486836,0.6136295791180846
88,his cousin is actor george clooney,11.292335510253906,-0.3374885266464108,0.43774972205078916
89,his brother gabriel ferrer is married to singer debby boone,8.931961059570312,-1.0995643826142218,0.2968700208029669
90,miguel was close friends with actress dominique dunne and in 1982 served as a pallbearer in her funeral,16.337995529174805,1.2915647266321506,0.7389015481340583
91,william hindman april 1 1743 – january 19 1822 was an american lawyer and statesman from talbot county maryland,13.986437797546387,0.5323354566027929,0.5985480755725867
92,he represented maryland in the continental congress and in the federal congress as both the representative and a us,12.480607032775879,0.0461595158859285,0.5086720865280476
93,senator james lloyd resigned and hindman was named to finish his term,10.06862735748291,-0.7325777201036885,0.36471231100485346
94,he served in the united states senate from december of 1800 until november of 1801,5.9524383544921875,-2.0615398501890128,0.11903625869333917
95,in the senate he was aligned with the federalists,13.026531219482422,0.22241783869459592,0.5412557455762567
96,william was born in dorchester county maryland the second son of jacob hindman 17131766 and mary trippe hindman died 1782,7.439319133758545,-1.5814821448307248,0.2077812118144459
97,william studied law at the inns of court in london returning to maryland in 1765,11.716279029846191,-0.20061315906152188,0.46305292611182886
98,hindman died in baltimore maryland and is buried in st paul’s burial ground there,13.191986083984375,0.2758369720244145,0.5511309718880325
99,in 1792 voters returned him the state senate but later that year he was appointed to the united states house of representatives after the resignation of joshua seney,9.443869590759277,-0.9342884316014182,0.32742344461215395
100,from 1775 and 1777 hindman served in maryland’s revolutionary government as the state’s treasurer for the eastern shore,13.902299880981445,0.5051704977688223,0.5935262772109539
101,clive jay davis born april 4 1934 is the founder of arista records and member of the rock and roll hall of fame as a nonperformer,16.120521545410156,1.2213505823127286,0.7259215441126351
102,he was a working class jewish boy who grew up in brooklyn new york,4.732986927032471,-2.455254707644529,0.04625291165405857
104,he was then hired by the legal department of cbs subsidiary columbia records,13.038300514221191,0.22621769992406637,0.5419581996831528
105,in 1974 he founded arista records naming it after his secondary school honor society,16.507869720458984,1.346410693843937,0.7490405433730974
106,erasmus darwin december 12 1731 – april 18 1802 trained as a physician and wrote extensively on medicine and botany as well as poetry,16.387134552001953,1.3074298631453745,0.7418344263701762
107,he lived in lichfield and derby england,13.071710586547852,0.23700455175552565,0.5439522904964493
108,he was one of the founder members of the lunar society,13.347443580627441,0.32602833246155505,0.5604095021133817
109,he was a member of the darwinwedgwood family most famously including his grandson charles darwin,12.35021686553955,0.004061450353303868,0.5008897078463145
110,he was born near at elston hall near nottingham and educated at chesterfield school then later at st johns college cambridge,14.525101661682129,0.7062496951767988,0.6306983999545775
111,he obtained his degree at edinburgh medical school,7.089579105377197,-1.6944000047142413,0.1869068667720737
112,he practised medicine in lichfield in staffordshire for twenty years george iii invited him to be royal physician but he declined,14.766624450683594,0.7842282913739905,0.6451137645799712
113,in 1781 he moved to derby where he died suddenly on the 18th of april 1802,7.373369216918945,-1.6027748847652672,0.2038449700122222
114,his most important scientific work is his zoönomia 1794–1796 which contains a system of pathology and a treatise on generation in which he in the words of his famous grandson charles robert darwin anticipated the views of jeanbaptiste lamarck who in turn is regarded to have foreshadowed the theory of evolution,13.550435066223145,0.39156662452988406,0.5725251136165871
115,eunice mary kennedy shriver born july 10 1921 in brookline massachusetts is a member of the kennedy family,11.102228164672852,-0.39886701600749197,0.4264031045500282
116,her father was joseph p kennedy sr and her mother was rose kennedy,5.669044494628906,-2.1530370354211206,0.10212180586088979
117,on may 23 1953 she married robert sargent shriver jr who was us ambassador to france from 1968 to 1970 and was democratic vicepresidential candidate in 1972,9.94490909576416,-0.7725216790678523,0.35732814713001165
118,she actively campaigned for her brother john f kennedy and supported arnold schwarzeneggers successful bid for governor of california in 2003,12.89473819732666,0.1798668442365559,0.5333896370516223
119,king married coretta scott on june 18 1953,4.558391094207764,-2.5116251147677575,0.035832103735071036
120,the wedding ceremony took place in scotts parents house in marion alabama and was performed by kings father,7.710582733154297,-1.4939013630430906,0.2239716661854525
121,in 1953 king became the pastor of the dexter avenue baptist church in montgomery alabama,12.321812629699707,-0.0051092057408982615,0.49919439197889737
122,the reverend martin luther king jr phd boston university january 15 1929 – april 4 1968 was an american nobel laureate baptist minister and african american civil rights activist,11.717266082763672,-0.20029447691481564,0.46311183867974376
123,he also was awarded the presidential medal of freedom,11.8631591796875,-0.15319110029344032,0.471819514660051
124,following the campaign king was instrumental in the founding of the southern christian leadership conference sclc in 1957 a group created to harness the moral authority and organizing power of black churches to conduct nonviolent protests in the service of civil rights reform,13.212542533874512,0.28247387412321,0.5523578901502598
125,the organizations nonviolent principles were criticized by the younger more radical blacks and challenged by the student nonviolent coordinating committee sncc then headed by james foreman,10.091392517089844,-0.7252277089693647,0.3660710568103569
126,king was born in atlanta georgia to the rev martin luther king sr and alberta williams king,11.444307327270508,-0.28842256065005417,0.44682020837688335
127,he graduated from morehouse college with a bachelor of arts degree in sociology in 1948,12.935006141662598,0.19286784420034822,0.5357930421411274
128,his application to yale divinity school was rejected and he graduated from crozer theological seminary in chester pennsylvania 1 with a bachelor of divinity in 1951,11.703803062438965,-0.2046411782337067,0.462308294021527
129,he received his phd in systematic theology from boston university in 1955,11.93908977508545,-0.1286759758116958,0.4763514564424806
130,gail davis born october 5 1925 died march 15 1997 was an american actress,13.881710052490234,0.4985228189790753,0.592297366736285
131,she and her husband moved to hollywood california to pursue a career in motion pictures and in 1947 as gail davis she made her motion picture debut in a comedy film short,16.082347869873047,1.209025742729774,0.7236431361237494
132,she then appeared in minor roles in another four films until landing a supporting role under star roy rogers in a 1948 western film called the far frontier,12.085672378540039,-0.08134998354580975,0.4851002858397951
133,between then and 1953 davis appeared in more than three dozen films of which all but three were in the western genre and that included fourteen films with the singing cowboy star gene autry,11.794832229614258,-0.17525129457645153,0.4677413988718101
134,in 1950 she began to guest star in television westerns notably in the lone ranger and cisco kid series plus more than a dozen appearances on the gene autry show,8.306267738342285,-1.3015771493640471,0.25952531554154806
135,gail davis passed away from cancer in 1997 in los angeles california and was interred there in the forest lawn hollywood hills cemetery,10.7036771774292,-0.5275440929274525,0.40261546187382097
136,the daughter of a small town medical doctor she was born betty jeanne grayson in a hospital at little rock arkansas,11.83816909790039,-0.16125945485604012,0.4703279736652283
137,her family lived in mcgehee arkansas where she was raised until they moved to little rock,14.878083229064941,0.8202141257044259,0.6517662172852036
138,she had been singing and dancing since childhood and after graduating from high scool in little rock she went to study drama at girls college in bryn mawr pennsylvania before completing her education at the university of texas in austin,10.286722183227539,-0.66216312933257,0.3777293701776897
139,between 1954 and 1956 gail davis starred as the western sharpshooter annie oakley in the annie oakley television series on the abc network,7.349940299987793,-1.6103391980967963,0.20244660763930936
140,elvis aron presley january 8 1935 – august 16 1977 also known as the king of rock and roll sometimes shortened to the king was an american singer and actor,11.460536003112793,-0.2831829335094741,0.4477888220659727
141,the movies jailhouse rock 1957 king creole 1958 and flaming star 1960 are widely regarded as his best among film critics,10.892475128173828,-0.4665883577571228,0.41388392772651705
142,among fans blue hawaii 1961 and viva las vegas 1964 are also highly praised,12.392234802246094,0.017627456828406326,0.5033975617881131
143,elvis aron presley was born in a tworoom house in east tupelo mississippi to vernon elvis presley and gladys love smith,8.951311111450195,-1.0933169809169563,0.2980249348155204
144,elvis presley was raised both in east tupelo which merged with tupelo in 1948 and later in memphis tennessee where his family moved when he was 13,13.381035804748535,0.3368739942350635,0.5624144647145736
145,elvis had a twin brother jesse garon presley who died at birth,14.3701753616333,0.6562298380785136,0.6214515743672271
146,beginning with love me tender opened on november 15 1956 presley starred in 31 motion pictures having signed to multiple longterm contracts on the advice of his manager,12.809239387512207,0.15226250431722307,0.528286613342729
147,elvis was praised by all his directors including the highly respected michael curtiz as unfailingly polite and extremely hardworking,17.665836334228516,1.720274424708755,0.8181541497144804
148,niels fabian helge von koch january 25 1870 march 11 1924 was a swedish mathematician who gave his name to the famous fractal known as the koch curve which was one of the earliest fractal curves to have been described,18.38786506652832,1.9533902610716551,0.8612486646840358
149,his grandfather nils samuel von koch 18011881 was the attorneygeneral justitiekansler of sweden,10.621315956115723,-0.554135423897352,0.3976997061344348
150,john quincy adams july 11 1767 – february 23 1848 was the sixth 18251829 president of the united states,12.100905418395996,-0.0764318097010377,0.48600947467777034
151,the son of president john adams and first lady abigail smith he was the only son of a former president to become president himself until george w bush took office in 2001,13.822288513183594,0.47933784584190275,0.5887507732274538
152,he was secretary of state in the cabinet of president james monroe from 1817 to 1825 a tenure during which he was instrumental in the acquisition of florida and in keeping the united states from becoming dependent on england,17.703142166137695,1.7323190703269726,0.8203807601798854
153,adamss son charles francis also pursued a career in politics,14.165228843688965,0.5900603398258872,0.6092192761353014
154,while serving as secretary of state under president james monroe adams negotiated the adamsonís treaty with spain and devised the monroe doctrine both of which were of long lasting importance,12.99548053741455,0.2123927449606741,0.5394024757224012
155,adams was born in braintree massachusetts in a part of town which eventually became the separate town of quincy,17.131969451904297,1.547908950577196,0.7862901347205203
156,he acquired his early education in europe at venerable institutions such as the university of leiden while accompanying his father while the elder adams was serving as an american envoy to france and later the netherlands during the revolutionary war,12.531244277954102,0.0625083718701432,0.511694386642614
157,he graduated from harvard university in 1787 and was elected to phi beta kappa,10.18552303314209,-0.6948365167699948,0.3716892666566392
158,he studied law after which he was admitted to the bar and commenced practice in boston,15.267806053161621,0.946040921820464,0.6750269482307943
159,adams was elected to the us house of representatives in 1830 one of only two us presidents to serve in congress after having been president,14.408187866210938,0.6685026416394457,0.6237203628160378
160,although adams lost in both the popular and electoral votes in the presidential election of 1824 none of the candidates were able to secure a majority of the electoral vote thereby putting the outcome in the hands of the house of representatives which to the surprise of many elected adams over rival andrew jackson,11.907175064086914,-0.13898003188853147,0.47444661674656624
161,some say this was because of a bargain he struck with henry clay which put clay into office as his secretary of state once adams won,14.458447456359863,0.6847295670631816,0.6267201224698369
162,during this time he worked on developing a federal system of roads canals bridges lighthouses and universities until jackson who defeated adams in the latters quest for reelection was sworn in to replace him,10.861550331115723,-0.47657280797088497,0.412038171359584
163,president george washington appointed him minister to the netherlands in 1794 minister to portugal in 1796 and minister to prussia in 1797,7.926836967468262,-1.424081029801579,0.23687886907222525
164,while serving abroad he met louisa catherine johnson the daughter of an american merchant living abroad,14.993966102600098,0.8576283334441079,0.6586827235194767
165,adams received one electoral vote in the presidential election of 1820,15.031950950622559,0.8698922077468232,0.6609498612779786
166,rather than retire adams would go on to win election as a democraticrepublican to the house of representatives beginning with the 22nd congress serving from march 4 1831 until his death,9.29405403137207,-0.9826582233623131,0.31848165520978494
167,aldous leonard huxley july 26 1894 – november 22 1963 was a british writer who emigrated to the united states,10.731637954711914,-0.5185166128701765,0.404284309775943
168,he was a member of the famous huxley family who produced a number of brilliant scientific minds,17.965579986572266,1.817050341074324,0.8360444451211643
169,he wrote great novels on dehumanising aspects of scientific progress most famously brave new world and on pacifist themes eg eyeless in gaza,9.272377967834473,-0.9896566064661648,0.31718791245023203
170,huxley was strongly influenced by f matthias alexander and included him as a character in eyeless in gaza,6.868376731872559,-1.7658179054129368,0.17370433262092766
171,huxley was born in godalming surrey england,10.421732902526855,-0.6185732618668133,0.385787527981691
172,he was the son of the writer leonard huxley by his first wife julia arnold and grandson of thomas henry huxley one of the most important naturalists of the 19th century a man known as darwins bulldog,11.625625610351562,-0.22988172796920964,0.45764224788160224
173,his brother julian huxley was a biologist also noted for his evolutionary theories,17.318239212036133,1.6080484283843195,0.7974077047108566
174,john wells november 17 1936 january 11 1998 was a british actor writer and satirist,14.741636276245117,0.7761605526223022,0.6436223374258595
175,wells began his television career as a writer on that was the week that was the 1960s weekly satire show that launched the careers of david frost and millicent martin among others,11.723773002624512,-0.19819363799020037,0.46350020626513816
176,besides making cameo appearances in films such as casino royale 1967 television dramas like casanova 1987 and comedy shows like yes minister he also wrote television scripts and screenplays notably princess caraboo 1994,9.044217109680176,-1.0633211393227755,0.303570058925375
177,in 1997 he appeared in the bbc situation comedy chalk,13.343896865844727,0.3248832320716028,0.5601978153113764
178,bartholomew j simpson voiced by nancy cartwright is a fictional character featured in the animated television series the simpsons,11.491943359375,-0.2730426831351,0.4496633801327753
179,he is the 10yearold son of homer and marge simpson and older brother of lisa and maggie,10.013429641723633,-0.7503989799773229,0.36141781775041365
180,roy stanley geiger january 25 1885 – january 23 1947 was a united states marine corps general who during world war ii became the first marine to lead an army,12.581298828125,0.07866909762089168,0.5146819084199863
181,geiger was born in middleburg florida,12.194986343383789,-0.04605662858536706,0.491624724665568
183,he was commissioned a second lieutenant on 5 february 1909,9.012871742248535,-1.0734413758425256,0.30169920068167816
184,following attendance at the marine officers school at port royal south carolina he served as a member of the marine detachments aboard wisconsin bb9 and delaware bb28,13.930838584899902,0.5143845685322859,0.5952296188484927
185,for his part in this action he was awarded the distinguished service medal,17.041860580444336,1.5188161956847441,0.780911958013269
186,geiger commanded the iii amphibious corps in the battle of okinawa where he assumed command of the us tenth army upon the combat death of lt general simon bolivar buckner commanding general of the tenth army,11.171196937561035,-0.3765996013527578,0.4305195277375027
188,culbert levy olson november 7 1876 april 13 1962 was a us politician,12.366028785705566,0.009166522809719102,0.501833447340062
189,he was born in fillmore utah to daniel olson and his wife delilah king,14.81102466583252,0.7985634456775687,0.6477638055697421
191,in his 1942 bid for reelection he was defeated by state attorney general earl warren,14.153037071228027,0.5861240764795174,0.6084916063109306
192,he later became president of the united secularists of america,16.513931274414062,1.3483677409207149,0.7494023291524858
193,he died in los angeles at age 85 and was buried in forest lawn memorial park cemetery in suburban glendale,16.29522705078125,1.277756398563369,0.7363488978725021
194,prescott sheldon bush may 15 1895 columbus ohio – october 8 1972 new york city was a us,11.519282341003418,-0.264215957434976,0.4512951159631287
195,senator from connecticut and a wall street executive banker with brown brothers harriman,13.99366283416748,0.5346681483355916,0.5989793041856526
196,his son george h w bush and grandson george w bush would both later become us presidents,12.421372413635254,0.027034892218083927,0.5051366494088892
197,his father was samuel prescott bush and his mother was flora sheldon,11.927102088928223,-0.1325463473905341,0.4756359675741811
199,among those attending the kennebunkport maine wedding ceremony were isabel stillman rockefeller daughter of percy rockefeller hope lincoln mary keck elizabeth trotter martha pittman ruth lionberger nancy walker george herbert walker knight wooley frank shephard john shepley richard bentley henry isham william potter wear and henry fenimore cooper,12.810074806213379,0.1525322294964643,0.5283364755741236
201,when it merged with brown brothers in 1931 he became a partner in the new firm of brown brothers harriman,15.765728950500488,1.106801439324623,0.7047456350269653
202,bush called it my good fortune to work with close friends including yale classmates and members of the skull and bones e roland harriman knight woolley and ellery james as well as robert a lovett and thomas mccance,9.973438262939453,-0.7633106873589462,0.35903091956399574
203,he maintained homes in long island new york and greenwich connecticut the family compound at kennebunkport maine a 10000 acre 40 km² plantation in south carolina and an island retreat in florida,11.508110046386719,-0.26782306984914395,0.45062829399875887
204,after graduation he served as a field artillery captain with the american expeditionary forces 19171919 during world war i,9.411599159240723,-0.9447073364132504,0.325497373623648
205,he received training in intelligence at verdun and was briefly assigned to a staff of french officers,12.915670394897461,0.18662506108491886,0.534638981933906
206,alternating between intelligence and artillery bush came under fire in the meuseargonne offensive,13.829262733459473,0.4815895584398379,0.5891670317870302
207,the bushes moved to columbus ohio in 1923 where bush worked for the hupp products company where his business efforts generally failed,13.103836059570312,0.24737665493808317,0.5458697095909234
208,he left in november 1923 to become president of sales for stedman products of south braintree massachusetts,15.61491584777832,1.0581095784570085,0.6957443069327712
209,in 1925 he joined the united states rubber company based in new york city as manager of the foreign division and moved to greenwich connecticut,17.271772384643555,1.5930460429581208,0.794634317310775
210,in 1952 he was elected to the us senate republican connecticut defeating abraham ribicoff for the vacancy caused by the death of james obrien mcmahon,6.937894821166992,-1.7433731372156878,0.17785354193315472
211,he served until january 1963 and was a staunch supporter of president dwight d eisenhower,9.469147682189941,-0.9261270895911804,0.3289321755543296
212,as a managing partner of brown brothers harriman he sat on several corporate boards including the following,15.327286720275879,0.9652449850958933,0.6785770708016649
213,bush was born in columbus ohio to flora sheldon and samuel prescott bush a steel company president and later a us government official in charge of coordination and assistance to major weapons contractors during world war i,10.71901798248291,-0.5225911257661803,0.40353108271196464
214,after attending the douglas school in columbus and st georges school in newport rhode island as well as the famous stonyhurst college in england where he designed the boys golf course still in use today from 1908 to 1913 bush entered yale university,9.513284683227539,-0.9118769171933907,0.3315665065259899
215,there he played varsity golf football and baseball and was president of the yale glee club,8.404726028442383,-1.2697886822064617,0.2654018299609683
216,on may 18 1916 he was tapped to join the skull and bones society at yale,13.829732894897461,0.48174135582952504,0.5891950935222785
217,other new bonesmen that year were e roland harriman h s fenimore cooper grandson of james fenimore cooper knight wooley son of ulysses grant wooley ellery james and henry neil mallon,8.662067413330078,-1.1867028582146644,0.2807613325225977
218,he was a member of the executive committee of the united states golf association usga from 19281935 serving successively as secretary vice president and president,12.388248443603516,0.0163404120233511,0.5031596347022347
219,after his discharge in 1919 bush went to work for the simmons hardware company in st louis missouri,13.69408130645752,0.43794457589750097,0.5810986852393992
220,from 1947 to 1950 he served as connecticut republican finance chairman and was the republican candidate for the united states senate in 1950 losing to senator william benton by only 1000 votes,10.491231918334961,-0.5961346517786793,0.3899355988868086
221,the following year bush was connecticut chairman of the united negro college fund and was one of the uncfs earliest supporters,15.711894035339355,1.0894201763472624,0.7015324809604968
222,talia shire born april 25 1946 is an american actress of italian descent,13.28033447265625,0.3043613334455428,0.5564040736190802
223,she is the mother of actors jason and robert schwartzman and aunt to actor nicolas cage,10.068686485290527,-0.7325586299654316,0.3647158400668928
224,born talia rose coppola in lake success long island new york she is the sister of director and producer francis ford coppola,8.958739280700684,-1.090918705322082,0.29846828746430204
225,shire became famous for her roles as the wife of boxer rocky balboa in the rocky movies and for her role in the godfather and its sequels,9.841499328613281,-0.8059087913517168,0.351156102224974
226,she was nominated for the academy award for best supporting actress for the godfather part ii and for the best actress in a leading role for rocky,16.19968032836914,1.2469079667622032,0.7306461612983419
228,winthrops daughter rosemary isabel forbes was kerrys mother,11.057159423828125,-0.41341801203555417,0.42371316239107043
229,winthrop died at st briac sur mer illeetvilaine france,9.473088264465332,-0.9248548242480014,0.32916737046314526
230,other notable figures in this branch of the family tree are franklin d roosevelt kerrys 4th cousin twice removed jane addams calvin coolidge kerrys 8th cousin once removed and ironically george hw bush kerrys 9th cousin once removed and george w bush kerrys 9th cousin twice removed,12.79496955871582,0.1476553149827634,0.5274349140637818
231,1 she also has some relation to all the royal houses of europe including such figures as henry iii henry ii henry i richard the lionheart and russian czar ivan the terrible,12.432753562927246,0.03070943592706218,0.5058159369311077
232,she was born in massachusetts and raised in boston,14.684883117675781,0.7578370989503318,0.6402350070716427
233,her grandfather was robert charles winthrop the conservative whig speaker of the house and a us senator,9.303827285766602,-0.9795028082517375,0.31906497501267544
234,her ancestors include james bowdoin former governor of maine and john winthrop the first governor of the massachusetts bay colony,9.7821683883667,-0.8250645134705925,0.34761491614991286
235,david manners april 30 1901 – december 23 1998 was a canadian film actor,9.727063179016113,-0.8428559065150186,0.34432594416995393
236,born rauff de rither duan acklom in halifax nova scotia manners came to hollywood at the beginning of the talking films revolution after studying acting with eva le gallienne and acting on stage with helen hayes,8.488784790039062,-1.2426492795253188,0.270418903933097
237,in 1940 he officially changed his name to david joseph manners and became a naturalized citizen of the united states,10.143511772155762,-0.708400367906907,0.36918181115732884
238,he was discovered by the film director james whale and within a few years he was a popular leading man playing opposite such up and coming actresses as katharine hepburn gloria stuart myrna loy loretta young and ann dvorak and he was paired several times with helen chandler,12.197654724121094,-0.04519510912016502,0.49178398782018234
239,his most widely seen role was as jonathan harker in tod brownings dracula 1931 though he commented throughout his life that he had never watched the film and did not intend to,9.088250160217285,-1.0491045286196632,0.30619818557828876
240,he died in santa barbara california,12.810632705688477,0.15271235418808088,0.5283697739820755
241,elliott roosevelt september 23 1910 – october 27 1990 world war ii hero and an author was the son of president franklin delano roosevelt and his wife eleanor roosevelt,3.958040714263916,-2.7054556019363534,0.0
242,during world war ii he accompanied fdr as a military aide to the casablanca meeting of 1943 and the subsequent cairo and tehran conferences,8.843770027160645,-1.1280379396351508,0.2916063109305724
243,as an army photo reconnaissance pilot he and the men in his unit also played a key role in the dday landings,10.235947608947754,-0.6785563237024135,0.3746988735319351
244,colonel elliot roosevelt was a pilot in the united states army air force usaaf during world war ii,9.179320335388184,-1.0197014050278106,0.3116337380038572
245,he flew a p38 lightning in the north african campaign of november 1942,8.830904960632324,-1.1321915842332835,0.2908384553352374
246,on 28 february 1934 he and anthony fokker each received an excessive half a million dollars for selling fifty military planes to the soviet government,12.102273941040039,-0.07598996537202951,0.4860911553878745
247,elliot and fokker were able to receive such a large commission because elliot had close connections to the us exportimport bank through his father franklin delano roosevelt,11.683558464050293,-0.21117739524847043,0.46109998871553953
248,stella dorothea gibbons 5 january 1902—19 december 1989 was an english novelist and poet,13.442713737487793,0.35678747168055197,0.5660957317844546
249,her works include cold comfort farm,17.577743530273438,1.6918325819497688,0.8128963026386996
250,keynes was educated at oundle school,7.647171974182129,-1.5143743047016855,0.2201869748296765
251,keynes pronounced canes was born in london the eldest son of geoffrey keynes and thus the nephew of the economist john maynard keynes and geoffrey keynes wife elizabeth née darwin the granddaughter of charles darwin and thus the greatgrandson of charles darwin see darwin wedgwood family,13.253878593444824,0.2958197281974478,0.5548250460378951
252,charles francis adams jr may 27 1835 – may 20 1915 a member of the prominent adams political family and son of charles francis adams sr graduated at harvard in 1856 and served on the union side in the american civil war receiving in 1865 the brevet of brigadiergeneral in the regular army,11.459325790405273,-0.283573665532827,0.447716590134877
253,he was president of the union pacific railroad from 1884 to 1890 having previously become widely known as an authority on the management of railways,14.0213623046875,0.543611262297991,0.6006325559103749
255,jean tardieu born in st germain de joux france november 1 1903 died in créteil france january 27 1995 was an artist musician poet and dramatic author,12.515918731689453,0.05756033119616293,0.5107796765301579
256,he is often associated with the theatre of the absurd,17.032522201538086,1.5158011854619928,0.7803545938924743
257,john eric austin born august 21 1944 in blaby leicestershire is a british member of parliament for erith and thamesmead,10.076266288757324,-0.7301113974030922,0.3651682430521947
258,he is a member of the labour party,10.585148811340332,-0.5658124304013985,0.3955410585734649
259,he worked as a social worker and was leader of greenwich council before entering parliament,18.888286590576172,2.114957490869892,0.8911164828115468
260,austin is a member of the leftwing socialist campaign group,7.714620113372803,-1.4925978452961524,0.22421263851034876
261,he stated his intention to act as a stalking horse against tony blair,11.532003402709961,-0.2601088065606622,0.4520543765847872
263,robert strange mcnamara born june 9 1916 is an american business executive and a former united states secretary of defense,12.782506942749023,0.14363160648695916,0.5266910788584566
264,he resigned that position to become president of the world bank 19681981,19.809406280517578,2.412352285987084,0.9460938050304218
265,mcnamara was born in san francisco where his father was sales manager of a wholesale shoe firm,12.300858497619629,-0.011874504414743588,0.4979437379284377
266,he graduated in 1937 from the university of california berkeley with a degree in economics and philosophy and earned a masters degree from the harvard graduate school of business administration in 1939,12.05215072631836,-0.09217286031559234,0.4830995353449082
267,he worked a year for the accounting firm of price waterhouse in san francisco and then in august 1940 returned to harvard to teach in the business school,9.122293472290039,-1.0381132275655827,0.30823007150761955
268,following his involvement there in a program to teach the analytical approaches used in business to officers of the army air forces he entered the army as a captain in early 1943 serving under col curtis lemay with analysis of us bombers efficiency and effectiveness as a major responsibility,20.71257972717285,2.7039529162378813,1.0
269,he left active duty three years later with the rank of lieutenant colonel,13.06552505493164,0.23500747696949978,0.5435831050708495
270,during this period mcnamara helped to plan the 1945 bombing of tokyo,12.8465576171875,0.16431115270636568,0.5305139637727552
271,in 1946 mcnamara joined ford motor company which he later said had been the result of a life magazine article which reported how few collegeeducated managers there were at the then unprofitable company,12.176801681518555,-0.05192776981570033,0.4905393673274029
272,presidentelect john f kennedy first offered the post of secretary of defense to former secretary robert a lovett,12.501298904418945,0.052840140559441244,0.509907087480752
273,lovett declined but recommended mcnamara kennedy had him approached by sargent shriver regarding either the treasury or the defense cabinet post and less than five weeks after becoming president at ford mcnamara accepted kennedys invitation to serve as secretary of defense,9.66334342956543,-0.8634286095412782,0.3405228106190046
274,he also created the defense intelligence agency and the defense supply agency,15.08614444732666,0.8873892431755477,0.6641844173981051
275,mary lilian baels november 28 1916 – june 7 2002 was best known as princess de réthy the controversial morganatic second wife of king léopold iii of the belgians,14.222810745239258,0.6086513633389086,0.6126560702784245
276,mary lilian lucy josepha monique baels was born in highbury london england one of eight children of henri baels an attorney and fish trader from ostend belgium and his wife anne marie de visscher who were living in england during world war i,8.86516284942627,-1.1211310044516583,0.2928831483445497
277,he is also notable in that he is the great great great grandfather of president george w bush through his son reverend james smith bush,6.441105842590332,-1.9037675551329545,0.14820253343964157
278,he was the son of a blacksmith timothy bush jr and lydia newcomb and was born in penfield monroe co new york on january 28 1797,6.853713035583496,-1.7705522597006231,0.17282912523517
279,he was a participant in the underground railroad and even petitioned the new york state legislature to secede from the union in a protest against slavery,12.647292137145996,0.0999758472536708,0.518620740098384
280,eventually obadiah henry and possibly another brother or two went off to find their fortunes in the california gold rush of 1849,10.671571731567383,-0.5379097300954392,0.4006992381068119
281,robert henry dee born may 18 1933 in quincy massachusetts is a former threesport letterman at holy cross college who was one of the first players signed by the boston patriots in 1960,13.884697914123535,0.4994874867719552,0.5924756982099829
282,another example of a player misjudged by the nfl he became an ironman of the american football league who never missed a game during his career starting 112 consecutive games,9.817085266113281,-0.8137911710190406,0.3496989411248572
283,he was voted to five american football league allstar teams 1961 196365,13.969331741333008,0.5268125564429184,0.597527095156462
284,joseph h ball november 3 1905 december 18 1993 was an american politician,15.702991485595703,1.0865458789177909,0.7010011294421534
285,he served in the united states senate as a republican from minnesota,20.142688751220703,2.519956621420639,0.9659858754983911
286,he was first appointed to fill the senate seat of ernest lundeen who had died in office,15.625807762145996,1.0616261666671845,0.696394394312632
287,he lost his reelection bid in 1948 to hubert h humphrey,6.6941423416137695,-1.8220716163684345,0.1633050975166645
288,ball died in chevy chase maryland,15.873254776000977,1.1415174715555254,0.7111633481862257
289,raymond arrieta born march 26 1965 in san juan puerto rico is considered by many to be one of puerto ricos greatest comedians,15.938130378723145,1.1624633559941597,0.7150354692080088
290,after raymond graduated from high school he enrolled in the universidad del sagrado corazon university of the sacred heart of san juan where he earned a bachelors degree in radio and television production,11.563526153564453,-0.24993129962614175,0.4539358220146021
291,matthew parker august 6 1504 may 17 1575 was archbishop of canterbury from 1559,9.18331527709961,-1.0184115890736536,0.31187217737293493
292,the eldest son of william parker he was born in norwich in st saviours parish,12.323915481567383,-0.004430274210958841,0.499319901362716
293,matthew was sent in 1522 to corpus christi college cambridge where he is said to have been contemporary with william cecil but cecil was only two years old at the time,11.47830867767334,-0.2774448074360269,0.4488495898105733
294,he commenced ma in 1528 and was one of the cambridge scholars whom thomas wolsey wished to transplant to his newly founded cardinal college at oxford,13.102070808410645,0.24680672193948097,0.5457643500129422
295,adolf otto reinhold windaus december 25 1876 – june 9 1959 was a significant german chemist,16.78535270690918,1.4359994810612766,0.7656022038423232
296,he won a nobel prize in chemistry in 1928,13.88744831085205,0.5003754861063522,0.5926398565151679
297,jack kerouac march 12 1922 – october 21 1969 was an american novelist writer poet artist and part of the beat generation,12.295330047607422,-0.013659432341754391,0.49761377062775897
298,during kerouacs time at columbia university burroughs and kerouac got into trouble with the law for failing to report a murder this incident formed the basis of a mystery novel the two collaborated on in 1945 entitled and the hippos were boiled in their tanks the novel was never published although an excerpt from the manuscript would be included in the burroughs compilation word virus,10.404302597045898,-0.6242008498816445,0.38474719464470525
299,in between his sea voyages kerouac stayed in new york with friends from fordham,13.479592323303223,0.3686941756545916,0.5682968419306076
