logit_predictability,average_gaze_duration
-1.8315602493389196,148.1797281318852
1.286462468125324,148.1090439429372
0.33582229366041133,308.0025400820308
-1.018650966743767,148.11571275379345
-2.1785976172360666,307.7808043041563
-0.05906695075340852,148.11075568745747
-0.9045083228157322,148.11535964926213
-0.3548933318775965,307.92548242935857
-1.3256262500143523,308.0101901092204
1.2997229076146715,156.48434808154647
0.0912008131877238,156.1974928175025
0.9138398325930698,155.7635553652816
-0.7910012654683577,307.9166637025754
0.5432838257541296,307.979836402607
-0.1855832651348944,308.09057562991984
-1.1358118153591612,148.11580938649473
0.02488683347229488,307.8353308521589
-0.5989316337459901,307.8330333311131
0.4996779892751337,148.109043783498
-0.9196703108705321,307.9397908475213
-0.007705014601276892,148.1099725615037
1.4827424063818084,148.10915726147388
-0.07343854912444887,308.00491997133395
-0.771497307169207,148.11737986722449
0.3116518784783327,307.88789828403617
0.634339205195761,148.11033046554857
0.2840260583780257,307.9314163654865
-0.26049203658333264,148.11184191468345
0.1068575273712078,148.1091073713353
0.683115205681235,307.84189775130636
-1.5902692379296754,148.14757474976653
1.6336196422297258,307.8298349286614
-0.7697523902275785,148.11840743241112
0.8630027713060976,153.83369087137882
-1.8942008295846937,307.6709854303334
0.3222043272258905,155.01149223078733
-1.4303783209946304,307.8136862639243
-0.4119710025034107,314.3958806591329
-1.1557216164915836,307.96569559162094
1.276613263399926,307.6906855761289
0.8508869040922015,307.8019317877296
0.48965608391758997,157.858775960004
0.15040445920747408,307.9862909627527
-0.6741140138068663,148.11469813378548
-0.7415961073131999,308.03321626197373
-0.7066449431892167,307.9122448814391
-1.2367614222666532,148.1331390979074
-0.2961717948147987,308.07828921026635
-0.48880836637686353,308.03902373669337
0.993538433912235,154.3051591886475
-0.5887954774314972,307.9466287977549
0.8179534122697979,148.11011104688617
-1.1992276390242012,148.13044063646086
-1.6293262309495786,307.8634197237636
0.676462279014659,307.761249788164
0.20606856935078974,148.10840032248615
-0.4590339794175826,148.11445429342174
-0.32801983566855736,307.9680291640574
-0.7029649313215259,307.87345504066
0.6483047281534942,154.51989848101982
1.0388103715186434,307.6915865802428
-0.36141052697186604,148.1124343110124
-1.447359337371008,307.9093605145041
-0.396644323217402,307.88164967599363
2.1608561405346514,307.72671595116856
-0.33742846457343945,307.8425376161336
1.3775375042873594,307.6811399743051
-0.42535258580113844,308.04414275796006
0.1702813774061175,157.14493148984377
-1.0638016540691864,307.8913863277079
-0.16413908145151687,307.8855030988735
-1.8594649541691184,148.1615129616167
0.3521728436837666,307.88542620240844
-1.078519406715032,307.965614440615
-0.7158136468349817,148.11592186152362
0.840646400080404,148.10889616677284
0.43766451580163357,155.31717901751975
-2.0726282231344517,157.25143311356044
-2.2484974854922517,307.8970760990163
0.7472822081342764,308.0188335504927
0.7165912306187705,148.10986307568083
0.6802961618629235,156.9966796379444
-0.5150711115126239,314.6983302452038
0.7524221888322353,148.1094469894118
-0.6606047577287055,307.6948765129885
0.9545287298340558,148.1093001348366
-1.6333544867325993,148.1348527720573
-0.2363227399247891,308.00850698738327
-0.2678435215112498,313.4820808789425
0.4226057280292164,307.93942425986734
-0.01479079939480713,308.0048544191422
0.6101056015538836,148.1090644225595
-0.9816511857847237,307.9835395999072
0.2701457470965824,157.37885068845645
0.5779436017700431,157.27758560862094
0.230855572604992,156.86404202685594
-0.3972683485145165,148.11481170530305
0.8586245333011963,148.10998489289832
-0.6780457175268236,307.91265498049097
-0.08030806252917998,148.10977446266244
0.4248754491276321,155.5599046919153
-0.6095024159377207,307.76558077071445
-0.46047889398100356,308.0140581470514
0.4721546042285297,308.0084387981775
0.9996473937708595,307.84214376202794
0.7198833148680971,307.98624724457454
-0.9190872270952026,308.0496834279353
-1.9279624379310072,307.85488108796403
0.6531947409936777,155.48204255376734
0.01189603990174629,312.3149554411151
0.21627744612976718,308.00498551196347
-0.006728899872303446,148.1109324478302
0.7301452497044433,148.1087026182944
-0.36518938943065243,307.8378501600239
-0.994902640460639,307.983831013167
-1.2201086884206604,307.91939768058955
0.5699410912875305,156.2264198876119
0.2671339006326832,307.7503205519929
-0.7790668071143613,308.02208114759856
1.3461813545524424,155.86532806449208
0.26433943777411434,154.56501115377154
-0.8002216732184355,148.11306120940168
0.5702319595993481,148.1091775221605
0.29948429726158465,148.1094805077993
1.1670025520147516,155.15619936982364
-0.5202284242473221,308.0327866772141
-0.384568295450107,148.11379065755494
-0.10320433138531954,313.73013763936234
1.443348891011511,307.74638926678836
-2.091821877152345,307.90965806570756
0.07339324052936141,148.11097146341325
-1.1971302852294121,307.95335904966214
-0.8885830074410233,307.9309996289485
0.048072824583925644,153.73427629445675
1.1358478255705866,153.58976038327427
0.27230271074018353,148.11008991594048
0.04453736860297824,148.10863617888796
-0.3217974753277568,148.1135673159411
0.4765686848460521,155.3263153549202
-0.07390486365264361,157.05134606540864
0.3246461669120965,307.80054261127805
-0.07479407419088505,148.11236140927656
0.4403778288159153,307.832484583552
1.1964991234950455,307.7339267199809
-0.8290471737102574,148.11293717774538
-0.15677525567213207,307.9634723106889
-0.9144648949581615,148.11302185051466
-1.7173239695894174,148.14419560574004
-0.11010207487688002,148.11138476650302
0.2666984742192924,307.7928598615888
-0.6043907162586644,316.492906607288
0.14345858858294017,148.10941791947567
1.0120385387726467,307.74850690805437
-0.47786461367663213,156.63061535160088
0.32074801678773307,155.91930777964882
-0.4791281627252124,307.7357573398314
-0.27906840196593335,157.4316749923293
-0.7383166028894979,307.9419808269273
-0.17523422936260755,156.6977102940118
-0.4602965783398627,308.0540567988657
-0.17952582274289136,308.0260783141117
-0.8089025503798014,148.1152183014595
-0.4826773732510728,307.8676916066547
-0.16409813518580565,148.1128037648715
-0.47071635485510793,308.10231290134175
0.1778264242278877,148.11183762396348
0.06800084011418231,307.8205880761835
0.7624474912748229,310.59422865771205
0.1750496571086964,155.34462854425482
-1.3100849522722362,148.13324128646298
0.3922863053705177,308.016790562738
-0.46549353091212015,148.1123064520974
0.20160446019627637,307.7624173981573
0.170591753246761,155.84604185800657
-0.41771074789055473,308.06468456351195
-0.6136933391366823,156.66669522053303
-0.48633706060058063,148.1111228566442
1.361054683772748,148.10834264959263
0.8013801804545337,156.0302152339625
-0.4331252336626002,148.11131008248506
-1.1653574734955747,157.0058180477187
-0.3380435956006894,307.8329383681752
0.6671337894455411,148.10892214132525
0.2930621984625955,307.8662776424184
0.4236819596255043,307.7741465056332
-0.9098868024140782,308.05090403277944
1.145307399046891,148.10849821163242
-0.15732114447097342,156.30202316048076
-1.2036611864210995,148.12413697607386
-0.3407596085401862,156.73898108739854
-0.2443880581815273,312.4693640654332
-2.55297273695029,307.92595176695636
0.042700502549689684,148.111016011936
-0.4893683931780102,307.96154771858176
-0.6701119846296735,314.01879730691917
-0.0008178343680008835,148.1101900696565
0.720863602443818,307.89200112873266
-0.4598791381015411,307.80101009594233
0.17010608607012548,307.74327512306564
-0.7051832302264315,148.11800477696724
-1.2303166955609977,148.12557222641533
1.1967083409577004,148.10942963157774
-0.5835464028022241,308.0473438590453
-1.1342337452582307,148.126756734028
0.004763684222460252,312.1764979977915
-0.7501090318376453,308.02017011838393
0.2738429306789882,307.9507764643806
0.9243880805830726,307.8542727701487
0.5162310289445857,148.10920777462928
0.6425090410044296,307.86545919397076
-0.3086460800560102,148.11377518958352
0.2056665408391942,148.1098764392483
-0.10361902474352183,156.9492760735275
-1.5295948446425431,307.7817978027487
1.4643428530873492,307.7335073915954
-0.8412593069489985,307.9307117449012
-0.11057997212260688,148.1095813149131
1.3012395684485747,307.909160512637
-0.28309622095613424,148.11112863698082
0.3460302854024101,307.7063251216532
-0.16479253676481673,156.9210936078771
-0.6297816670767475,148.11025309738488
1.9514994959510024,307.7473830530534
-0.04481179520204789,148.10850934933012
1.0860475996745003,148.10828527044296
-1.1471822799232896,148.12149062343113
0.031026063812739913,148.11063082539096
2.517484935817295,148.10868079809242
0.06942943845995565,307.8078976481354
-0.7297204673963372,148.11627332404444
-1.1322843798440194,307.883531835267
-1.3823193897915997,307.8828123636142
-0.6981478139831667,148.11579121209436
0.27957955312985056,155.2598710825652
0.7868566441172652,307.8075197667681
-0.8694664261339505,148.1209132207576
-0.14385999270126232,308.098425289151
1.2103408215621727,156.36704364496535
-1.015746673897645,317.0468502407535
0.18326980897584313,148.11062712468637
1.0460706535527768,307.8729712667547
-0.3981526750851243,307.78930575880355
-1.01736903743729,148.1213646231799
-1.8637740369928637,307.6858098490433
1.2555250967800506,157.40080950930806
1.1521145892340559,155.53983879040965
0.17208604440603145,157.34111857616983
1.4089641436828604,148.1093281523728
-0.2711664643533178,148.110415969487
1.0674400631687004,148.10883441607018
-0.7136882451683061,308.0413896842993
-0.8700651360666417,148.11792056341673
-0.7023253947439301,157.34599415582093
0.8042398859108998,156.41206022804033
0.40908724260570356,157.48840775336976
0.30535818777723256,307.83495856023796
-0.6431512131302392,148.11163716419225
0.29687963547863205,153.2281949587432
1.6371124877705292,307.7538763506944
-0.8069382223739563,148.1193850590694
-0.3059273374501712,307.8005636557601
-0.09392319550565958,307.99212167520994
0.09343460378841484,307.9999494004473
0.39085695614282584,156.16840548158453
-0.297520282689769,308.0434542605867
-0.1674015253328293,307.86655738326124
-0.6468761113939313,307.9404236314838
1.6427355117629572,157.53644926571678
0.05882278098952431,148.1108838032765
0.41273666953305266,307.72013978383734
-0.8084808705648087,307.9205219992193
0.3878207373915125,307.96474733809777
-1.3656168352187021,148.14230550085244
-0.1495577503913398,148.11070914779603
0.1087956025779183,148.10903041901386
-0.20716901250184797,148.11137809557226
-0.5755303920874286,308.0733663932248
-0.9732521798496001,148.1234877189048
0.33458290098867005,148.1095125446863
0.21031179134587424,311.159771810546
-1.0494153905589336,148.12567797686117
-0.36861324979556387,307.9757789672251
-0.8761428437508152,307.9695538512898
1.1518173985849227,148.1099958289946
-0.03635340192986644,155.03686688422394
0.21882810972419842,307.9545190113287
-0.2341152840045914,148.112670571051
2.5529727369502937,155.23861268169182
0.40381932887426497,148.11026723643192
-0.7014393015524969,148.1106681582457
0.1376542087595719,307.75449287622416
-0.06005030399713851,148.11085723206725
-0.897474509803577,307.8737153030403
0.5963371935789957,308.0109048161993
-0.6242348445023166,157.81724382656705
0.40193886397186834,148.10978040995275
0.06535932121953993,308.0595423159191
-0.07946051890353491,313.5761220601253
1.223312714549296,148.10914794748652
2.4868462690763606,309.7258660370194
-1.4261887576478463,308.0129998754262
0.31978016022797695,307.7965909450712
-2.320849632633699,307.94784648975434
-1.1451532970869234,307.8707702481538
1.0347192274219368,307.97241214652684
0.15223194500580423,148.11032052644944
0.21723208587034276,307.8712876354325
0.44652391162455957,157.13495522495862
-1.596547047287018,307.84342684382085
2.5529727369502937,307.86693908577695
-1.5512970219725226,307.8908987436946
-0.0039645505332421395,307.84150437939013
0.3640432041399979,148.10931924716874
1.284784066911319,307.6912789072425
-0.11018056757059069,157.18048826865086
-1.2527820589818872,307.98069122516245
-0.32043266097257966,307.85156684820777
0.675056526556993,148.10881058939296
0.7224500650120729,155.26974586380067
-1.3967219575696403,307.9877826004915
0.6612773737285178,307.7273434935324
-0.8686607650879452,307.8138027975615
-2.102215927717116,154.50461748385638
0.9445933710686962,154.86787326331824
0.4297850091113837,148.10988828727073
-0.08734653688884003,148.1114329601831
-0.2532301135827491,307.74311256120825
-0.24105918378615784,308.0188560258579
0.5742208230468928,307.7226518057348
0.28861920550242076,307.9295307633048
-0.34587405821661565,307.963952341079
0.22345597896544186,307.89153319527395
0.7677812053575734,148.10980425567152
1.0588527737966338,148.10930310503736
-0.49360048398677026,307.851013290828
0.3417759232449892,148.10947308014858
0.10718809719287929,308.0118064307923
-0.1319430069600424,148.111643352638
0.16899282951159245,148.11138197065998
0.03957559092747881,307.90931736974295
0.848845131598273,307.91385162963417
1.0850907642373981,307.8708244606494
-0.6557542566293152,307.9231605750237
0.7647955429123445,148.10970781890424
-0.4984051675378556,148.11586146049393
2.5529727369502937,148.10898563244572
-0.1245857974409103,307.7234821698733
0.26998201662370935,148.11022847484816
2.550023862183345,148.1090266760993
0.18121898252863336,148.1099922876473
1.3983676793310238,155.96779205237422
-0.11492898393501422,307.99619917524615
0.016725779846551235,307.90884574202084
-0.2339989823379763,307.8493590209498
2.5529727369502937,148.10881325845713
0.9719990025614724,157.00577744394067
0.37037300508047316,155.70897819716998
0.4815300751750261,148.1086207842194
-0.06636830652068543,152.58528964560472
0.23620943768014446,148.10958546932642
0.0776214351820442,156.9886615459422
-1.4224488712101826,148.1387263805354
-0.9472130709471864,148.1188421119706
0.6261843580109352,156.5197894815787
-0.3610562968890677,307.98137720479633
0.0831954556063212,157.11640233162007
2.3986497496672206,307.88783292511226
-0.5769676824134127,308.0444687470322
-0.8450542174853566,148.11819311676214
0.39688845362842506,156.49504409594618
-0.7998276098978552,308.04832423416207
-0.8889951568197866,148.11841779332372
1.0384399034019216,153.7115716271938
-0.43948761357491073,148.11348462060906
0.09769076697645505,155.6165586667443
-0.2544717362977376,148.1121049298015
0.5504291950747776,148.10993672008738
-0.9225454802564715,307.8698073205427
-0.3323037260813565,308.0689723830793
-0.85497571006107,307.96618546811055
0.3597299686651545,152.6323735281287
0.8137903000563368,307.94083012294243
-0.8122440347531976,308.0109398823481
-0.014692523530742463,148.10838696536152
0.405246091781477,156.49059482684402
-1.398249830157162,307.96488556237256
-0.087170949948503,307.8243496741477
1.1239664327839642,154.04714686810343
-0.14999608501268388,307.83055535834853
0.8240625449167217,148.10843099630418
-0.4512853742237203,307.95520223993213
-0.4467403751201891,308.0186908096174
0.05590314996761479,307.91039662815376
0.45263981528132224,155.60058591085013
1.7500652735593298,148.10977351327236
-0.8990460183312174,148.1167079813502
0.45881687862287235,154.9206889238622
-0.9662308245688657,307.9885334680739
-2.318105367017337,307.8271607412116
0.821398056099873,156.47363471509456
1.0766575476583258,307.9170562307769
0.7681482059286814,148.10908457941701
1.1442576008392171,307.9657597691383
-0.5395990213676669,307.8254365991261
0.8176369206056271,148.1094364300605
0.2564714476267247,156.64320689583104
-0.3917862930196242,307.88827907018424
0.553757938350997,148.11015639854884
1.3227676614958763,311.73588462530057
-0.5017507985879769,148.11269981771983
1.2148556344406696,155.9852883110224
0.4204364334582163,154.8413723684863
-0.31539329964412366,307.7217565514836
-1.8772103325617826,307.8547399212447
-0.29175556282781706,307.98469557858857
-0.8651754788594556,307.9459365737437
0.3746527807467977,158.48512786262444
0.3099475817940354,156.66187680371917
-0.38330971283947585,308.00319075471293
0.11208930264026148,307.7652888044611
0.22285563449538104,148.10953638087324
0.4409389921607675,307.83170602671726
-0.26793672450309536,308.020060994009
0.6005596059674216,155.9565362997677
-0.3088272814513652,308.0112553800874
-0.7104552973226579,307.9725734437318
-0.26948895551494173,155.13310113457524
0.05257748067467327,148.1107322367185
0.23020905407369976,148.10927364071304
-0.2841597106547882,307.9302500683582
0.9699273343251045,310.1174305826124
0.23023156069527773,148.11027446002038
0.5376573442515512,148.108574233325
0.43778272103594285,307.9815240031349
0.7725528870089283,148.10992342959165
1.6598410674363198,148.10899811693992
0.18466569050130285,310.38603367457654
0.9804377038596103,153.0286690535554
0.06096930050805472,157.50364481638084
0.974499194297414,307.8770555725955
-0.08987326864303316,148.1109416540571
-0.586447736361569,307.9164008385997
-1.1907960344685253,308.037928704063
-0.22999515507368923,148.1107703823543
1.098753719006813,153.3180126483594
-0.8002387343751638,307.90865387276517
-1.2770063580416169,307.8866888416271
0.9718241035528583,156.22814038642176
1.2379746392646005,155.17990142442093
-0.2921030795461964,308.01859823020044
-0.13659683790581326,307.9445638379957
0.9785551125267111,307.8668223980332
0.5160353126723882,148.10992964923122
1.8730804702249662,155.03594553924418
-0.36859878465153917,307.88007655611415
-1.5900138348728972,307.94244221644124
-0.6997047497695896,308.0143004987628
-1.2213938754957874,307.84292684051354
0.5788995485466103,307.69068757199364
-0.753951913516811,307.7949237835482
-0.31995291930608005,157.07893719112022
0.34730988830735543,148.1094505909219
-0.37073469070924603,148.11239386801924
-0.10451402372464025,155.67541163983657
0.19132707348162226,156.49553090493504
-1.3905741953079742,308.02661198766657
0.83117134734714,148.1093788269973
-1.0117104955713843,148.12097555747687
-0.6094828577760195,148.11381181111304
0.6636936884434887,156.5450242421289
-0.7607635806829036,308.0224195707987
0.3125607325609649,307.87535257837396
0.19330011253932522,308.01989158385106
0.5547335005137358,148.10829209024078
0.6831226774197308,157.27164570397892
-1.164175885422626,307.9539842820211
0.16474339571770982,148.1096032717491
2.287121890898792,307.77870647665696
0.521518895498551,307.9047508374317
0.0863908372830379,155.53022449486676
0.672552661400095,148.108603204627
-1.3537045486327872,307.84663589017725
-0.38687613246686126,148.11089338335245
0.006913439026086104,148.11123083866963
1.2401333356967774,156.81477706722325
-0.18375535938102408,148.11246597579753
-0.5435989808168737,307.89894886419177
-1.199089405211242,148.13222473733623
0.05495874338541948,308.00869508686577
0.10886547425864962,307.9021205964294
0.865333240112507,307.74048409022674
0.4043695941849947,148.11008245977365
-0.199918289334048,307.83855394297086
-1.7186612903388048,148.16470841670846
0.8871399938813569,307.88370908691263
-0.3608222688130409,307.94993498602514
-0.2712553164334596,307.9639268328373
0.029924274465845172,155.64115155927243
0.6435249314045108,156.22608692551302
-0.9885470261101834,307.93214613233374
-0.1391925512295409,148.11104036732414
-0.1764110485661995,307.863658706569
0.7827640476635342,148.10903907811425
-1.5829595704845156,307.84395515307347
-0.04459808914007069,307.9578681471212
-0.5937835332040061,307.8154022755352
-0.25282811855669773,307.7251558668717
0.07237549828943898,307.84389516727913
-1.158214226201774,156.45983978157284
-0.14419640732484218,312.6479637494938
-0.3442377512828309,307.91419411087213
1.2571378743105386,307.8470179353461
-0.22611646672324492,307.85834779589266
-0.44306982857159144,148.11402684421776
-0.4605844055086839,307.8110234012378
-0.0917582521548185,157.08093160914498
0.5773765015623111,307.95786009516917
-1.3248830063378416,307.8171519564759
1.0444849143060786,307.7010310015421
0.8541121297642342,307.8741980739325
-0.8049319256177736,307.87858764539067
0.6100341717463853,148.10928182036815
0.1698627807354504,307.8972387271666
-1.1845404250673617,307.87362646230866
1.509029130473186,152.44174214744132
0.18411996909534067,307.8646912935664
-0.21108617409203942,148.1096222830186
-1.5231045096756148,307.8594132660106
0.18637362379767183,308.0221816140149
0.37181521878341295,148.11055473493207
0.6443329347247704,308.034012265565
0.8927729631515895,307.77989120069776
-0.856905605461813,308.02399303576306
-0.3179574669616965,307.841170911717
-2.55297273695029,148.27203125233868
-0.19414255714313353,148.11219001811222
-0.8874429793802919,307.8729833760101
-1.5004167858764565,156.1363912896371
-0.390219520708677,307.78030056290163
-0.21988796626900955,148.1126030723443
1.1785085846448444,307.8752213167812
0.9715469885810197,154.4259577452284
1.545629411750929,148.10817674406675
-0.0719873275467503,148.11161817271187
-0.570728236912558,307.7245352339167
0.045994343059455406,307.89753004136884
0.22064332028212907,148.10937142055562
0.2361680491542832,155.3786234581853
-0.820682204406651,307.87738170569355
0.009724386862349286,307.8727793398166
0.3108596914009024,148.10976397978754
0.09571800018151709,308.0153459053889
-0.7408354225211881,313.2937113208327
-1.275538992949154,148.12977735960885
0.45856881247209336,307.74692632052995
-0.8933580936536939,307.93096709552344
-1.443249486150409,148.13591395683264
-0.21257371906458203,307.9012523863304
0.01698664735649001,307.90094233836777
0.48118384611153747,158.1932305979216
-0.4625848157994449,308.0588488041582
-0.6702729699967896,148.11587443301468
-1.0752280505819864,148.12127889187008
0.4242037310008082,311.9863225215456
-0.5568180580227192,308.0917081260527
-0.4718588856856715,308.0122053121303
0.1101763363189364,148.1112247461596
0.11234992406328938,157.97723434938345
-1.0919756592543255,307.97299977390367
-0.8589708788346508,308.0096917908052
-0.3753801493454538,312.20706084903867
-0.25960074704070335,307.85632657534006
0.39226450379671296,148.1112657129976
-0.2775086296495887,156.4764466270373
0.19937300736653982,307.9181655885528
1.709674681096201,153.7766282381562
0.1526026121667903,307.9352694341097
0.2200796183300787,307.89406721086493
-0.08582377362961792,148.1119991306443
-0.28811746998494625,312.18179438490336
-1.1768502827773692,148.12871095243398
-0.14361409346046317,307.95139157699276
0.7786189468582158,156.18046946330767
0.6806860238074205,155.9122483036867
0.7577549668493825,155.7459420057023
0.22862995501639236,148.1094463827311
-0.7636670900154895,308.04667773916896
-1.5665337765021827,307.974640389681
-0.5987201174110173,308.05147300895084
-0.2767953007125227,308.00354809886454
0.5569651765124977,307.9643843018041
0.5877245206591306,307.8793446728152
2.095628234010279,154.02757489215838
1.1026755603389466,307.68397374836
-0.4907902604852244,308.0385534076246
-0.45541752866855717,157.21220537070292
0.23249259567062086,153.64453189188168
-0.020773969182485214,148.11087262025978
-0.28321673373482575,307.8273315648252
0.11652323317157803,148.1090062579227
-0.05174708434826717,148.11207725060433
-0.8372861148655957,307.8450586035528
-0.9672623514808047,308.01184180546727
1.2294120400934199,307.79037736044353
-0.29209503170383483,148.11108338301864
1.2456659104713854,148.10855962266498
-0.8861180103952198,308.0246156567392
-0.5907676883476006,315.57010531817446
0.19860429414268332,307.9484945187725
-1.1191687080214352,307.92866780783095
-0.9079648449311164,308.00828398752844
-0.33984927995664416,307.9663795552458
-0.02383531010976633,148.11144993073566
-0.0011523991129174245,307.95240798607057
-0.18150732401066888,148.11234583262188
1.3218123397039003,148.10812242657636
-0.30491237521562464,148.10979643236755
0.07855736355656096,148.11053710465941
-1.62009132685321,307.79015598728347
0.16549912146801463,153.9284733605082
-1.1886547447633975,148.12678209758062
-0.9176566731483405,148.11624560267285
0.8701039154096195,157.96957371667384
0.3229320094586431,153.68470489480666
1.0618568961620791,307.8197987561981
-0.40947330002079646,155.36707319093435
-0.7283202344702299,148.11354471166686
-0.25302829172864905,307.8088360707943
0.1557008237569177,307.98431147133465
-1.2142247723537223,148.1242465517694
1.5337076462398747,156.45418284658737
0.509949997522766,148.109208051061
-0.03432885308292606,307.77960911383457
0.29997097275785034,148.1086635228702
1.4190512836890927,148.1079853885584
0.3113474771243367,153.23691736649906
0.3883049274305123,154.79643369508221
-2.55297273695029,308.74693475726593
-0.09418147932352824,148.11221949098717
-0.7718272703563681,307.90298665552393
0.8917001148239526,148.10934203166363
0.5003561116665061,308.0370726606194
-1.0579024617353863,148.11782248351506
0.4630202349843773,154.08589479817485
-0.6572600268807044,315.73339474568854
-1.6392380172471268,307.8530940154039
-1.4678217464501038,307.8726048490471
-0.3921394352874927,148.11265986187064
-0.094287340608914,148.11055932472766
2.5529727369502937,307.9356683944584
-1.561637438763218,307.9696478193822
0.567580216944745,307.9783432904935
0.10650188446790752,307.9253864012523
-1.1202946591086511,148.12722910757094
0.44119157610300563,154.75322502687698
-0.1562442836981877,313.45469411118194
-0.6626738488422574,307.95605090258687
-0.015708251238000036,148.11054691775456
-0.2266382133381913,308.04845242866094
-0.7872687403153679,307.9663991224476
-0.19836781125350356,307.86703181306154
-0.34586086476391814,307.84860070009995
-0.6827503262692555,308.0340002975848
0.6828305702233475,148.10996702981384
0.7790660318314663,307.94684545956096
-0.03687355258698901,307.93086976829545
-1.0503331460765657,148.12025479984828
-0.6568880457687359,307.89144535874686
-0.38358465377974227,307.923299407729
0.08564748084769869,153.54850999738804
0.6342356101101351,153.05149281566338
1.1280105616095184,156.40821857237128
-0.287011257536328,307.7434835343098
0.8520819307470247,307.66586923651863
-2.55297273695029,148.54499652495522
0.4095370052956735,311.28137371855485
-2.55297273695029,156.38873145019068
-0.60192640562118,148.11265227210836
-1.4330486102389008,308.02553813622853
0.03781779693395091,312.36282671024946
0.2447407401663047,156.07477332492016
-0.23705927786201042,157.88428106566272
-0.23125031108999478,148.11166044944255
0.012456022039845747,307.81297319616374
0.030749581751364774,307.90042903283717
-0.6989705401261753,307.9907556364351
1.92975534587227,156.80089997237653
0.494369780262144,152.91858455989635
0.6230817404859228,153.95085977173977
0.7066932702470152,307.8001363341092
0.6334098046242361,148.10952126873784
-0.24428366691330575,307.9176407692911
0.4809597790940347,307.8643750031119
-0.7629507079779241,308.03277449449615
0.28183144409354144,148.10926675914388
-0.06298466302640182,313.47171401805537
-0.41226723369100443,307.9919788846132
-1.0906604109825,308.0377715965359
-0.5743552648253124,148.11388022154648
-0.13574725327077264,148.10962577751621
0.2922321348812375,148.10929059183184
0.5142342341544944,148.10922246514656
-1.127530507316734,308.014518739842
-0.845552269849564,148.11170652321925
-0.5496175179452608,148.11637494269806
0.5275850621427708,311.2575704318399
-0.7967130335546756,155.29812154050745
0.9143288104282271,307.76320392248556
-1.3620076811305166,308.05991789072067
0.3201384926659705,307.8089451439996
0.6223322427034667,148.107908238868
-0.35006733090179176,148.11162992495974
-0.5677090859397226,308.03700210963245
0.7053558476860832,308.037638329978
-0.13018216134074473,307.8085765826698
0.17881142298839098,157.589944934536
1.0275059109998892,153.4630531963677
0.017946569044245263,148.11093382801397
-0.40635257884665055,308.0132454047516
-1.4668327802906962,308.02371171760234
-0.00745330202964164,307.9011261516222
-1.2678294246253377,307.9765592705945
1.1243306983660983,154.78241968404228
1.4712201474767121,156.0010463278924
0.7560100663333561,148.10925586388345
-2.55297273695029,307.77173084923675
-0.1025619752661995,307.8077251810097
-0.6685538466606213,307.8763514846887
-0.18059857436097804,148.11131952910094
-0.9812315945655121,307.8675681711387
-1.1408023900237638,308.08322888395514
-1.6363937369645178,148.13321302728156
-0.8366528199787842,308.07518134486475
0.051359974664532335,148.1101218659308
-0.6197489924895346,307.95775472374805
-0.7094478630329925,307.9644168527617
-0.19531100729473372,315.1339574741247
-0.4140220011333996,148.11261803441167
-0.3354609291017297,312.83587786462203
-0.5451967439019929,307.9116873158904
-0.21168743186158104,313.3946941941721
0.39734434065528645,307.7164687406661
-0.5134161096711826,307.9230737567333
0.0543013625491202,307.9496473095313
-1.2366622328593804,307.9233067313842
0.6538791827320759,148.10968322667176
1.2660318320629067,148.10959884153377
0.0872663555575182,157.28364824749622
1.6487157637342347,155.85643930371663
-1.6420413317382334,307.9327229737413
-0.22272382773609342,148.11324546189172
-0.44329286959883657,308.0466703113344
0.04403512601900631,307.9441638083765
0.09514492409354566,148.11090493383506
0.3253344868098924,148.10839706455144
-0.45477054398342387,307.7723161732548
0.18990301334158813,154.21500024797726
-1.572591103169273,307.90592868313286
-0.6049518501834797,307.9135438470719
0.6129700553819234,148.1092623641369
-1.2245131456054397,148.13348329347383
1.045264089301239,307.94493328494445
-0.29572437464348067,157.0768211113437
0.3077771459006669,148.10991094703644
0.5186658003434131,307.92690616575214
0.9981126464738236,307.7509782890788
-0.42435201357485863,313.9528709414568
1.4580664394959957,148.10880463520377
0.09024732302629485,148.11059141865903
0.5999896722890478,310.20140382674606
-1.2501018395005346,307.91365632634734
0.6813326597257473,307.7601363947607
0.042671361349790264,307.8103869246978
-0.023479904715488404,156.6652314064121
0.04940125761697797,307.90217899598167
0.7371218637417141,307.78750317960896
-0.8187076697935994,308.0313430452966
-0.5505958023597555,308.0073521081353
-0.5839818698589773,311.1829108057864
-0.651768857029603,308.0506712901755
-0.24300836237412338,148.11072085032666
-0.1660773186370126,311.8883581024258
-0.31073498820015816,308.0536408921374
-0.09177586245200127,148.11058043668893
0.06924082298670502,148.10942094364128
1.2076591912532761,157.8092502258821
-0.27236247780337813,315.0672102908195
0.0777620054292472,156.8659470284753
1.1232668829972627,148.10976719440302
-1.9788660720918796,148.1682676999104
-1.3147971686658435,307.8538077679327
0.13716950564502395,156.68256405630996
0.22203204391979137,148.1090016776374
0.8792725735071356,148.1088566595891
0.4839572330360411,307.95001613630706
1.5758349603085176,310.2425046435588
0.8755434502935965,307.8938034301273
0.41392307717722365,156.96527937435567
1.3363487562193956,307.8504771192063
0.6054417651244949,310.86336904028394
-0.4473294594780635,307.9785166559443
0.957516485511368,148.10969304421212
1.2206732743570101,307.9387641547762
0.3736028747272647,148.109840274884
-1.3025026369422819,307.7734618326046
0.36065040039366825,156.5782444557966
-0.40952175656204776,307.8290826442035
-0.9534775158760462,307.84753151803045
0.35022301634392267,307.9334938057308
-0.06110769500283954,308.04789824383454
-0.4460514601126337,148.1127428928986
-0.648427926188727,307.99677227341516
0.9067593331271925,148.10808491454122
-0.659451777414078,148.1136992632521
0.613732564572256,307.64884872765083
-0.6549308093631229,307.9933327651083
0.08457443100100678,156.4025409176065
-0.46211173226918245,307.99755734298924
-0.13010674950441223,311.96182195791494
0.9293086219764272,154.5749192321269
-0.3989843975266014,307.90787401990343
-2.115832133843349,307.89933945351856
1.2356625618722847,148.1101304192319
-1.0270284003708574,307.9764899663611
0.6418459950485781,155.14412880094426
0.7325643764848498,156.4411567420117
-0.8119990953827398,308.0707094920349
1.1708387319000675,307.93354474648197
0.5089312962710304,154.25456867532807
-0.1328688438370272,308.09971378744643
-0.07739482470300363,307.7368984832191
-0.4514443827574796,308.03702522622893
-0.3471797108834275,316.01223333171436
-0.3682113017706738,307.798263011872
-0.24705765527077853,307.83092126534433
0.7242593453061541,307.8240129208658
0.2676449033232682,148.10979796234054
-0.9863359998210551,308.0808417869447
-0.11609226968166803,148.11174700264678
-0.18880513511331876,307.86991581166626
0.3322302086672572,307.89924562598713
0.429650559907424,148.10904151704767
0.31709098716630457,156.5246138032412
0.18112326991194477,157.03186243535254
0.8159312409672173,307.8987355465655
-0.6198945940340915,308.00846995670895
0.42358987055094155,148.10809100417418
-0.9092112212636744,316.83991367353184
0.2824692003821129,307.92664850152346
1.1311361238148763,148.11013487621773
1.1998819301223558,148.11025587319003
-1.1242408410882114,307.9755281613786
-0.96012612736913,308.03651925461776
-2.55297273695029,148.2873069445476
2.487230327376828,154.078177104596
-1.1457953473467486,307.99038535974654
-0.7725585290187413,148.11610708155416
0.3423740407446168,155.98947263955404
0.179264773654771,153.9967210146962
0.04261511002699525,308.0080778529971
0.704621864056495,307.93952598491205
-1.2614188544773848,307.8423128637291
0.3998614049991067,157.0465079182283
-0.5624667732853829,308.0358313898139
-0.31981832709725017,157.0159138755654
-0.01623578705137752,157.40623657770692
1.4486281706253952,307.9388162113297
-0.0931633517196413,307.7757650786522
-1.2632192893130674,307.9579638980607
0.48135175810275693,154.7039386937567
0.5757774866790528,312.50351757184796
0.28885491868340046,307.82331396320205
-0.6671138147652452,307.9102746678458
2.2791991587671543,148.10815856922687
0.6158631508178642,148.10903350390512
0.013172143390600107,311.74182221811685
0.18654238119273397,148.10876011389263
0.744374161005361,307.6627682196108
0.9051150303106055,307.9589922075777
-0.14020218809971355,307.82701446067216
1.577135034511366,148.10896284777772
1.3340943302530792,307.8345300284604
0.40324168852599507,148.1105604450974
0.28168348356994627,157.0839828853454
0.09232015026277389,156.4060988385898
0.611410284810162,307.8444277042701
1.5466716753275334,307.91321106758244
1.0319790338606163,307.8723984884005
0.6788299502689391,307.9384904045277
-1.0243814166104945,308.05669729641545
0.8524426340215309,307.7676140462529
-0.778811561559392,307.9895089462815
-1.3074118206907466,148.1281571268912
0.1643477998114358,148.11190332253446
0.17251486211734637,154.85103216919032
-0.7442912902970275,148.1139790138156
0.4550305101873224,308.0332182457777
-1.596734514711169,308.02290422971976
0.9674786756803015,153.32924302889995
-0.3138414940377089,307.9267759988385
0.13099659009856526,153.48622119323898
0.6410561828070299,156.21209457573062
1.326840493926171,155.2019163311823
-1.0394759113476186,307.98215299202707
1.2017804277791801,153.60613527990313
-0.16607093139855053,311.7211838217796
-0.6274183460458168,307.84479938973885
-0.38751800772906725,308.08020859309545
-0.5960007211519481,308.0714027701239
0.27369298759226746,157.6538568262293
-1.0099917536734337,308.0203120266631
0.21083429868713008,308.01779516974216
0.3140345533950819,156.67887093829097
-0.5560206312441827,148.1147388525508
1.0676144429621715,307.7687615535997
0.9321489779862965,311.2845660612458
-0.8615086885805808,308.06901878025496
-0.5296090103928478,148.11469628766142
1.412896975364754,155.22740229756198
-0.19738873102919352,307.84525899672474
-0.9020387098192932,148.12109350760048
0.9178170936852316,155.58118420018468
1.7565203402027372,307.78306204381386
-0.4004793871986155,308.00957501276525
1.012127721494978,152.9063004317929
0.39470524638744714,156.48468938802696
-0.07410222214903536,307.90792162182936
-0.9401129983893628,307.926389704302
0.31142389134495857,309.9488093104683
0.8045128468679389,148.10918748001433
-0.9806442898052357,148.11937554758327
-0.3163898145510857,307.9517140277893
-0.8798368530522916,307.8575173055098
-0.9971357563042214,148.12043253730909
-0.0417116511222997,148.11063874456326
-1.204823825454548,148.11678353423846
0.6452448907875569,156.01366653971095
-2.0420102900477572,307.77208853685994
0.7775161853804522,307.8523830591672
1.3862030220717776,148.1084280496897
0.46057075368541234,156.6489145216641
0.059002087249194445,155.0439897190198
-1.9256419558407318,148.15832060046137
-0.5200890925384045,307.9934319472975
-0.8988091830211089,308.0657835175342
-0.453394755636664,307.75675780035584
-0.05965002419503657,156.35586774381594
0.23217143443810756,157.22691508521237
0.9268106635528196,311.4868655136673
0.7727306941244207,148.1103214743138
-0.7299492587549549,148.113789093407
0.2689227374598754,307.9412312042099
0.3152767093260933,307.9491787842902
0.11336092504809392,148.11048804821866
0.6628346931307397,154.52831460899827
-1.2654528787017165,148.12405935269285
-0.33542914049719813,308.0569556672071
0.8145408924560421,307.6953095083529
-0.385263055246872,308.06972475136024
0.7267043382988514,307.85673087281486
0.23238748688663946,154.3587154724711
0.45862380541221576,154.77945314799004
0.38097916405609733,156.67064180964147
2.1178845008811313,307.8479008576277
2.5529727369502937,307.8388138961308
-0.02848480363563229,148.11201242328391
-1.1757231679462572,148.1219782091996
-1.8034588894728554,148.14320057436936
1.4343127724001004,155.59633335136513
0.7369670320134515,149.66083311710005
-0.5414801283963929,148.11356194825112
0.1048661520076423,148.10988190919005
-0.8016919561412044,148.11638135028147
0.7468239455127854,154.91421774837517
-1.0175472477151182,307.97241181225996
2.189898143595062,154.6572756576142
0.11389080587202195,308.00470157062
-0.37740287548219587,308.0732497357986
0.1372644049680347,148.11195607305152
0.48267641965931074,148.10912383890664
1.119219401523979,156.35798763356115
-0.901305710947175,148.12043726618418
-0.4745285862756038,148.11200135685058
1.600481734816762,152.99151722151902
-0.5608755132937389,308.0069426598067
0.6987032298686866,154.63748923514103
-0.7255773897900288,307.7557502799523
0.2714384964442611,148.10889866512105
-0.9659070072054424,307.93420785380613
0.7138460932248457,307.878108282144
-0.7524017514158051,308.0729319262884
-0.04575662524908777,307.9141424495678
0.2255308203601123,156.81867141699487
1.8089373348350046,148.1086657317263
0.03282547169546663,307.89938502875407
-0.4937100605615047,308.091196988685
-0.2166261965191589,308.01385930848676
-0.35752713164724453,307.97827637564984
0.5940828765484399,156.68530040318916
0.7580164756203279,155.06620844938155
0.3293242291062261,307.9176480129114
0.9114833568738561,156.59666006685478
-0.7238158455114125,308.0236185608395
-0.2370574374968781,148.1109404221939
0.17830807507379529,155.6023200792669
-0.8884268987088515,148.12133588463823
0.2822037706560475,148.1096989907569
0.6169498045929711,148.10900140487806
0.9497471518785361,153.8525280765758
-0.4421894765209066,155.34679947779279
-0.11138685283905198,148.11124867358643
0.3246733628223837,148.10935932253375
-0.061760584865461786,308.01426435623944
-0.5436350872410921,308.0588869087279
-0.5405789458916124,308.02137641471984
0.0034465163552629945,148.11029761449853
-0.06993779563961289,156.9518425531621
-0.2524086146170361,307.8711235481046
-0.2654228158891698,307.85189466885316
0.30370848109537274,148.10915112072172
-0.3506773854086008,148.11221923305112
-0.13268884462616376,307.8570054935566
-1.3760046687216787,308.0093056693567
0.5459527159284188,307.7874420105299
-0.03293276843179134,307.97887935948
-1.0159117999096798,307.9348266117061
1.3447836547698986,148.109446429795
-0.14656783183657543,156.39355447799392
-1.0268015961560497,307.79101822059727
0.39366666234211567,148.10912177784846
-0.014314818375510947,307.97043873149266
-2.05133502972053,307.9135840896697
0.6934220030258399,156.38210216527938
-1.0858894539977477,148.1172878091168
0.7473573269067664,307.9651075161828
-0.2819420619084769,307.8536533745656
-0.1978513399972128,307.9414664537601
-0.039498085881475097,148.11013216961862
-0.37089611710693615,308.06057133713034
0.4003093632694037,154.69015905309672
0.809794871624,148.10780333869383
-0.7307635157610348,308.04002325779743
0.7894828867960378,156.16976665248868
0.5719674679443744,156.36693465515617
-0.7444658025839467,307.9620257524828
-1.1223271455257948,148.1227399011184
1.8627892563028132,155.17624405978907
0.25922371504902286,148.11012286313584
-1.119856330868834,307.7866150042084
-0.9636463037931399,307.9655827243049
-1.8377188278371206,307.95363836196486
0.5154445725553315,311.5443648631034
-0.833497290816268,148.1172954060741
1.692332673458405,148.1081911709055
-1.410163801945972,307.87021382284786
0.2021034960531771,307.83207389240226
1.19465552308032,307.70526276027
-0.7361426924234729,307.89143618457115
0.6481078854285862,148.10991988573747
-0.09992486010705054,308.01328693597895
-0.8304663406100452,307.9273480241619
-2.039419419541997,307.9348715926077
0.028121210315229277,155.92106618642774
0.02495837018227412,307.88491929302813
1.173216569489377,154.90494814980866
0.7889210286120466,148.10974560419186
-0.18403487608797026,148.1096975755346
0.09265381637016874,148.1101223056878
1.0503434755309387,311.0774585698954
0.3191646779016242,156.57938926662897
1.027573652821829,148.10906657631074
-0.8368535159696383,148.11358223252964
1.6840252191623217,154.56953956434975
-0.09027454099057919,308.0755324181198
-0.5191328880217784,308.0094610124039
-0.01560241844989388,307.9840865623047
1.8922826211926276,155.1802824945061
-0.2130828197833992,312.7739011396847
1.3196499002103192,148.10953646237604
-0.27252617448074334,307.86765647642267
1.8224840660805242,148.10897071261383
0.6797860783313642,148.10872555484184
-0.351746078573608,307.9245202066977
-0.5844219828724277,156.79991409665294
0.6703843497151356,307.80835877369805
-0.7095971633937254,308.016019707003
-0.17892788162452403,307.7765926587926
-0.7271206680540044,148.11308977155068
-0.4691508653573484,156.61183553197617
0.29322785600734796,307.85154303964106
-1.1724693866353024,148.1301809526359
0.2093466759875701,155.94277205921728
-0.4147698774692995,157.81375851207568
0.229072627243345,157.0695025176515
-0.22836007186118132,307.7682925325123
0.3553304537154063,148.1098415838478
0.6015007522760496,152.37561447584153
-1.2538116399008643,470.05667689957016
0.23183189163321857,312.74602239633566
0.06347935802931763,156.72439760181464
-0.3501310046434811,307.9221028142014
0.8273740114639785,155.87580361352218
-1.0593260777082893,148.12350570744405
1.6180988305294894,148.1091494361695
0.025352951294453186,308.0102990086669
-0.14585681816259333,148.11234164199948
0.824999540412207,312.11018868164433
-0.9911980600501752,148.12571722088103
0.572830755358799,308.0091392695848
-0.5358299261475226,148.11153440081375
0.433758698177158,308.04442721327075
-0.04102081517692095,155.45939074080098
-1.0011901140018682,307.90294066019356
-0.25807743085775386,148.112154241873
0.04125551695708574,307.9801266652396
0.6462884045633274,307.78032911743605
0.8324188056832231,307.97088541298035
0.34601670333817974,155.10263392755058
0.40012185542217343,157.24778499860764
-0.4699179929225126,307.8407850258933
0.17226705393254163,148.10997076574517
0.5386464989285779,148.10987224932975
-0.4461582520290054,308.0056636134806
-0.5605086535293753,307.9345935310954
0.19809366200491335,307.72599029538105
1.9483519384014956,307.7484591338372
-2.55297273695029,148.30812491963053
0.09643404798259543,148.11048523635776
0.6814832914105903,156.79864210787443
1.0947404235070688,307.6916585107482
-1.631078550517115,307.8153089888313
-1.361293035976199,307.87219881435635
-0.7072409491464116,308.04037993136615
-1.0133300240944607,307.8590399136201
0.15019178686782264,307.813674943959
1.8128307931517513,153.2231143921835
1.051578666908925,148.10873710526553
0.7654217575631626,148.10918959693663
0.2598960970723409,156.77964538505466
0.070991494792722,156.2378622502256
0.32417877292994984,148.10967795053728
-0.08221521561623245,156.94602415837
-0.2235977798600722,307.9308295931322
0.8208998420640689,148.10919702757622
-1.3878450494491816,307.90129786183013
0.14763955893202194,148.11116389517355
0.1458675762669556,307.81074266690973
-0.06815962821530798,311.430618925031
-1.3107312199345358,148.12845758522118
-0.06054646135080049,307.86303668306846
0.771835155781924,148.10928576544035
-0.08498504365793857,307.90005373928085
0.41228739432049594,312.07645098337485
-0.264517669078295,148.11350344291338
-0.8640128789712642,308.0173208365211
0.28776338542788676,308.04230475326517
-0.97896565660296,307.8598277108699
-0.39498078180450535,307.92920365690895
0.6703246952996016,148.10900817123016
0.4820846427242311,307.8602234354472
0.8785224608351407,148.10945489949208
-0.8618850845401254,316.30134791775174
-0.061277813522585135,148.110191899428
0.7684750932440623,310.00026873491635
1.7728124721800909,148.10825281983324
0.22480757059697198,307.9381721993075
-0.9442259885651278,308.0277990529589
0.18843447974967698,156.18081316451162
0.8608738377989703,148.1085510487856
0.31277604777991863,148.11104615860435
-0.18413337766337923,308.05667908355105
-0.5014737002462784,307.78544142850944
-0.3515000834911111,307.92963405470516
0.5655769676124776,152.764941088719
-0.6230754536853643,307.9559658308697
0.6369260839720983,157.88709162135237
-1.2203533383172487,148.12082378494725
0.5170873155774974,307.9473894530687
-0.6458428096904184,148.11344858817512
0.9289182073558292,157.9902860440996
0.28010007085416083,154.24771259386543
0.4940598030738393,156.5023833117739
-0.29962745125983037,312.77282661745267
-0.552401859891962,148.1152911617174
-1.6157405098091686,148.13398880067302
0.3281370751976032,307.7870713701624
2.5529727369502937,155.23723649569976
0.1720772938877894,148.1111727168219
-0.26634327266827285,148.11050989764763
-1.0911108901016133,148.12078300161699
-0.5810583542096239,307.98220920318226
-0.17930060494877978,307.70415142738875
-0.11028896837908166,307.9677417777208
-0.1559812129483294,308.00550252145956
0.9359282029452989,148.10903694836415
-0.26469109846617495,148.1121334169406
0.5856724505636841,307.832304683138
-0.06327825075032324,307.78592992355516
0.4608220758908765,307.92434231187934
1.2238395572783947,307.7831369446934
-0.7226922989284247,148.11646575698902
0.06321147149478089,148.1104478293273
-0.5890764304751229,307.9284312996483
1.199013715516256,307.8246984275526
-0.3330783521035401,307.8447889885117
-0.5670645603337441,156.6675714138921
-0.3294953033318352,148.11243036183254
0.9508333080195244,307.6457151297659
0.4768782995471291,307.87633505860003
2.054705425264986,154.99547878284383
1.3006161133260397,148.10923073654652
0.65484210746843,307.63955779541743
2.0497165337454883,148.10922336644725
-0.2931365691686714,148.11315547791145
0.12178553874229382,308.0344934160414
-1.0772701720098037,308.0179695163706
-1.3016985551275528,307.8240375098701
0.9891524655369963,148.10882981680322
1.2465686511926333,148.10948093070152
-1.0576646505804566,148.11832661009092
-0.4461493464500165,148.11183089035532
-0.4576472190059637,308.0337875336156
-1.0006376133766504,307.9932677754955
0.18241817215374936,157.86312454104666
1.5528784539293434,307.6880749627816
-0.9577847016170221,148.1167680491273
-0.16259370429625958,307.8909349912261
-1.4567793294043225,307.9500871834192
-1.006305382288972,148.11933482233405
0.39330790746567484,307.9817036907346
-1.3177439690379167,157.0546958278247
0.8128536351459035,308.0013056187712
-0.04039563829442719,148.11041932042014
0.4071445259665924,307.9005251784693
0.08110715466300193,307.75755805485096
0.26507062801347897,148.10951067771484
-0.6475738919080951,308.041250933205
0.2592875798460342,154.39698555878292
-0.7430436886481678,307.9997829768138
-1.1984898387272385,148.12729058752547
-0.8491361137564865,308.00139817246503
-0.12030963094922524,148.1117144949389
-1.02834116982926,307.7655907411008
0.09805231613471829,312.4285537857657
-0.30802314222315735,148.11322055852014
-0.9038782345834873,148.11583767228365
0.17637904858044726,308.02566876752394
-0.13544761236517558,307.9675019707284
0.20256051393630872,307.648898506308
-0.4781835772342032,155.5793054120358
0.5424358889988934,157.19214112196545
1.2471681193882596,307.845954115517
-0.3858393334915486,148.11059853686774
0.5628356312345608,156.62183931835258
-0.2557778137577993,307.98248934370923
-0.5777143825010818,307.91892954591333
-0.09319240059416906,314.2903679785411
-0.1413498356345549,148.11059533388334
-1.1101358091698483,148.11986999266628
0.655991048387664,148.10943970897952
-0.2934198208928437,308.0385377551606
1.3084256684140163,148.10918951475213
-0.2317962470835767,157.88934351094755
0.5810291587022134,156.95361947323465
2.323140624271585,307.99092954810965
2.210399888628216,307.8162118573115
-0.5202358180244662,307.9250504319192
0.4997210792262965,148.10840042113045
1.3649823938319856,157.8713400076008
0.09321410868333846,307.7437060603503
-0.40463978455728616,307.89288960983004
-1.652879279913934,308.0093393943289
0.34681998833325006,148.1098367168116
0.034477233753020774,148.11071224697508
1.215704062886258,307.9660792320577
-0.8652275021630766,148.11386189270308
-0.13331561902910258,308.06461320613994
-0.5736489949023568,156.68731585963104
2.5529727369502937,148.10823473976586
0.786136620327742,307.88595406440095
-0.737603843958892,307.87723279358875
0.1529958440113067,148.10974287178612
0.4589273447016504,156.29799108186162
-1.362643363853561,148.1345215576018
0.5588098889168411,154.45493757110046
-1.1083429031003633,156.30969616406026
-0.02777046869326818,307.9940960482104
1.2824872907061589,157.75343775746938
0.43546284998907164,307.90216054036057
0.91557338361597,155.40364806192957
0.29195781473348525,307.85540441460785
-0.31357070395363845,148.11052593187864
-0.42075715953578285,307.802009105373
-0.5494367814032305,307.8996737793216
-0.009799438088636883,148.10991540982843
-0.2764664219973392,313.4034971499332
-0.7120676318741097,148.11585124887475
-0.16026818544454755,308.038829302509
-0.05531437792874699,307.73867260751445
-0.21150107933593998,148.11054840365674
0.7225749284752621,308.016233210373
0.7551567482148346,148.1087565393721
-0.5773172856318021,314.2740747875158
1.9908582757547482,311.6715532908388
-0.018187871809412656,307.9889841311213
-0.12768721185022566,307.88945035118314
-0.00729077790223155,153.30733351099573
-0.5421766348418404,307.9611434642517
0.3380018879446285,148.11094569392938
0.12182798960965928,307.7444681268564
-0.5580504818576978,307.98113095474
1.2845190711022827,156.35235294771562
-0.16583437458691744,148.11062866678736
0.12441919362636639,148.11038938586827
1.3919436589025935,148.10958290686636
0.39600141914404385,148.10952049420888
0.35323675290927226,156.9803473025121
2.5529727369502937,307.67002593151517
0.21822486521407805,148.10875342582054
-1.2501970170282344,307.71254409930737
0.3300983063072294,308.00656634782865
-0.4145020279674088,308.0145894642735
-0.40749757965591016,307.96014683539914
-0.2724766341213383,155.38288124723042
0.786120547186495,148.11021390746671
0.5775078392594961,156.1869100691362
0.7470486271842653,155.37491412773926
0.6196994951335713,155.76332890402162
-0.05535013989114258,148.1093704197858
0.9555994986432813,307.7812524682483
-1.3033079259680727,307.8401554594591
-0.37561560082501594,148.11201275270741
0.8235947208431386,156.0279654581419
-0.3452242385586399,308.06348658141206
0.18492316696146488,307.8658759242813
2.5529727369502937,307.7170701197339
-0.7740793419184463,307.7287270868329
0.6529566465903451,148.10992110842642
2.4306488315309456,152.87176443980292
0.6583694607072327,307.75079284259886
0.5492883274783842,155.86791727876385
-0.303972096841602,307.99082572939875
-0.04647056151274629,307.94761551917327
0.1208950404248379,148.1086834166661
0.4521153254440858,148.10913581362203
1.4915843444596597,148.1091672476491
2.5529727369502937,153.46118343608467
0.5889809497500799,156.15531999529767
-0.7555490762502197,307.9614664606264
-0.38909561271363086,148.1141828999415
0.8010893030685933,307.7907863363553
0.023390754224555145,307.78466708306644
-1.0526144241997295,307.94545006236973
0.19043220597928665,148.109349835444
1.1409919650973404,307.91582757094284
-0.10133489015808524,157.21635466782428
-0.269961956630513,148.1109052233103
0.4557635410995671,148.11014943396123
-0.5062714658287824,148.11152157541355
0.6674733654631202,307.89877255597946
0.29065488916687615,157.2175598988218
-0.2520132810320013,148.11027341545187
0.7973680298240661,148.1090178459449
0.84162823043749,157.04616483909336
-0.35853355131991294,308.07293357377887
0.08026350566155503,155.40483061636155
-0.23332030052735178,307.79687514846626
-0.7484899395876567,307.8594316192141
1.0881742798520841,307.63493541101525
-0.8430737299086076,307.8915463580154
0.0429426120972915,148.11158898880726
-0.8158309035426677,307.8861639773488
-1.301607799938722,148.12554609171264
-0.06503548964512512,148.11027468653072
0.09570059778978682,148.11075367195707
-0.3581099611633829,148.1101981809906
1.1009738010649301,148.10920863945148
-0.18446771246572555,148.11408736569507
-0.8175947511862364,307.72576662801123
0.44642227762789116,155.54403794214923
0.45019096959442306,148.1104685448894
1.0479110093965331,148.11047130923248
-0.4957746115300575,148.11522445293124
0.7467623286944021,157.29653289925142
-1.4272184970759365,148.13829921265787
0.7247410048441179,307.7960251471966
0.4005755794005699,307.7955031196941
-0.5538435932941416,307.9511642560176
0.2921598320833168,156.28785483933711
-0.16925249123748198,308.0168513043969
-0.7729975184749298,307.99262640787674
0.2955846800855828,307.824945742831
0.41480718478140965,154.17313796523425
-0.8959485594291688,307.93909863898057
1.7983341762298215,148.10942636525775
1.4130340679208837,153.66251515412534
2.160771563308103,307.9602746151993
0.27599368211845016,307.9929356842173
-0.7536183257176552,148.11152379204515
1.22017401446631,307.7619594840702
-0.3695934434786326,148.11198028394816
0.013634905308689757,148.1121257051887
-0.3880737439309707,308.0118080915415
-0.1739975324286424,308.03126009148525
0.07048942954137266,157.11087065308516
0.48161876541835313,307.9482024504339
0.5868880912036243,148.11019760824058
0.5073394495533392,155.1755600520323
0.23638417894658834,156.97888849553007
0.2434979679638576,308.4565923470494
0.6828419973013022,148.10940827926274
1.1105157621655086,310.79917354934116
-0.17447467552939758,307.8979376692374
0.07996088176002664,148.1114173378779
0.7808364167698768,156.19386994312205
-0.5357504153153994,307.9025442176527
0.9047166454312868,155.78723090712703
-0.23876036550932114,307.7823243862715
0.00553678116048072,148.11117988251726
1.1917502250579375,156.21465688068002
-1.6133233845035257,307.7649230223184
2.17214208382902,307.7936381941459
-1.1802193229754758,307.9850644774692
0.08615958707259799,157.66760444029921
0.16315474842194733,148.11163414603126
0.8357749123947885,155.34069344999912
0.17259229383945926,156.5711998728779
-0.16536367993365936,307.9642760852648
-0.5998581122730077,307.9603466512691
0.5495666659822853,148.10984974106873
1.1477776427413537,148.10898561689197
0.27452149657465497,157.21434298992835
-0.6189984129907826,148.11440584739296
-0.3362917766598989,307.97137398043265
0.32815769023072927,307.87229181848437
0.8865401025466839,154.71696093915946
-0.7667979061369088,307.96830620807543
2.5529727369502937,148.10932333162944
0.20974584238819075,148.10991982452765
-0.8322898541556819,308.0551273396932
-0.6788820991237751,308.06117108714363
-0.3673907502246273,307.7669048000722
1.1248657772379087,148.1084363554052
0.3487814152804454,148.11019088583762
-1.1146785029990691,307.7505530647235
0.14507357746740193,307.9246033276311
-0.16306295582193406,307.97470257485656
-0.24405622655183964,157.66057365365026
-0.3258455025134652,307.984719710563
0.8210697999313137,307.76884782658357
-0.3378148570120096,158.27923228451272
0.14610903754419263,148.11045237565577
0.00018304608114825204,307.8582994192084
-0.47117733860811895,307.9587582792781
-0.11751914355976857,308.05677609210477
-0.4470979010221388,307.93066964370837
0.5522001007975255,309.7341274440647
1.5096072471978106,307.9001410948656
-0.02190190881673469,307.9762465916587
-0.6194144832074518,307.93094953175637
-0.6079618668198044,307.83609850728493
1.011886640740737,307.863915986799
0.8633347734537985,148.10918815961332
-0.1580525448698666,307.82032929577406
1.646106529633704,148.10793634053894
-0.9669608614561311,308.0154566493871
-0.12927340210056273,307.88231674189547
-1.3969605630161024,156.5921233165423
-0.3245918007341069,308.0517229573897
0.15143662610009007,155.19921079942606
0.3083464785069207,148.11057330374808
1.0151918437202672,307.98604132742406
-0.00731934609390335,148.1085534226972
-0.3107249149716477,308.03220313054965
-0.1491913235953303,307.9514357696962
-2.4901793198422233,307.8861940158131
0.36164490964057633,148.1101914480105
-0.2700621589879832,156.3200355370313
2.173969286621827,148.1086309988532
-0.40575458881435306,148.1140637770997
1.4724697441300698,153.10767594490864
0.7019269594394366,148.11000422749905
1.6953617981714029,148.10927617896098
-0.4145383366483181,307.9382676660541
2.053232739960311,307.8976358589697
-0.060362311426075774,157.02327533632473
-0.8136181345586114,307.9552946129447
0.9777188847427043,148.10872545221412
0.8974312112898432,307.9106426819186
1.647912280746451,153.36220439294686
-0.32081879580704536,148.1130825455325
0.8907984778023378,154.24091274397801
-0.9034490520256739,148.11968464224395
0.43049733614088864,153.78128811427464
0.08744072272357514,148.1107201284846
0.8970630050552039,148.10919655465392
0.33795268530174816,148.1098697968705
-0.8479506393706028,148.11526074928113
0.3325671933890914,148.11053351318986
-0.9201722679980849,148.1213300844254
-0.5540108429595096,307.75954488946667
-1.3190963201279262,307.8797041974255
-0.7704475769562935,308.0558553339458
-0.2370181686564007,157.22172917839583
0.0019660296021043236,307.94749638410747
-2.239023200827674,307.808412390768
0.8680271509433344,307.8126273850437
0.32409118129249015,151.42972688361164
-0.22626937134946085,157.3040779967842
1.0262038186681657,148.11001346174217
-0.9028639403255675,307.8538212583195
-0.5995316809502973,307.84726786201713
-1.0142426013613237,307.99087958054463
0.30196746484236897,156.60207957420087
-0.15297465624662646,148.11125932356163
0.5613517371833544,148.11065984219064
-0.34461497009617703,307.74932636294096
-0.8061317769008278,148.11999798298035
0.8042867395361336,157.25400258577804
0.6308164155122189,307.8044868397372
-1.3808204370863528,308.0025705119124
0.16532981554068701,307.8838703086934
-0.0710120453441802,307.9785456723014
-1.797290353987009,307.9727171311161
0.08707105284388726,157.153410851351
0.20088845657663637,156.34565554325272
0.025536797202166162,311.7236046638666
1.0772558091497462,311.92133783366194
-1.0969517543618152,307.94116036665264
-0.5713909214801617,308.07493453617485
1.1889374536268442,148.10892532065617
0.45674130533518065,307.9576631689763
-0.9215846512178655,148.12115477073687
0.7828687073796525,148.1087737197633
-0.2523513655954819,307.8711960951123
0.06963787800767075,307.8589301180668
-0.35771178454084507,148.11506543811225
-0.017209824791748284,148.10875092272622
0.027780838333360383,312.2988188660134
-1.8782087776313632,148.1836911624132
0.3982100306628513,307.816286503961
1.0518549191474516,307.84506717394856
-0.8839026375667256,148.1152190369539
0.06834002921887894,148.11095058326538
0.7367950432188515,307.6761022956548
0.07723149402738938,148.11154484079202
0.32163845444662975,148.10962381997615
0.0187089901071027,307.84266896223903
0.5613914426970849,148.1101611649448
-0.18626042632590353,308.03652695446493
-0.30691228704757306,148.11125411555605
0.027329737524987036,307.98606803713454
-1.782143818807676,307.83593529243996
-1.9038389942261411,307.9436255462232
1.4003597136693082,155.86915805431923
2.021235200073859,154.85376945292404
0.10447308149200843,307.94105511728264
-1.7598610448501926,148.1420860785102
-1.0573423398244077,308.0397891750714
-0.5101051630897858,148.1135701117626
0.655249255028283,157.12403078056215
-0.5968240601187594,308.0163827703006
0.24428829713096262,307.7324053465174
-0.8986239723969612,307.7253546164683
0.6187382047444521,308.83228768548724
0.16521236933144956,308.01209336245876
1.0810916768053758,148.1096187842977
0.9599250591525703,307.88552191906376
0.047816608771551,307.88680442909623
0.7468625605763606,148.110478681186
0.33465758315801986,308.0427221922823
0.2653880772308763,307.9618422792627
2.0133305294863355,309.5825747354415
-1.156691592390449,148.11815017988903
0.8373697423146415,148.10926507193466
0.20929068560506395,148.10958099531595
0.7126038980279249,307.72380782272546
0.6996899445472936,307.930344208802
1.7343340238205012,307.84549656146464
0.32995737247552787,307.73624924664307
-0.4589825934820679,307.80426822537567
-0.35192014596802074,307.82604084736255
-1.000588233815332,308.087366909082
1.1886808479203586,307.8529996586752
1.6236553629268746,307.8544575412041
-0.6405730897008916,308.0584283585282
-0.4041492791540015,148.11285488767078
-0.401401343923515,148.1121017627731
-0.5581952581657469,148.11786739179664
0.6040882777442977,148.10886682294517
0.8901434464548279,151.66278444639715
-1.2542382360732036,307.8630811144711
2.4768743187095836,155.33526164355854
1.0372226012537784,311.13395764755046
0.8561651914166805,148.10937488354892
-0.5607833865266012,148.11442545072168
0.23870205990927051,307.88572668301646
0.3497938056331023,148.10967535971463
-0.40610794886985446,148.11428583434758
-0.5277261631916881,307.91504598656337
-1.3123186918096896,307.88465957700805
-0.46976677509504083,148.11228653176383
0.7042258387595329,148.11020184210838
0.3646707047862675,156.94893960191342
0.49969576450200814,154.53964748326842
0.27724839542150864,312.1009468051305
0.12582685838727856,148.11077965690566
0.03444866000509417,312.69451723177446
1.0266394827632987,307.8394003802959
-0.42873322259860064,148.1117146867629
-0.745840283000561,307.73391174641256
-0.07076602208899463,148.11044253006924
-0.4624015809911501,307.9708542564023
0.7324835411542308,154.73282387382912
-1.2145967540007636,307.8856733222905
0.4944628618711548,307.78469576261944
-0.6158124365799047,307.86930408715807
1.80859683857493,307.9305793970374
0.714083456476903,156.5697895339861
0.8590215696746603,307.72814787794835
-0.9259105799350523,307.9932260402498
-0.05076906290501602,307.843991024324
-0.30820189104850476,155.74824762837108
-0.3585351469316628,312.8236206610524
1.0964167957764268,156.83094063828906
-0.7044487883088311,307.9599488950855
-0.2853069691605942,308.0491573496168
-0.43978391157516805,308.0789976717398
-0.45901526468130394,308.0016015931844
-1.624281449345312,148.1466420729575
0.34696470695473086,307.753743942617
0.08912209887333619,156.3570406407208
-0.03529071290591039,155.53990813699386
-1.9870648153349055,307.90141560561415
-0.2714848161362982,148.11118401620897
-0.736262897024293,308.07079856851476
0.46956238557231716,307.8112554019509
-0.178260013925779,154.98189852600365
-0.6160432149270809,307.84382978184806
0.08435350964307359,148.11053030222843
-0.8625828000729904,307.9461276253903
-0.26819283893966045,307.7407805965955
0.7266192644879945,148.10870468547319
0.297635445282143,148.10945488258324
1.218164413289165,307.92666885750634
-0.8095330349481198,317.10495643313993
-1.258778878448431,148.1303844704923
1.206394970952773,156.08231125925977
0.7271516593999482,148.10954282862195
-0.29017258781579736,148.1125865491756
0.2506101391942502,157.04097851863457
-0.6264890493353863,148.11126468904433
0.4494362486560149,308.0356125106158
0.004709803479000167,157.2655922219877
-0.08216997210775359,308.0170128700471
1.6084818886209717,148.10963582265293
-1.1382283966722468,307.90684044688055
0.41441169998819294,307.76502213688354
-0.8192430863984254,307.8119945707906
-0.6525975008185995,307.95438119929474
1.4067800190746493,148.10948149747998
-1.9141950578447193,307.85772735796047
0.5928202049295427,155.72976643879085
0.19820504145656356,312.536115147226
-0.2755102064353965,148.11148666318707
-0.42506738704362396,308.04441560623536
-0.10041430728533265,148.11100852399304
0.5020560179269233,148.10929399012198
0.006424903593266499,148.1106223372293
-0.8814157694204021,148.11463373081858
-0.06288163148615745,307.8822037039628
-0.31429228058181924,148.11146016926767
-0.23300021667181436,148.1114126393695
0.47482540954222696,307.7000603662078
0.2239936925841648,148.10928869499065
-0.2251040986640836,148.1119659189638
-2.3766970524974207,307.83225740363457
-0.5113526659759671,307.88722437605463
-1.6475008125783641,148.13532592435513
-0.5478676876667946,148.11251434593822
-0.15409589921008157,148.11173400019348
-0.21983654994556392,148.11268102811107
0.12322773691401309,307.9195434149739
-0.04590236136748054,308.0894293106637
-2.55297273695029,307.8732351361563
-0.03250235427097197,312.7222692624456
0.7451370848210865,157.45370151633009
-0.02770800833696191,148.11125468850477
-0.07468971574223236,307.96997303565934
-0.6618117505816556,308.07085985090873
0.13747084238869664,148.11079741606594
-0.1156905964627304,148.1108747410053
0.0012586677531547638,312.35832507440307
0.902593335890329,154.46962313783754
1.431645146879832,307.639253995614
0.997707250397122,307.76356205127297
-1.6731376251513692,307.8413486596331
-0.17109644424015497,307.8330853716931
-1.6873506624172763,307.81710481903247
-0.6408377338329556,308.0319915763049
0.5076148427580449,155.38385050571952
-0.9091378821584738,307.9585525431937
0.6892507467077824,155.25220872037107
-1.20551507512721,148.12777412166275
1.0634236380265305,148.10904738378778
0.41995346874985306,153.37033573076442
-0.8375672036500647,307.9712940788901
-0.2063837240865175,308.09523981503236
0.3292165818603822,307.9260667067938
-0.5677667701319605,148.11323878118318
0.10979215134684303,148.1106446533846
0.03858762313117442,157.07580642203664
-0.10336347809185722,148.10977183914292
-0.7739579958943212,148.11487071174648
0.6202363409521927,148.10858666889058
-0.8046828825067656,308.0677059754636
0.9129856243055775,148.1093262392548
-1.1166674561648202,148.1150024698129
-1.3105573309761736,308.0119463656759
-0.8093532359439745,148.11447803882731
-0.3852203644560629,307.9150219895553
-1.8356002913028682,307.85255363787064
-1.1735419475668074,307.97928167308197
0.35003161598265936,307.8033306349899
1.156849601427601,148.10913564860496
1.2014017842026556,156.5940339368477
0.24316313488519195,148.1099061086135
-0.0705793270285245,148.11135474909588
-0.46030701424037823,308.0321002169544
-0.07973417324168411,307.94013482407115
0.5038593996661405,157.73721305722202
0.8049459882451173,156.89156697597215
-0.28139020058366754,148.1099640211514
-0.41388986768971797,307.95406058817923
0.7277318132467996,307.7552741766706
-0.627293307931996,307.810758829483
-1.3707347039841105,148.13119222382488
-0.6191157312986421,307.95130132642475
-0.7921475828440747,307.7999961782889
0.6082498714982816,157.0395616881822
0.13526342682284476,307.8469473177531
-0.8330160576680324,307.93804868504526
0.37731606381688476,148.11070428683664
0.38766518327764315,157.01075881228647
-1.08000740487293,307.9241760589539
1.5493953149130124,155.0278020467142
0.5610357348184202,307.8588929260245
0.12741146191906594,156.51257298250937
0.560442266706192,153.64782393991408
-0.1653469308936608,307.87592474706986
0.24128239217234515,154.7525788050498
-0.2920495783492556,148.10879463860056
-0.6864746514537642,308.0771678753256
-1.4094079586929324,307.91227741053626
0.8315745131941399,153.74924516829535
-0.3819750289508862,155.88752464247946
-0.4156690271253046,308.0174027194761
-0.047063761184976814,307.7698787894511
-0.5722076937429211,308.0326502681238
0.7690104295851128,156.6873648936609
-0.6007033861666401,307.8250647860518
-0.2202649271210812,308.00847525285906
0.25705677724590903,148.1096263781826
-0.564355475373702,308.0691589766262
0.3879987186382632,307.8788595817963
-0.3038246492918673,308.1047537467797
0.31305409528547823,155.73066827054976
-1.0836108420092678,148.12016143625658
-0.3362366918504817,308.0615426415361
-0.5768810127789139,307.94594000176846
0.5352012841678502,154.38181446947272
-1.286880758736559,307.9491796095534
0.6328454364229728,148.10978476773454
0.743522087739373,156.0237997610016
-0.14365525280336253,154.28441654655762
0.8359295189756679,307.69110272713283
-0.891829504004934,307.7477726152864
0.25230060998290393,307.8134237188299
-1.2764139139466775,307.9058456383284
-0.7043712000155432,148.11853469514375
-0.5439580081637561,308.02526099199497
0.9586656435982902,148.10849024570751
0.002899694291068232,148.11100764682408
-0.15043232274819496,308.03265268536177
1.9603566078237804,155.0802438356945
-1.2917744525564412,308.0130885966653
0.3319379861260777,308.00159450518913
-0.5416953782836591,307.84318395617834
1.316437888517439,155.4567393636318
0.43342402244937683,148.1090221801746
0.2874709109918759,307.99751234000144
1.8586125766871837,307.83255727575295
-0.13096833192096766,148.11111308199617
-2.55297273695029,630.9770911382832
1.136237156480566,148.1098324473982
-0.8979994683915619,317.583877178103
-0.11020618825466702,307.93176907969325
-1.1274909123642127,148.1142752179956
-0.35300445881771647,307.96802819617466
-0.4187159620670422,307.906549654196
0.4650016261476653,154.98925115413388
0.2816929144023326,148.109483922668
0.2644789735049657,308.076259928755
1.0121890713027712,155.2004682279752
0.18801749619457164,307.8895749179684
-0.5770347269825615,307.785623863781
1.4007474724440871,148.1092354716714
1.2782410611885024,157.09508258477726
-1.739656574738837,307.96223087825433
-0.027477061824972213,156.61566863028366
0.14904965382939714,307.9285074575204
0.4102714888478877,155.6127378465083
2.5529727369502937,307.7795182844826
-1.7629785941273985,307.92367456313315
-0.47764186801948977,148.1126840851263
0.6076421116706081,156.14661421581687
0.14952618244988225,307.8515416057137
1.0413857657716534,307.8009184033692
0.15006000980979686,307.86837659576383
-0.4813665070745369,148.11255204769634
0.33925792484599177,148.1093065516412
-0.341739834426024,307.83238304639144
-0.6968464193638789,148.11442899889013
0.2891294907417149,307.9672804624041
0.2291525652920584,307.8771675539435
-1.129088267935985,308.080899567805
-0.30750669447369133,308.056074873651
0.5922904683110367,155.70745400073403
-0.5008159919087232,148.11482203900385
0.1981039336794114,148.10952196696877
0.1199800560445012,156.40493016741263
-0.9051475835202156,307.84977554657394
0.44858316662752,307.7679577773758
-0.1270745841509054,148.11023615368458
-0.5030902033143505,307.9702671652154
-0.10651603857531554,308.0572653362552
-0.11740965269526793,148.1122475950431
-0.07236364602440461,307.92659741585237
-0.39188922604732906,148.11287424126343
0.16329816372978184,308.02061836298014
0.25779931743016526,307.83216424307335
0.6632190271776737,311.3683667540481
0.33721247872904414,148.10996931145564
2.5529727369502937,307.63940469509333
-0.7414047115147994,307.85303015896216
0.17320277106443638,307.72541869132203
0.7254699163366829,307.695420942268
-0.4778567589409813,148.11259226976165
0.9312764909304623,154.92181726615752
0.9407405420982341,153.81060507497673
-0.2727695258490936,148.1111147334872
-2.2907268940065646,148.2325908081108
-0.5749574150492182,308.01110039525497
0.9410064405752449,307.9830588248546
-0.5648793868796744,307.98914511341206
-0.5416984298192163,308.0080712319725
-0.7848484044529248,307.96492653239375
-0.8166422696714323,148.11897654246843
0.9792444875721689,148.10903209791383
-1.8625735057385988,148.17841827254415
-0.220637577703912,148.11092897928285
-0.11853380038351485,148.11100555556533
0.9581280356574731,148.10978478076993
0.9532120077625116,307.82995496476747
0.06429195019800925,307.7547714221631
-0.4623974804702008,307.8557214089408
1.6424310285918065,148.10933333071347
-2.2808333880228235,148.23574772637454
-0.44181409507001806,307.9755104770765
-0.4845136961208598,156.29509381090014
2.5529727369502937,155.06999315112185
-0.24345801024570957,307.97975931096437
1.7065068196403856,307.8152154093802
1.0282351525158213,154.36022130165523
-1.3164162182076968,307.7498141638903
-0.9787440549253728,308.0777274330387
0.11668122693095263,307.7428870507583
-0.6131451125810458,307.8661110745622
-1.4129094936241129,148.12691051631262
0.14755739905153076,307.99784298804536
0.3500413271979375,308.03101601955757
0.41277942749698443,310.1133763454858
-0.034800160207398734,311.84733281002275
-0.2093911399698929,314.5782460457243
0.7729632333965639,307.77495158782057
-0.232604098004012,308.0982795430914
-0.9961342702243349,156.79186250228665
0.33095275603705127,307.7865657349081
0.3878578214412678,307.96662005385156
-0.3070842044161683,307.9176520409677
-0.8766880618125458,316.20000708993746
-1.3619688579539002,471.4884273736416
0.5267170511582915,148.1101919270196
0.8051815780776056,155.0779204705224
0.35537218466877263,156.1950471925906
-1.2932619392710798,148.13271013477137
-1.087987794765762,148.12802828752697
-0.08905009706379635,156.01159100857097
0.8229589813053517,148.10958728893056
1.3395807286040555,148.1094169081638
-0.2694849385000645,307.93650568309346
-0.35655549100709266,148.1119226200115
0.585704083633538,148.10870142711332
0.1990347373251362,307.9468678094636
-0.3549717153327667,157.10635380190172
-0.34316502599838794,307.9048585710185
0.43378138878453104,148.10940157291947
-0.2334501944843636,148.11141510158544
-0.15538147761263,148.1107717542917
0.014864803990606624,156.0373055129436
-0.3145602233058519,154.32035108420453
1.4055024528007565,154.34976296968725
-0.9184413000925741,148.1201112206075
0.22547954319015093,307.80400660630585
-0.290531489556443,156.80750703846246
0.1834254401880727,307.92633761629264
0.5028516518094162,154.4893870339212
-0.6905979672950868,308.0490645109692
0.1832104985606837,307.81180933578355
-0.7326939869138854,307.83565356421343
0.6648682084064127,307.83054218931966
-0.8029971871266012,148.12016406425045
0.7225903872234792,307.90014697196864
-0.42304091507989644,308.0141140260431
-0.11685324352667216,157.94341389311535
0.2128139766783535,148.10946462041912
0.7392713960567495,309.75936714765186
-0.08051898822078082,148.10913366529672
-0.1687978763308966,307.8058388148961
-0.2824497508937605,307.9376202877282
2.0971557879219738,307.8673913014835
-0.4374544779086379,155.5752064349881
0.2602797036559787,307.98066497551895
0.24787122855305097,148.11066496872198
-0.04602287488191417,148.1118566020341
0.3583728713385588,156.0153229602056
0.7033055604082734,157.39684014523928
1.2551971991635367,307.83461684524696
-0.4520665676368457,148.11413500528118
-0.4603893035258685,307.86279013527053
1.0032625430805384,148.10807477222704
-0.5606763748575099,148.11278737319373
1.5696524399804237,157.04557465540387
0.3156230447450398,307.8218780672691
0.9007277807404523,307.7840522150882
1.0849885076798353,156.84234322194595
-0.6675186549072751,307.75790107116774
-0.6639992672429138,307.9338693520343
-1.0337355634822651,308.0820020516861
1.2227626132859921,148.10792861177254
-0.7702182353102321,316.61009070369767
-1.5036992073079956,308.02445775428976
0.6623658580507583,148.1091533501544
-1.636392910287517,474.057254641138
0.9091120127821352,154.1473693698889
-0.022894109977284288,308.06885477608705
-0.19237122141047355,148.11079851570918
0.2879541264640523,307.9405891850325
-0.5288982587786808,307.983228975536
0.6200332428689627,148.10926043324739
0.10798819084853274,307.9307315215936
0.958738539470773,157.72602553886907
-0.2468350180117276,148.1121235728609
-0.7248042147758474,148.11467376660605
0.5420028691424079,148.1096317787615
-1.167603041991937,148.12013676301137
-1.118836016237688,148.12403221108153
1.2243087388983211,154.6650254181957
0.047743717020084474,148.11147267357634
0.21870874430221224,308.0239498697786
0.16106587425743277,153.85875080321497
0.19094778642892637,156.28613801586388
-1.1713515122635136,307.8606202740244
0.44063291790571274,311.6747552573731
0.14135190589721497,307.87920821473944
-0.7248308446492124,148.11537436544523
0.04731130480022375,307.72534646437236
0.5988424713760283,148.10960348241733
-0.9729703004153019,308.0917564797114
0.98619013853266,307.8250103259208
1.6779347010584886,157.36439479600614
0.9758177012374408,148.10832708772554
1.2672485654393084,156.54757402748047
-0.8161810575664107,307.9831425358068
0.6038627771613514,307.8353802175273
-0.5128407753041123,148.11415295601864
0.7605203401958649,157.72679896910265
-0.18944801330286243,148.11177647990002
0.3715961390766966,148.1092130852676
0.4693445676676984,156.7073963095224
0.510561266556334,148.10999535026625
0.6492844141173437,157.8558705995654
1.8495593543750772,148.1089962696982
0.12070538154195606,148.11000200047812
-1.3803520340055444,307.7738286027531
-0.9461968997812346,307.89207915241286
-0.2023744685057641,308.05721437970266
-1.8784039474503655,307.6906861647356
-1.011940680793241,307.9084775595621
-0.22158979520903654,148.11075595176357
