log_frequency,average_gaze_duration
4.398143735532782,148.1797281318852
5.968061846410574,148.1090439429372
5.820773779369296,308.0025400820308
5.061989874320561,148.11571275379345
4.102198227957379,307.7808043041563
5.672560876416555,148.11075568745747
5.148472699418072,148.11535964926213
5.518048668961564,307.92548242935857
4.818969684378175,308.0101901092204
5.968868493409817,156.48434808154647
5.736774733025656,156.1974928175025
5.9352478285650925,155.7635553652816
5.2317572184042405,307.9166637025754
5.873747761524273,307.979836402607
5.610936585044885,308.09057562991984
4.970818169025493,148.11580938649473
5.709644154756177,307.8353308521589
5.3652189301809505,307.8330333311131
5.863877098319889,148.109043783498
5.137132975177375,307.9397908475213
5.695611308743292,148.1099725615037
5.978176092295832,148.10915726147388
5.665906478921924,308.00491997133395
5.245762294361796,148.11737986722449
5.81356091592327,307.88789828403617
5.89238217138308,148.11033046554857
5.8050343368644794,307.9314163654865
5.5712694023829705,148.11184191468345
5.742903191407913,148.1091073713353
5.90133332265144,307.84189775130636
4.601034483640036,148.14757474976653
5.983756015716329,307.8298349286614
5.247010618422524,148.11840743241112
5.928857005804915,153.83369087137882
4.345017982702865,307.6709854303334
5.816738104648539,155.01149223078733
4.73342915849437,307.8136862639243
5.484197615771472,314.3958806591329
4.955112981348167,307.96569559162094
5.967449710176307,307.6906855761289
5.927250436403194,307.8019317877296
5.861517676229531,157.858775960004
5.7593963651429,307.9862909627527
5.314206538310801,148.11469813378548
5.267046242116833,308.03321626197373
5.291627391226163,307.9122448814391
4.8906234176215415,148.1331390979074
5.551569474466078,308.07828921026635
5.436743955481043,308.03902373669337
5.944203084779077,154.3051591886475
5.371965811862236,307.9466287977549
5.922713716630768,148.11011104688617
4.92060058871613,148.13044063646086
4.568415038589034,307.8634197237636
5.90015268817248,307.761249788164
5.77930826948554,148.10840032248615
5.455381589191183,148.11445429342174
5.53355658969587,307.9680291640574
5.294196352423813,307.87345504066
5.895015699986645,154.51989848101982
5.948759598268895,307.6915865802428
5.514245824494019,148.1124343110124
4.719465564113796,307.9093605145041
5.493407380370217,307.88164967599363
5.994271765221611,307.72671595116856
5.528158992759935,307.8425376161336
5.97321996414673,307.6811399743051
5.476085898834245,308.04414275796006
5.766656423947657,157.14493148984377
5.027119660729814,307.8913863277079
5.621861689929498,307.8855030988735
4.374496987200955,148.1615129616167
5.825524061642034,307.88542620240844
5.015679064170485,307.965614440615
5.2852107856371715,148.11592186152362
5.925866623418215,148.10889616677284
5.848714659642298,155.31717901751975
4.192940375231735,157.25143311356044
4.0422065391916675,307.8970760990163
5.912095822514281,308.0188335504927
5.907087071383187,148.10986307568083
5.900834578351413,156.9966796379444
5.420050307286585,314.6983302452038
5.91291046454803,148.1094469894118
5.3234953223609,307.6948765129885
5.939974947991042,148.1093001348366
4.565045249761116,148.1348527720573
5.584320934014734,308.00850698738327
5.567252382842033,313.4820808789425
5.844826193803266,307.93942425986734
5.692499386028572,308.0048544191422
5.887674082885266,148.1090644225595
5.0902967753184445,307.9835395999072
5.800635016516923,157.37885068845645
5.881147661750214,157.27758560862094
5.787758225710286,156.86404202685594
5.493034107180349,148.11481170530305
5.928280252846988,148.10998489289832
5.311493367265192,307.91265498049097
5.662694202525543,148.10977446266244
5.84541755361845,155.5599046919153
5.358148895672729,307.76558077071445
5.454484312772131,308.0140581470514
5.857314132071695,308.0084387981775
5.944839404416813,307.84214376202794
5.907636351787403,307.98624724457454
5.137569946651671,308.0496834279353
4.316322378016644,307.85488108796403
5.895924275938476,155.48204255376734
5.704106083872072,312.3149554411151
5.782819334604401,308.00498551196347
5.696038288491728,148.1109324478302
5.909329886034093,148.1087026182944
5.5120333836691096,307.8378501600239
5.080187440247186,307.983831013167
4.903945805227213,307.91939768058955
5.879473356126141,156.2264198876119
5.799670162155379,307.7503205519929
5.24033816596256,308.02208114759856
5.971542348278067,155.86532806449208
5.798771664047976,154.56501115377154
5.225103698785549,148.11306120940168
5.879534569047876,148.1091775221605
5.8098428604576045,148.1094805077993
5.959830294759858,155.15619936982364
5.41674464773303,308.0327866772141
5.500602248047185,148.11379065755494
5.651840696347991,313.73013763936234
5.976434803771964,307.74638926678836
4.176525147973769,307.90965806570756
5.7296760289703625,148.11097146341325
4.922270281376912,307.95335904966214
5.160331294158856,307.9309996289485
5.719346527927212,153.73427629445675
5.957370535498712,153.58976038327427
5.801323753647781,148.11008991594048
5.717882149046516,148.10863617888796
5.537107281418962,148.1135673159411
5.858384366844923,155.3263153549202
5.6656890686653485,157.05134606540864
5.817467075118818,307.80054261127805
5.665274230901577,148.11236140927656
5.84940656319858,307.832484583552
5.962033851184525,307.7339267199809
5.204171047259998,148.11293717774538
5.625568541775789,307.9634723106889
5.141031509979306,148.11302185051466
4.494585504492511,148.14419560574004
5.648526763126393,148.11138476650302
5.799530368340697,307.7928598615888
5.36157203519166,316.492906607288
5.756819879111481,148.10941791947567
5.946109236732773,307.74850690805437
5.443630317598351,156.63061535160088
5.816302234598704,155.91930777964882
5.442837352106508,307.7357573398314
5.561076700781375,157.4316749923293
5.269366535239361,307.9419808269273
5.61623326273287,156.6977102940118
5.454597569567642,308.0540567988657
5.614042273845686,308.0260783141117
5.218820645369649,148.1152183014595
5.440607003187475,307.8676916066547
5.621882365171734,148.1128037648715
5.448105855531702,308.10231290134175
5.769368549577542,148.11183762396348
5.727499432282884,307.8205880761835
5.914479792786008,310.59422865771205
5.768373208500325,155.34462854425482
4.831565718415142,148.13324128646298
5.836744969622176,308.016790562738
5.451364552607189,148.1123064520974
5.777759335290278,307.7624173981573
5.766768464255651,155.84604185800657
5.480726301752392,308.06468456351195
5.3553364058908315,156.66669522053303
5.438302653003252,148.1111228566442
5.972350413961402,148.10834264959263
5.9203341573044685,156.0302152339625
5.471344240241691,148.11131008248506
4.947491652929086,157.0058180477187
5.527804901220386,307.8329383681752
5.898476089816718,148.10892214132525
5.8078567512979475,307.8662776424184
5.845106832629147,307.7741465056332
5.144455581829591,308.05090403277944
5.958132175928581,148.10849821163242
5.62529453660815,156.30202316048076
4.917069146718948,148.12413697607386
5.526239711143616,156.73898108739854
5.579992174202604,312.4693640654332
3.6605257569386653,307.92595176695636
5.71711918426082,148.111016011936
5.436390443324248,307.96154771858176
5.3169637257257705,314.01879730691917
5.698615113148514,148.1101900696565
5.907799347674582,307.89200112873266
5.454856844453447,307.80101009594233
5.766593128848165,307.74327512306564
5.292648235412785,148.11800477696724
4.895783426226401,148.12557222641533
5.962049060034888,148.10942963157774
5.375447122065489,308.0473438590453
4.972060505930744,148.126756734028
5.701034348647781,312.1764979977915
5.261010119736862,308.02017011838393
5.801814409861095,307.9507764643806
5.936505439667811,307.8542727701487
5.8676991290826095,148.10920777462928
5.8939297737503376,307.86545919397076
5.5445618754135895,148.11377518958352
5.7791691158467335,148.1098764392483
5.651642039517074,156.9492760735275
4.651504190912657,307.7817978027487
5.97737897869507,307.7335073915954
5.195243826712397,307.9307117449012
5.648296406924708,148.1095813149131
5.968959491606753,307.909160512637
5.558848314413328,148.11112863698082
5.823751598471554,307.7063251216532
5.62153164092134,156.9210936078771
5.344490224388259,148.11025309738488
5.991322651401257,307.7473830530534
5.679073057110834,148.10850934933012
5.953138779620606,148.10828527044296
4.9618559814574486,148.12149062343113
5.712235864790293,148.11063082539096
5.997183464603241,148.10868079809242
5.728077297464421,307.8078976481354
5.275434964851201,148.11627332404444
4.973594637782857,307.883531835267
4.772806731822582,307.8828123636142
5.2975534860107105,148.11579121209436
5.803633471082151,155.2598710825652
5.918194212384324,307.8075197667681
5.174494127581849,148.1209132207576
5.632014384918244,308.098425289151
5.9630275856453245,156.36704364496535
5.064220777710865,317.0468502407535
5.77131033583699,148.11062712468637
5.94945690997285,307.8729712667547
5.492504881258836,307.78930575880355
5.06297476015574,148.1213646231799
4.370842598320016,307.6858098490433
5.9661008522568455,157.40080950930806
5.958672220372151,155.53983879040965
5.767307308721428,157.34111857616983
5.974804978455097,148.1093281523728
5.5654294707555385,148.110415969487
5.951457740218922,148.10883441607018
5.28670025536129,308.0413896842993
5.174051776282559,148.11792056341673
5.294642424413394,157.34599415582093
5.920749460671214,156.41206022804033
5.841264968454874,157.48840775336976
5.811645071489104,307.83495856023796
5.335417989084129,148.11163716419225
5.809039318265655,153.2281949587432
5.983867021269425,307.7538763506944
5.220243978762897,148.1193850590694
5.546094425454296,307.8005636557601
5.65626743377916,307.99212167520994
5.737655548416047,307.9999494004473
5.83635557725269,156.16840548158453
5.550814923091243,308.0434542605867
5.620212087200166,307.86655738326124
5.332880952447319,307.9404236314838
5.984044163360413,157.53644926571678
5.7237658771030855,148.1108838032765
5.842232966353144,307.72013978383734
5.219126268671599,307.9205219992193
5.835525893771802,307.96474733809777
4.786440717515183,148.14230550085244
5.629179438330292,148.11070914779603
5.743654478429742,148.10903041901386
5.599744472735861,148.11137809557226
5.380746793725702,308.0733663932248
5.096687241877765,148.1234877189048
5.820409478000707,148.1095125446863
5.7807728694773965,311.159771810546
5.038267997581947,148.12567797686117
5.510024088489971,307.9757789672251
5.16955685343864,307.9695538512898
5.958648782159775,148.1099958289946
5.6828954774707485,155.03686688422394
5.7836898120515645,307.9545190113287
5.585501049124476,148.112670571051
5.997774795249835,155.23861268169182
5.839859001519501,148.11026723643192
5.2952602819826735,148.1106681582457
5.754651072805452,307.75449287622416
5.672108407127217,148.11085723206725
5.153716985948711,307.8737153030403
5.884919501073035,308.0109048161993
5.348238511081355,157.81724382656705
5.839354631309365,148.10978040995275
5.726428619190088,308.0595423159191
5.663091626882638,313.5761220601253
5.963936219376678,148.10914794748652
5.997006089353084,309.7258660370194
4.736870349085296,308.0129998754262
5.81601209715146,307.7965909450712
3.98001355772825,307.94784648975434
4.963456603100049,307.8707702481538
5.948362682444724,307.97241214652684
5.760070843041765,148.11032052644944
5.783145444867729,307.8712876354325
5.850964045772979,157.13495522495862
4.595798067042539,307.84342684382085
5.999533278905845,307.86693908577695
4.63348195788424,307.8908987436946
5.697245246629955,307.84150437939013
5.828908245359191,148.10931924716874
5.967958322255013,307.6912789072425
5.648488934775504,157.18048826865086
4.877774111652668,307.98069122516245
5.537884062351736,307.85156684820777
5.899901619439657,148.10881058939296
5.908062587430122,155.26974586380067
4.761028463701358,307.9877826004915
5.89741079523435,307.7273434935324
5.175089257869126,307.8138027975615
4.1676317591798275,154.50461748385638
5.9388512769613,154.86787326331824
5.846690286493075,148.10988828727073
5.65938179792497,148.1114329601831
5.575215935461637,307.74311256120825
5.581782056771818,308.0188560258579
5.880371302741237,307.7226518057348
5.806473076129336,307.9295307633048
5.5232845887394895,307.963952341079
5.7852623105132945,307.89153319527395
5.915304248916678,148.10980425567152
5.950662866384425,148.10930310503736
5.43371547859856,307.851013290828
5.822515445726672,148.10947308014858
5.743031449527428,308.0118064307923
5.63789906081194,148.111643352638
5.766190845746572,148.11138197065998
5.715817853122894,307.90931736974295
5.926976436411321,307.91385162963417
5.953053698359485,307.8708244606494
5.326817645142301,307.9231605750237
5.914843632586095,148.10970781890424
5.4306711397411735,148.11586146049393
5.999422493246251,148.10898563244572
5.641501843299192,307.7234821698733
5.80058265922024,148.11022847484816
5.997360383626869,148.1090266760993
5.770580219210032,148.1099922876473
5.974280995487584,155.96779205237422
5.646195592879114,307.99619917524615
5.706173593755509,307.90884574202084
5.585563168914092,307.8493590209498
5.998096763040354,148.10881325845713
5.941904224108054,157.00577744394067
5.830690840587204,155.70897819716998
5.85957918923791,148.1086207842194
5.6691913325672845,152.58528964560472
5.789550039576325,148.10958546932642
5.731373917791422,156.9886615459422
4.7399408597317,148.1387263805354
5.116413450088552,148.1188421119706
5.890817599613002,156.5197894815787
5.514452938880199,307.98137720479633
5.733600448847584,157.11640233162007
5.9964309107676765,307.88783292511226
5.3797980440044615,308.0444687470322
5.1924626989125535,148.11819311676214
5.837993532662765,156.49504409594618
5.225388481910436,308.04832423416207
5.160025073871776,148.11841779332372
5.948723774772922,153.7115716271938
5.467446622526457,148.11348462060906
5.739327868802033,155.6165586667443
5.574542689787866,148.1121049298015
5.875305069871841,148.10993672008738
5.134977260642573,307.8698073205427
5.531103258967706,308.0689723830793
5.185176161362085,307.96618546811055
5.827684802608871,152.6323735281287
5.9221221635904415,307.94083012294243
5.216397312055006,308.0109398823481
5.692542695744471,148.10838696536152
5.84024080746429,156.49059482684402
4.7597778280951655,307.96488556237256
5.659464691386838,307.8243496741477
5.956395210686578,154.04714686810343
5.628960771370473,307.83055535834853
5.923574356492274,148.10843099630418
5.46018074914272,307.95520223993213
5.46298577696527,308.0186908096174
5.722570555069532,307.91039662815376
5.852500455476064,155.60058591085013
5.987081232400545,148.10977351327236
5.152546204121923,148.1167079813502
5.85403870603373,154.9206889238622
5.10201923556235,307.9885334680739
3.9823741261237258,307.8271607412116
5.923200072836465,156.47363471509456
5.9522974710776095,307.9170562307769
5.915360712345524,148.10908457941701
5.958048294758357,307.9657597691383
5.404249515767189,307.8254365991261
5.922668889655722,148.1094364300605
5.796224869007165,156.64320689583104
5.496308342103014,307.88827907018424
5.876024878809051,148.11015639854884
5.970223798624521,311.73588462530057
5.428546618728608,148.11269981771983
5.963346293317158,155.9852883110224
5.844259241535345,154.8413723684863
5.540745863493802,307.7217565514836
4.359443012020448,307.8547399212447
5.554035520167184,307.98469557858857
5.177662133881595,307.9459365737437
5.831887482548725,158.48512786262444
5.813043661916869,156.66187680371917
5.501348962532015,308.00319075471293
5.744927570411723,307.7652888044611
5.785058820196498,148.10953638087324
5.849549330826491,307.83170602671726
5.567201314060594,308.020060994009
5.885770472130544,155.9565362997677
5.544459628589595,308.0112553800874
5.288963538075905,307.9725734437318
5.566350282527166,155.13310113457524
5.721204501393541,148.1107322367185
5.787541052553462,148.10927364071304
5.558258852999168,307.9302500683582
5.941678510503611,310.1174305826124
5.7875486156849245,148.11027446002038
5.872509721816546,148.108574233325
5.848744857634898,307.9815240031349
5.916035721635817,148.10992342959165
5.984571380070866,148.10899811693992
5.771806274419396,310.38603367457654
5.942815231033573,153.0286690535554
5.724642327346779,157.50364481638084
5.9421755392081135,307.8770555725955
5.6581874729384705,148.1109416540571
5.373523957147338,307.9164008385997
4.9273093838436575,308.037928704063
5.587698323810235,148.1107703823543
5.9542548406002105,153.3180126483594
5.225091368114897,307.90865387276517
4.858286277683739,307.8866888416271
5.94188520000624,156.22814038642176
5.964937448711798,155.17990142442093
5.553841747176021,308.01859823020044
5.635608175252792,307.9445638379957
5.942613159804536,307.8668223980332
5.867654480288922,148.10992964923122
5.9898662516478955,155.03594553924418
5.51003258675509,307.88007655611415
4.601247463940124,307.94244221644124
5.296469129517555,308.0143004987628
4.902918892113666,307.84292684051354
5.88134630955221,307.69068757199364
5.258279147199919,307.7949237835482
5.538156932542791,157.07893719112022
5.82412203325992,148.1094505909219
5.508776881930865,148.11239386801924
5.651213042808668,155.67541163983657
5.774161718361173,156.49553090493504
4.766058463228763,308.02661198766657
5.924564787757266,148.1093788269973
5.067318632428004,148.12097555747687
5.358162008399018,148.11381181111304
5.897851523681142,156.5450242421289
5.253429042448459,308.0224195707987
5.813836284341527,307.87535257837396
5.774855809498315,308.01989158385106
5.876235153449695,148.10829209024078
5.901334641575295,157.27164570397892
4.948426916100059,307.9539842820211
5.7646504714794204,148.1096032717491
5.995543592156451,307.77870647665696
5.868900581918239,307.9047508374317
5.73487079388231,155.53022449486676
5.899453036128999,148.108603204627
4.796147548424342,307.84663589017725
5.499231466499669,148.11089338335245
5.701962522478181,148.11123083866963
5.965082588708352,156.81477706722325
5.611875387650175,148.11246597579753
5.401653866473025,307.89894886419177
4.920710653929904,148.13222473733623
5.7221831170124124,308.00869508686577
5.743681533792786,307.9021205964294
5.929162259012793,307.74048409022674
5.840006343439084,148.11008245977365
5.603525651029656,307.83855394297086
4.493460187781147,148.16470841670846
5.931960663033476,307.88370908691263
5.51458974617946,307.94993498602514
5.565380666708893,307.9639268328373
5.711771942542867,155.64115155927243
5.894120833148718,156.22608692551302
5.085040110508987,307.93214613233374
5.634326402947841,148.11104036732414
5.6156332322670295,307.863658706569
5.917581827860234,148.10903907811425
4.607128283624596,307.84395515307347
5.679170014636091,307.9578681471212
5.36864962995963,307.8154022755352
5.575433774781025,307.7251558668717
5.72926618785015,307.84389516727913
4.953142751555761,156.45983978157284
5.63184738364789,312.6479637494938
5.524231145446588,307.91419411087213
5.966205880513502,307.8470179353461
5.589760445136911,307.85834779589266
5.465245724678823,148.11402684421776
5.454418762296337,307.8110234012378
5.657294695474618,157.08093160914498
5.88102968051117,307.95786009516917
4.8195726680068045,307.8171519564759
5.949305375962897,307.7010310015421
5.927681328737995,307.8741980739325
5.221696764144758,307.87858764539067
5.887659942535945,148.10928182036815
5.766505253415259,307.8972387271666
4.932280628527357,307.87362646230866
5.979267563177813,152.44174214744132
5.7716124840986325,307.8646912935664
5.597692605740164,148.1096222830186
4.656887249011251,307.8594132660106
5.772411968248562,308.0221816140149
5.831094865192258,148.11055473493207
5.894272577999997,308.034012265565
5.93266675405657,307.77989120069776
5.183756222291225,308.02399303576306
5.539290947165368,307.841170911717
3.567010656482102,148.27203125233868
5.6065219381761455,148.11219001811222
5.161178126245156,307.8729833760101
4.675679212315181,156.1363912896371
5.497242056305555,307.78030056290163
5.593058855566555,148.1126030723443
5.96070401724468,307.8752213167812
5.941855045756645,154.4259577452284
5.980698949699089,148.10817674406675
5.66658248225958,148.11161817271187
5.383911921100856,307.7245352339167
5.718486281168558,307.89753004136884
5.784307656631382,148.10937142055562
5.789536233016154,155.3786234581853
5.210265883403996,307.87738170569355
5.703173143896723,307.8727793398166
5.813320629831719,148.10976397978754
5.738553703760334,308.0153459053889
5.267584688040905,313.2937113208327
4.85946870588118,148.12977735960885
5.853977192108115,307.74692632052995
5.1567812493939185,307.93096709552344
4.722847430294365,148.13591395683264
5.596911736928572,307.9012523863304
5.706284977340965,307.90094233836777
5.859496086876558,158.1932305979216
5.453175235337211,308.0588488041582
5.31685290345078,148.11587443301468
5.018240608591827,148.12127889187008
5.845242737955224,311.9863225215456
5.393038590286739,308.0917081260527
5.447391715089587,308.0122053121303
5.744188730880722,148.1112247461596
5.745028107989093,157.97723434938345
5.005188454525954,307.97299977390367
5.182235750560732,308.0096917908052
5.506039827750415,312.20706084903867
5.57175493325719,307.85632657534006
5.836739036036229,148.1112657129976
5.561937891419184,156.4764466270373
5.776981961934346,307.9181655885528
5.986011654281742,153.7766282381562
5.76020747382078,307.9352694341097
5.784115934994871,307.89406721086493
5.660100242514312,148.1119991306443
5.5560611994288855,312.18179438490336
4.938384583228118,148.12871095243398
5.632136422535235,307.95139157699276
5.916957346382254,156.18046946330767
5.900903686074453,155.9122483036867
5.913748451063805,155.7459420057023
5.787009890460901,148.1094463827311
5.251358049201241,308.04667773916896
4.62080864602732,307.974640389681
5.365360046729168,308.05147300895084
5.5623314125114165,308.00354809886454
5.876715014556118,307.9643843018041
5.883166556453405,307.8793446728152
5.993479513623609,154.02757489215838
5.954594200740251,307.68397374836
5.435492415857845,308.0385534076246
5.457624122094638,157.21220537070292
5.788307351101402,153.64453189188168
5.689854732026143,148.11087262025978
5.558781540479572,307.8273315648252
5.746634041177975,148.1090062579227
5.67591580376244,148.11207725060433
5.198152065564816,307.8450586035528
5.101236487992952,308.01184180546727
5.964356016616839,307.79037736044353
5.553846235144345,148.11108338301864
5.965451941737066,148.10855962266498
5.162161983988497,308.0246156567392
5.370655565432735,315.57010531817446
5.776713683258643,307.9484945187725
4.983901828319988,307.92866780783095
5.145891762179439,308.00828398752844
5.5267646361090925,307.9663795552458
5.688495561732457,148.11144993073566
5.698469670680086,307.95240798607057
5.613028042501446,148.11234583262188
5.970168764337897,148.10812242657636
5.546665807555822,148.10979643236755
5.731748709104752,148.11053710465941
4.576136584403129,307.79015598728347
5.764924971715078,153.9284733605082
4.929011631821478,148.12678209758062
5.138641728202819,148.11624560267285
5.92978338146496,157.96957371667384
5.816955586447373,153.68470489480666
5.950942327972475,307.8197987561981
5.485704405236893,155.36707319093435
5.276421602739952,148.11354471166686
5.5753253100621185,307.8088360707943
5.761347218948609,307.98431147133465
4.908644568833496,148.1242465517694
5.980243650502743,156.45418284658737
5.866259794074579,148.109208051061
5.683805786735155,307.77960911383457
5.809992701420821,148.1086635228702
5.975294134329611,148.1079853885584
5.813468614249747,153.23691736649906
5.835658436043638,154.79643369508221
2.617302830672079,308.74693475726593
5.656144743844211,148.11221949098717
5.245526150386401,307.90298665552393
5.932532797152533,148.10934203166363
5.8640355032440565,308.0370726606194
5.031695297685724,148.11782248351506
5.855077717532008,154.08589479817485
5.325787006071098,315.73339474568854
4.560121664390214,307.8530940154039
4.702606223144758,307.8726048490471
5.496097761024089,148.11265986187064
5.656094449337543,148.11055932472766
5.999949412566434,307.9356683944584
4.624883001070888,307.9696478193822
5.878975513528671,307.9783432904935
5.742765152764644,307.9253864012523
4.98301799218666,148.12722910757094
5.849613554665076,154.75322502687698
5.625834938386855,313.45469411118194
5.3220760406025525,307.95605090258687
5.692094866962577,148.11054691775456
5.589483417594249,308.04845242866094
5.234444713261105,307.9663991224476
5.6043313638699885,307.86703181306154
5.52329222491091,307.84860070009995
5.30824108654945,308.0340002975848
5.901283066626019,148.10996702981384
5.917024908135869,307.94684545956096
5.6826613121589915,307.93086976829545
5.037557838052873,148.12025479984828
5.326041673338515,307.89144535874686
5.50118589149325,307.923299407729
5.734575660582547,153.54850999738804
5.892362420339987,153.05149281566338
5.95672954513889,156.40821857237128
5.5566760857021125,307.7434835343098
5.927410367104461,307.66586923651863
3.0623567824383784,148.54499652495522
5.841384531697554,311.28137371855485
3.5085625545448273,156.38873145019068
5.363219435740785,148.11265227210836
4.731235042261871,308.02553813622853
5.715083980625357,312.36282671024946
5.792380940416436,156.07477332492016
5.583926732167546,157.88428106566272
5.587029686442347,148.11166044944255
5.7043463195202655,307.81297319616374
5.712119498047402,307.90042903283717
5.296980566656392,307.9907556364351
5.99094095791894,156.80089997237653
5.862631699657518,152.91858455989635
5.890217103078509,153.95085977173977
5.90541792628268,307.8001363341092
5.8922048611748705,148.10952126873784
5.580048372652674,307.9176407692911
5.859442283814176,307.8643750031119
5.251869224544639,308.03277449449615
5.804343918680961,148.10926675914388
5.670755736475765,313.47171401805537
5.484018755873497,307.9919788846132
5.006215104767061,308.0377715965359
5.38152200390758,148.11388022154648
5.636027079323198,148.10962577751621
5.807598844677289,148.10929059183184
5.867242994552265,148.10922246514656
4.977333526981949,308.014518739842
5.1920974530389365,148.11170652321925
5.397738454815157,148.11637494269806
5.870267348321627,311.2575704318399
5.227638006882188,155.29812154050745
5.935306633882855,307.76320392248556
4.789383176009621,308.05991789072067
5.81611955848737,307.8089451439996
5.890071606778974,148.107908238868
5.520854182717846,148.11162992495974
5.385898099848632,308.03700210963245
5.9051903424406476,308.037638329978
5.638763441276302,307.8085765826698
5.769720845693792,157.589944934536
5.947655797542653,153.4630531963677
5.7066945843373835,148.11093382801397
5.487583808717468,308.0132454047516
4.703421860819033,308.02371171760234
5.695721454420072,307.9011261516222
4.865677070930325,307.9765592705945
5.956425425450785,154.78241968404228
5.977680186087521,156.0010463278924
5.91347506490502,148.10925586388345
3.654971594337639,307.77173084923675
5.6521482680286415,307.8077251810097
5.318035964640105,307.8763514846887
5.613493390907588,148.11131952910094
5.090616340754869,307.8675681711387
4.966886926640335,308.08322888395514
4.562502141562833,148.13321302728156
5.198615279211097,308.07518134486475
5.72070320027426,148.1101218659308
5.351263073059252,307.95775472374805
5.289668229563272,307.9644168527617
5.605916904151068,315.1339574741247
5.482958591758043,148.11261803441167
5.529290589897961,312.83587786462203
5.400615581769232,307.9116873158904
5.597377093393467,313.3946941941721
5.838116784944022,307.7164687406661
5.421109210092081,307.9230737567333
5.72191320186582,307.9496473095313
4.890702873540376,307.9233067313842
5.896050890234963,148.10968322667176
5.9667794797425575,148.10959884153377
5.735218093643807,157.28364824749622
5.984230463892718,155.85643930371663
4.5577749919903585,307.9327229737413
5.591559064652609,148.11324546189172
5.465108536691982,308.0466703113344
5.717673681721235,307.9441638083765
5.738328499890776,148.11090493383506
5.817672139565154,148.10839706455144
5.458024822571828,307.7723161732548
5.77365973844937,154.21500024797726
4.615765902029218,307.90592868313286
5.361196653882296,307.9135438470719
5.888239850343792,148.1092623641369
4.900425600314985,148.13348329347383
5.949379887751184,307.94493328494445
5.55181967007514,157.0768211113437
5.812383273125679,148.10991094703644
5.868253497507403,307.92690616575214
5.944680185584899,307.7509782890788
5.476694696022281,313.9528709414568
5.977100634735392,148.10880463520377
5.736398103892484,148.11059141865903
5.8856559315896995,310.20140382674606
4.879925963659181,307.91365632634734
5.901018215545768,307.7601363947607
5.71710706832115,307.8103869246978
5.688653562895183,156.6652314064121
5.719895362345679,307.90217899598167
5.910465245340318,307.78750317960896
5.211702153862325,308.0313430452966
5.397100907116341,308.0073521081353
5.375158638976573,311.1829108057864
5.32954230957347,308.0506712901755
5.580734565434215,148.11072085032666
5.620882193476722,311.8883581024258
5.543382376105667,308.0536408921374
5.657286347562108,148.11058043668893
5.728001053427623,148.10942094364128
5.962837030156456,157.8092502258821
5.564772265555405,315.0672102908195
5.731430233096788,156.8659470284753
5.956337129218408,148.10976719440302
4.272981971494997,148.1682676999104
4.827749294169133,307.8538077679327
5.754469314272833,156.68256405630996
5.784779416864698,148.1090016776374
5.930963033992974,148.1088566595891
5.860160590592158,307.95001613630706
5.981807064451143,310.2425046435588
5.930485462085185,307.8938034301273
5.842546600643076,156.96527937435567
5.970995647044444,307.8504771192063
5.886747543858288,310.86336904028394
5.462622629471595,307.9785166559443
5.940309074386109,148.10969304421212
5.963753088679329,307.9387641547762
5.831594567501836,148.109840274884
4.837701507284546,307.7734618326046
5.827946478376651,156.5782444557966
5.4856751947263245,307.8290826442035
5.111679786398963,307.84753151803045
5.824963004971486,307.9334938057308
5.67162140403554,308.04789824383454
5.4634103085674,148.1127428928986
5.331822805629103,307.99677227341516
5.934390742766988,148.10808491454122
5.324285666638624,148.1136992632521
5.888390034287339,307.64884872765083
5.327380983168571,307.9933327651083
5.734149209618175,156.4025409176065
5.453469448751553,307.99755734298924
5.638800430586812,311.96182195791494
5.937084298903432,154.5749192321269
5.492006870759261,307.90787401990343
4.155977331798717,307.89933945351856
5.9647813537212535,148.1101304192319
5.055546480369951,307.9764899663611
5.893804910012957,155.14412880094426
5.909725028264779,156.4411567420117
5.216575039324197,308.0707094920349
5.960123640109527,307.93354474648197
5.866025096614049,154.25456867532807
5.637444046416031,308.09971378744643
5.664058959449432,307.7368984832191
5.460082480641733,308.03702522622893
5.522528564241607,316.01223333171436
5.510260203146342,307.798263011872
5.578553496584905,307.83092126534433
5.908361975242691,307.8240129208658
5.799834121897069,148.10979796234054
5.086726530424213,308.0808417869447
5.645632286786904,148.11174700264678
5.609278436499037,307.86991581166626
5.819716293971056,307.89924562598713
5.846655549155112,148.10904151704767
5.815204023285545,156.5246138032412
5.770546101303296,157.03186243535254
5.922426892854155,307.8987355465655
5.351164997394763,308.00846995670895
5.845082835960022,148.10809100417418
5.144960496886745,316.83991367353184
5.804544753881432,307.92664850152346
5.956986268622358,148.11013487621773
5.962279047065297,148.11025587319003
4.97991885502915,307.9755281613786
5.106647436546511,308.03651925461776
3.6472491802991853,148.2873069445476
5.997008380243152,154.078177104596
4.962950167696315,307.99038535974654
5.24500271449016,148.11610708155416
5.822689658487995,155.98947263955404
5.769882854592623,153.9967210146962
5.717083679854781,308.0080778529971
5.905065235235891,307.93952598491205
4.870834035898397,307.8423128637291
5.83879589865497,157.0465079182283
5.38933987966915,308.0358313898139
5.538233470430169,157.0159138755654
5.691862102570422,157.40623657770692
5.976675781060709,307.9388162113297
5.656628208124182,307.7757650786522
4.869386174505496,307.9579638980607
5.859536394537229,154.7039386937567
5.8806964682762315,312.50351757184796
5.806546682145202,307.82331396320205
5.319026310681436,307.9102746678458
5.995472785590244,148.10815856922687
5.888808737025432,148.10903350390512
5.704653341406796,311.74182221811685
5.772471749167234,148.10876011389263
5.911631882926796,307.6627682196108
5.934190203622171,307.9589922075777
5.63382706530878,307.82701446067216
5.981853333953365,148.10896284777772
5.97086887493376,307.8345300284604
5.839704208815463,148.1105604450974
5.804297301240422,157.0839828853454
5.737216372130938,156.4060988385898
5.887932085613003,307.8444277042701
5.9807382631149695,307.91321106758244
5.948095216286578,307.8723984884005
5.900574290492068,307.9384904045277
5.057583708009317,308.05669729641545
5.9274585766089745,307.7676140462529
5.240521302774863,307.9895089462815
4.833729604744344,148.1281571268912
5.764506683979279,148.11190332253446
5.767461767376428,154.85103216919032
5.265137255371696,148.1139790138156
5.853097409352304,308.0332182457777
4.595641657609024,308.02290422971976
5.941410666288942,153.32924302889995
5.5416251053265855,307.9267759988385
5.752145773636956,153.48622119323898
5.893656004541414,156.21209457573062
5.970457328211476,155.2019163311823
5.045950008948802,307.98215299202707
5.9624159910398,153.60613527990313
5.620885423902396,311.7211838217796
5.346088376182378,307.84479938973885
5.498849857677207,308.08020859309545
5.367173101656752,308.0714027701239
5.8017666856741235,157.6538568262293
5.0686369193133345,308.0203120266631
5.780952701520534,308.01779516974216
5.814282136191812,156.67887093829097
5.3935599062401325,148.1147388525508
5.9514737554529145,307.7687615535997
5.9374162060299405,311.2845660612458
5.180366085072653,308.06901878025496
5.410709196180147,148.11469628766142
5.974996802248208,155.22740229756198
5.6048396301347285,307.84525899672474
5.1503151886264025,148.12109350760048
5.935724705952893,155.58118420018468
5.987244533718994,307.78306204381386
5.4911110690270934,308.00957501276525
5.94611827580804,152.9063004317929
5.83740221363939,156.48468938802696
5.665597025742125,307.90792162182936
5.121769177111867,307.926389704302
5.8134917882830885,309.9488093104683
5.920788998337473,148.10918748001433
5.091063583242264,148.11937554758327
5.540180745280468,307.9517140277893
5.166820902727257,307.8575173055098
5.078480634248676,148.12043253730909
5.680477639807419,148.11063874456326
4.916142643831402,148.11678353423846
5.894443614644813,156.01366653971095
4.219105725848235,307.77208853685994
5.916790487865932,307.8523830591672
5.97366642119603,148.1084280496897
5.8544729994656315,156.6489145216641
5.7238391663713,155.0439897190198
4.31829597943116,148.15832060046137
5.416834071898461,307.9934319472975
5.152722681124451,308.0657835175342
5.458876402082036,307.75675780035584
5.672292637950527,156.35586774381594
5.788199707317881,157.22691508521237
5.936791051147396,311.4868655136673
5.916062867519795,148.1103214743138
5.275273703388779,148.113789093407
5.800243663928429,307.9412312042099
5.814657241236763,307.9491787842902
5.745417837070518,148.11048804821866
5.897695038285581,154.52831460899827
4.867589445612909,148.12405935269285
5.529308860262705,308.0569556672071
5.922229122827399,307.6953095083529
5.500189793378917,308.06972475136024
5.908765165244462,307.85673087281486
5.788272126407848,154.3587154724711
5.853990830802055,154.77945314799004
5.833643667934639,156.67064180964147
5.99376136303616,307.8479008576277
5.998634130522843,307.8388138961308
5.6864235050689995,148.11201242328391
4.9392785351212884,148.1219782091996
4.421923837947414,148.14320057436936
5.976016708924625,155.59633335136513
5.910440187843708,149.66083311710005
5.403029483994887,148.11356194825112
5.742129562871678,148.10988190919005
5.224040816838017,148.11638135028147
5.912022859055968,154.91421774837517
5.062837861495176,307.97241181225996
5.99459300200803,154.6572756576142
5.745621924900596,308.00470157062
5.504845505688628,308.0732497357986
5.754504908396554,148.11195607305152
5.859854039293527,148.10912383890664
5.955999633096482,156.35798763356115
5.150861805388087,148.12043726618418
5.445721233200758,148.11200135685058
5.982664886071979,152.99151722151902
5.3903828576727,308.0069426598067
5.904050998430015,154.63748923514103
5.278352763623794,307.7557502799523
5.80104802813926,148.10889866512105
5.102264913910408,307.93420785380613
5.906626810379495,307.878108282144
5.259381240610562,308.0729319262884
5.6786441545534,307.9141424495678
5.7859644434953506,156.81867141699487
5.988497377817825,148.1086657317263
5.712992395595195,307.89938502875407
5.4336461370411495,308.091196988685
5.5947797781124935,308.01385930848676
5.516513781161043,307.97827637564984
5.8844629101365005,156.68530040318916
5.913789356184328,155.06620844938155
5.818857114715235,307.9176480129114
5.934963739124853,156.59666006685478
5.279591958642037,308.0236185608395
5.583927717425551,148.1109404221939
5.769540868538324,155.6023200792669
5.160447270876599,148.12133588463823
5.804461187507592,148.1096989907569
5.889021755012267,148.10900140487806
5.939436584166559,153.8525280765758
5.4657870368445565,155.34679947779279
5.6479072516209685,148.11124867358643
5.817475180851145,148.10935932253375
5.67132046066108,308.01426435623944
5.401630412432426,308.0588869087279
5.403614110053963,308.02137641471984
5.70046465930889,148.11029761449853
5.667535638576792,156.9518425531621
5.575661031856334,307.8711235481046
5.568577530309675,307.85189466885316
5.811140295490819,148.10915112072172
5.520500032553113,148.11221923305112
5.637532537980568,307.8570054935566
4.777964540540739,308.0093056693567
5.874331387914275,307.7874420105299
5.684432480370493,307.97887935948
5.064093978023385,307.9348266117061
5.971465247209804,148.109446429795
5.630668807386391,156.39355447799392
5.055721086320002,307.79101822059727
5.8371202903997395,148.10912177784846
5.692709109618118,307.97043873149266
4.211139754220215,307.9135840896697
5.903137826562859,156.38210216527938
5.009936892752358,148.1172878091168
5.912107777532939,307.9651075161828
5.559487517680877,307.8536533745656
5.604599527568765,307.9414664537601
5.681477990487221,148.11013216961862
5.508681908490969,308.06057133713034
5.838916512596791,154.69015905309672
5.921550552747271,148.10780333869383
5.274699669100926,308.04002325779743
5.918585002058412,156.16976665248868
5.879899244479096,156.36693465515617
5.265013583639466,307.9620257524828
4.981422070027915,148.1227399011184
5.98965800278461,155.17624405978907
5.797118611963798,148.11012286313584
4.983362088817757,307.7866150042084
5.103979534951249,307.9655827243049
4.392927661173021,307.95363836196486
5.867519636456468,311.5443648631034
5.200921958744948,148.1172954060741
5.985526107788038,148.1081911709055
4.750018189791735,307.87021382284786
5.777932900644838,307.83207389240226
5.961899580166435,307.70526276027
5.270903048010743,307.89143618457115
5.894978979747439,148.10991988573747
5.653409107680366,308.01328693597895
5.20313539583682,307.9273480241619
4.22131863064375,307.9348715926077
5.711011603396724,155.92106618642774
5.709674448560381,307.88491929302813
5.960304440823622,154.90494814980866
5.918501539520422,148.10974560419186
5.611731920220893,148.1096975755346
5.737347917094077,148.1101223056878
5.94986309956119,311.0774585698954
5.815827400697896,156.57938926662897
5.947662478213244,148.10906657631074
5.198468493292972,148.11358223252964
5.9852876782348705,154.56953956434975
5.657997548092142,308.0755324181198
5.41744759573908,308.0094610124039
5.692141548964655,307.9840865623047
5.990243796904876,155.1802824945061
5.596644279564808,312.7739011396847
5.970043827090616,148.10953646237604
5.5646822698794915,307.86765647642267
5.988800909834072,148.10897071261383
5.900744095121493,148.10872555484184
5.519879287180106,307.9245202066977
5.374867017524111,156.79991409665294
5.899063126796806,307.80835877369805
5.289563812713638,308.016019707003
5.614348005686717,307.7765926587926
5.277266431039838,148.11308977155068
5.449083623443271,156.61183553197617
5.807908189353874,307.85154303964106
4.9418582322615805,148.1301809526359
5.7804404060586085,155.94277205921728
5.482506409065508,157.81375851207568
5.787158895960489,157.0695025176515
5.588568379350712,307.7682925325123
5.826429553626772,148.1098415838478
5.885959396320678,152.37561447584153
4.87694726643587,470.05667689957016
5.788085856392913,312.74602239633566
5.725664685998329,156.72439760181464
5.520817225397702,307.9221028142014
5.924037196448904,155.87580361352218
5.030591616429509,148.12350570744405
5.9832536186333956,148.1091494361695
5.709841502758575,308.0102990086669
5.631022425672618,148.11234164199948
5.92370558031195,312.11018868164433
5.083016887047898,148.12571722088103
5.880080286450761,308.0091392695848
5.406690538236872,148.11153440081375
5.8477139997002405,308.04442721327075
5.680790069275227,155.45939074080098
5.075379491513985,307.90294066019356
5.572584013990016,148.112154241873
5.716517963947596,307.9801266652396
5.894639024936151,307.78032911743605
5.924737372708445,307.97088541298035
5.823747663182295,155.10263392755058
5.838866034689135,157.24778499860764
5.44860460107253,307.8407850258933
5.767372517182952,148.10997076574517
5.872728127510457,148.10987224932975
5.463344511081793,308.0056636134806
5.3906231972411724,307.9345935310954
5.776535337729741,307.72599029538105
5.991268401391634,307.7484591338372
3.6850712885502963,148.30812491963053
5.738834893147415,148.11048523635776
5.901044877874885,156.79864210787443
5.953905077793759,307.6916585107482
4.5669492797268045,307.8153089888313
4.789965654631816,307.87219881435635
5.291210979512926,308.04037993136615
5.0660759585946495,307.8590399136201
5.759317781162389,307.813674943959
5.988585437673733,153.2231143921835
5.949979946264066,148.10873710526553
5.914940430063123,148.10918959693663
5.797336486340155,156.77964538505466
5.728708136601155,156.2378622502256
5.817327723230809,148.10967795053728
5.661798779935986,156.94602415837
5.591096190605161,307.9308295931322
5.923129902468598,148.10919702757622
4.768290252609077,307.90129786183013
5.758373215703575,148.11116389517355
5.757715786712143,307.81074266690973
5.668361123258884,311.430618925031
4.831042450088686,148.12845758522118
5.671879951937942,307.86303668306846
5.915926064410298,148.10928576544035
5.660495531082325,307.90005373928085
5.842114062458588,312.07645098337485
5.569072418010889,148.11350344291338
5.178519778169304,308.0173208365211
5.806205642830905,308.04230475326517
5.092341533381435,307.8598277108699
5.494401751848697,307.92920365690895
5.899052380682536,148.10900817123016
5.85971221052942,307.8602234354472
5.93086721431534,148.10945489949208
5.180088662534479,316.30134791775174
5.671543007288198,148.110191899428
5.915410975597801,310.00026873491635
5.987647702891007,148.10825281983324
5.785719895367457,307.9381721993075
5.118667884928448,308.0277990529589
5.773141191751779,156.18081316451162
5.928577092793801,148.1085510487856
5.8139014736996195,148.11104615860435
5.611681354538455,308.05667908355105
5.428722725059638,307.78544142850944
5.520022211199968,307.92963405470516
5.878551686586789,152.764941088719
5.349020805770767,307.9559658308697
5.892874341140687,157.88709162135237
4.90375033698722,148.12082378494725
5.867894322446327,307.9473894530687
5.333585145322561,148.11344858817512
5.93703854969466,157.9902860440996
5.8037978699468065,154.24771259386543
5.862558675094965,156.5023833117739
5.5496344002634705,312.77282661745267
5.395923082214332,148.1152911617174
4.579772561960065,148.13398880067302
5.818505173712441,307.7870713701624
5.998048025615747,155.23723649569976
5.767304156007792,148.1111727168219
5.568073931562687,148.11050989764763
5.00586350272901,148.12078300161699
5.37709423065084,307.98220920318226
5.614157447071263,307.70415142738875
5.648436688320751,307.9677417777208
5.62596688066294,308.00550252145956
5.937855300168364,148.10903694836415
5.568977621455224,148.1121334169406
5.88274547872517,307.832304683138
5.670620194430119,307.78592992355516
5.854535142526805,307.92434231187934
5.963972666606325,307.7831369446934
5.280381907063284,148.11646575698902
5.725555704427693,148.1104478293273
5.371779233795634,307.9284312996483
5.962216261262977,307.8246984275526
5.530658876289194,307.8447889885117
5.386321730336158,156.6675714138921
5.532712416261679,148.11243036183254
5.939559269432717,307.6457151297659
5.858459180371554,307.87633505860003
5.992927897219042,154.99547878284383
5.968922115998219,148.10923073654652
5.896228790031292,307.63955779541743
5.992857560089561,148.10922336644725
5.553265195418886,148.11315547791145
5.748648395664471,308.0344934160414
5.016651505119967,308.0179695163706
4.8383518155055985,307.8240375098701
5.943741999299133,148.10882981680322
5.965511851151043,148.10948093070152
5.031879631699168,148.11832661009092
5.463349998214118,148.11183089035532
5.456242056971192,308.0337875336156
5.075802270933966,307.9932677754955
5.771007358377738,157.86312454104666
5.980970761459965,307.6880749627816
5.108420648206477,148.1167680491273
5.622641514867193,307.8909349912261
4.711708672511631,307.9500871834192
5.07146260032222,148.11933482233405
5.837022812954737,307.9817036907346
4.825361449620361,157.0546958278247
5.921988500695933,308.0013056187712
5.681072626180803,148.11041932042014
5.840747665975172,307.9005251784693
5.732767851730506,307.75755805485096
5.7990070677430285,148.10951067771484
5.3324052393116705,308.041250933205
5.797139314200069,154.39698555878292
5.266021162405102,307.9997829768138
4.921188014389284,148.12729058752547
5.189467579743436,308.00139817246503
5.643585223549192,148.1117144949389
5.054535663887374,307.7655907411008
5.739469568556794,312.4285537857657
5.544913282574066,148.11322055852014
5.148942907464182,148.11583767228365
5.768850138215034,308.02566876752394
5.63617474963334,307.9675019707284
5.778091760983649,307.648898506308
5.443430198104929,155.5793054120358
5.873561848501135,157.19214112196545
5.965551579047467,307.845954115517
5.499847539474735,148.11059853686774
5.877969618592211,156.62183931835258
5.5738338170847195,307.98248934370923
5.379304891942773,307.91892954591333
5.656614420268595,314.2903679785411
5.633258944352682,148.11059533388334
4.990985400176363,148.11986999266628
5.896440703503381,148.10943970897952
5.5531071036605795,308.0385377551606
5.969387173539451,148.10918951475213
5.586738656970541,157.88934351094755
5.881787809281447,156.95361947323465
5.995851855827536,307.99092954810965
5.9948089309822095,307.8162118573115
5.416739902168051,307.9250504319192
5.863887168522015,148.10840042113045
5.972560069688681,157.8713400076008
5.7375686996353465,307.7437060603503
5.488613781001504,307.89288960983004
4.548698031185322,308.0093393943289
5.823980285809808,148.1098367168116
5.71368561467786,148.11071224697508
5.9634058906050065,307.9660792320577
5.177623749521332,148.11386189270308
5.63722434217675,308.06461320613994
5.381987706475363,156.68731585963104
5.998271297072118,148.10823473976586
5.918086774172086,307.88595406440095
5.269870447992749,307.87723279358875
5.760352358383809,148.10974287178612
5.854066091718926,156.29799108186162
4.788865013430077,148.1345215576018
5.877110454256059,154.45493757110046
4.992389908073306,156.30969616406026
5.6867424599204845,307.9940960482104
5.967816132498904,157.75343775746938
5.848151276561692,307.90216054036057
5.935456085018004,155.40364806192957
5.807513551002587,307.85540441460785
5.541778435784323,148.11052593187864
5.478878967787609,307.802009105373
5.397856206677307,307.8996737793216
5.694693753242453,148.10991540982843
5.562512775532421,313.4034971499332
5.287835149451613,148.11585124887475
5.623813109157291,308.038829302509
5.674283697704439,307.73867260751445
5.59747489866485,148.11054840365674
5.908083277196972,308.016233210373
5.913341084475724,148.1087565393721
5.379567173344547,314.2740747875158
5.991973487161554,311.6715532908388
5.690999734293598,307.9889841311213
5.639985918395546,307.88945035118314
5.695792557942235,153.30733351099573
5.402577455218628,307.9611434642517
5.821412990981891,148.11094569392938
5.7486645972025405,307.7444681268564
5.392232491705729,307.98113095474
5.967941947727527,156.35235294771562
5.6210050533243985,148.11062866678736
5.749652080458391,148.11038938586827
5.973958200716617,148.10958290686636
5.8377534947443035,148.10952049420888
5.825829581481903,156.9803473025121
5.997862806426372,307.67002593151517
5.783484183216813,148.10875342582054
4.879849563991778,307.71254409930737
5.819086299550023,308.00656634782865
5.4826683804652,308.0145894642735
5.486894668450015,307.96014683539914
5.564709506870568,155.38288124723042
5.918084374359007,148.11021390746671
5.881057013457462,156.1869100691362
5.912058639148666,155.37491412773926
5.889559180749155,155.76332890402162
5.674267308014525,148.1093704197858
5.940094894140136,307.7812524682483
4.83705015060009,307.8401554594591
5.505900884605575,148.11201275270741
5.923508761695987,156.0279654581419
5.523660614657093,308.06348658141206
5.771897663092887,307.8658759242813
5.999383809284519,307.7170701197339
5.243913683778828,307.7287270868329
5.8958801990706124,148.10992110842642
5.996651319542877,152.87176443980292
5.8968781662695005,307.75079284259886
5.875057539228912,155.86791727876385
5.54719478142826,307.99082572939875
5.678319808865078,307.94761551917327
5.748308355764234,148.1086834166661
5.852369218779788,148.10913581362203
5.978549338984302,148.1091672476491
5.998401379858848,153.46118343608467
5.8834237204354665,156.15531999529767
5.257142990612106,307.9614664606264
5.497911280631324,148.1141828999415
5.920291803445262,307.7907863363553
5.709010097899024,307.78466708306644
5.035791968977947,307.94545006236973
5.773846377561719,148.109349835444
5.957786338770079,307.91582757094284
5.65273532554031,157.21635466782428
5.56609075965841,148.1109052233103
5.853280039193755,148.11014943396123
5.425669873037554,148.11152157541355
5.89853755723371,307.89877255597946
5.80710802528024,157.2175598988218
5.575875129495551,148.11027341545187
5.9197481464166275,148.1090178459449
5.926000338725615,157.04616483909336
5.51592657225619,308.07293357377887
5.732430958729251,155.40483061636155
5.585925559800592,307.79687514846626
5.262159595355008,307.8594316192141
5.953327360122019,307.63493541101525
5.193914525156582,307.8915463580154
5.71721983110696,148.11158898880726
5.2137930519228375,307.8861639773488
4.838425210036976,148.12554609171264
5.669808142186671,148.11027468653072
5.738546867157661,148.11075367195707
5.516173768834044,148.1101981809906
5.954447240425569,148.10920863945148
5.611509693730482,148.11408736569507
5.212511280821212,307.72576662801123
5.850938400806098,155.54403794214923
5.851886870704118,148.1104685448894
5.949632239760115,148.11047130923248
5.432338890394122,148.11522445293124
5.9120130444103705,157.29653289925142
4.7360246950938185,148.13829921265787
5.908441529375425,307.7960251471966
5.838988156671559,307.7955031196941
5.394982091894479,307.9511642560176
5.807576366665659,156.28785483933711
5.619274176797661,308.0168513043969
5.244688420611379,307.99262640787674
5.808638817461978,307.824945742831
5.842779983516747,154.17313796523425
5.154853325192708,307.93909863898057
5.9882541490776395,148.10942636525775
5.9750034632809905,153.66251515412534
5.994270802546994,307.9602746151993
5.802497957929976,307.9929356842173
5.258516365015942,148.11152379204515
5.963718348688277,307.7619594840702
5.509448039857384,148.11198028394816
5.70485162235169,148.1121257051887
5.498519335578832,308.0118080915415
5.616863194707953,308.03126009148525
5.7285054916785665,157.11087065308516
5.859600470088912,307.9482024504339
5.882995083347327,148.11019760824058
5.865657648882372,155.1755600520323
5.789608322750145,156.97888849553007
5.79197041385062,308.4565923470494
5.901285084661773,148.10940827926274
5.95526547266602,310.79917354934116
5.616620230348819,307.8979376692374
5.732310037572024,148.1114173378779
5.917291952256501,156.19386994312205
5.406741982307369,307.9025442176527
5.93414153124636,155.78723090712703
5.583015442956582,307.7823243862715
5.701368370533135,148.11117988251726
5.961687062244249,156.21465688068002
4.58179203501105,307.7649230223184
5.994398793087915,307.7936381941459
4.93571144530752,307.9850644774692
5.734779006605641,157.66760444029921
5.764072644136962,148.11163414603126
5.925199893831708,155.34069344999912
5.767489649750618,156.5711998728779
5.62124301853076,307.9642760852648
5.364600651974147,307.9603466512691
5.875117968585589,148.10984974106873
5.958328923958379,148.10898561689197
5.802030271825058,157.21434298992835
5.351768553744109,148.11440584739296
5.528812924481847,307.97137398043265
5.818511289895786,307.87229181848437
5.931885065134628,154.71696093915946
5.249122519532775,307.96830620807543
5.9994665993047045,148.10932333162944
5.780577958056582,148.10991982452765
5.20180397949237,308.0551273396932
5.3109156361600025,308.06117108714363
5.510742025540309,307.7669048000722
5.9564697725875515,148.1084363554052
5.824547247533535,148.11019088583762
4.9874245872845755,307.7505530647235
5.757420769573178,307.9246033276311
5.622404828940295,307.97470257485656
5.5801707984392435,157.66057365365026
5.534799061146659,307.984719710563
5.923153846567555,307.76884782658357
5.527936588536335,158.27923228451272
5.757805450587891,148.11045237565577
5.699049927098591,307.8582994192084
5.447817772075297,307.9587582792781
5.644940549748352,308.05677609210477
5.462765391027463,307.93066964370837
5.875688459345224,309.7341274440647
5.9792909586344924,307.9001410948656
5.689354424117445,307.9762465916587
5.351488370693642,307.93094953175637
5.359181394869313,307.83609850728493
5.946093837896319,307.863915986799
5.9289005664733745,148.10918815961332
5.62492721723829,307.82032929577406
5.98414944352849,148.10793634053894
5.101465287017062,308.0154566493871
5.639209023625881,307.88231674189547
4.7608331684195155,156.5921233165423
5.535514618891491,308.0517229573897
5.759777485569442,155.19921079942606
5.8125566816203875,148.11057330374808
5.946427974904812,307.98604132742406
5.695780060327062,148.1085534226972
5.543388068077869,308.03220313054965
5.62936217083716,307.9514357696962
3.8341468314266205,307.8861940158131
5.828228850056241,148.1101914480105
5.566035769739392,156.3200355370313
5.994419094096323,148.1086309988532
5.487943527574006,148.1140637770997
5.977734493968401,153.10767594490864
5.904604622332551,148.11000422749905
5.985612096956237,148.10927617896098
5.4826464257699685,307.9382676660541
5.992907205973097,307.8976358589697
5.671964756029587,157.02327533632473
5.215400003823555,307.9552946129447
5.942523187765202,148.10872545221412
5.933245540350292,307.9106426819186
5.984205558051478,153.36220439294686
5.537664368756145,148.1130825455325
5.932420027399479,154.24091274397801
5.149263140356638,148.11968464224395
5.8468742193600685,153.78128811427464
5.735287221993962,148.1107201284846
5.9331999588422555,148.10919655465392
5.821398581634647,148.1098697968705
5.190337820558203,148.11526074928113
5.819815713523774,148.11053351318986
5.136756745219223,148.1213300844254
5.394872887765472,307.75954488946667
4.824265300160808,307.8797041974255
5.2465133697354425,308.0558553339458
5.583948740063139,157.22172917839583
5.699823433400724,307.94749638410747
4.050343528286275,307.808412390768
5.92951361433195,307.8126273850437
5.8173015985699585,151.42972688361164
5.5896792702551785,157.3040779967842
5.947527229694766,148.11001346174217
5.149699656729096,307.8538212583195
5.364818523650628,307.84726786201713
5.065375526110023,307.99087958054463
5.810606410086758,156.60207957420087
5.62747272526767,148.11125932356163
5.877653536536751,148.11065984219064
5.524013026940183,307.74932636294096
5.220828052867813,148.11999798298035
5.920756248572464,157.25400258577804
5.891708735045483,307.8044868397372
4.774031414310095,308.0025705119124
5.764863496159059,307.8838703086934
5.667036273841606,307.9785456723014
4.427139162010504,307.9727171311161
5.735140649778649,157.153410851351
5.777510126808643,156.34565554325272
5.7099193147066,311.7236046638666
5.9523514963101825,311.92133783366194
5.001301769525504,307.94116036665264
5.383475578295581,308.07493453617485
5.961480232531568,148.10892532065617
5.853523345635865,307.9576631689763
5.135697849617557,148.12115477073687
5.917597540069767,148.1087737197633
5.575692039696183,307.8711960951123
5.728161537102165,307.8589301180668
5.516406072046206,148.11506543811225
5.69143201082109,148.10875092272622
5.710867912694267,312.2988188660134
4.3585956323543025,148.1836911624132
5.83835061738425,307.816286503961
5.950006044008485,307.84506717394856
5.163806166291058,148.1152190369539
5.727636713461948,148.11095058326538
5.910412346296983,307.6761022956548
5.731217654767496,148.11154484079202
5.816568839189004,148.10962381997615
5.707019631031665,307.84266896223903
5.877662003370105,148.1101611649448
5.610588442682653,308.03652695446493
5.545539549159109,148.11125411555605
5.710677399479993,307.98606803713454
4.439937804526583,307.83593529243996
4.336830288261398,307.9436255462232
5.974380300166423,155.86915805431923
5.99244251904959,154.85376945292404
5.741976657803087,307.94105511728264
4.458747020765772,148.1420860785102
5.032129448635554,308.0397891750714
5.423224844695026,148.1135701117626
5.8963039292017605,157.12403078056215
5.366624413384451,308.0163827703006
5.79223155751287,307.7324053465174
5.1528606818945475,307.7253546164683
5.8893715573522565,308.83228768548724
5.764820843925735,308.01209336245876
5.9526965161298095,148.1096187842977
5.940577165812337,307.88552191906376
5.71924058588973,307.88680442909623
5.912029009359628,148.110478681186
5.820431446650511,308.0427221922823
5.799109201774503,307.9618422792627
5.992323149005111,309.5825747354415
4.954346389779737,148.11815017988903
5.925418770820471,148.10926507193466
5.780421106579122,148.10958099531595
5.906417867971021,307.72380782272546
5.90422075506286,307.930344208802
5.986674585478271,307.84549656146464
5.819044589991753,307.73624924664307
5.455413485691467,307.80426822537567
5.519778139338802,307.82604084736255
5.075840053998421,308.087366909082
5.961461310647813,307.8529996586752
5.983435207148031,307.8544575412041
5.3371715618226165,308.0584283585282
5.4889085416587,148.11285488767078
5.490558216213799,148.1121017627731
5.392137764830309,148.11786739179664
5.886477404290488,148.10886682294517
5.932337991942736,151.66278444639715
4.8766046341105325,307.8630811144711
5.996945991251774,155.33526164355854
5.948605897977054,311.13395764755046
5.927954396143575,148.10937488354892
5.3904432164377765,148.11442545072168
5.790380241772035,307.88572668301646
5.824839304397165,148.10967535971463
5.487730981028818,148.11428583434758
5.411922969197546,307.91504598656337
4.829756915535103,307.88465957700805
5.448699043333708,148.11228653176383
5.904997671560016,148.11020184210838
5.82908564313532,156.94893960191342
5.863881252500499,154.53964748326842
5.802895867977968,312.1009468051305
5.750187324416942,148.11077965690566
5.7136736327759605,312.69451723177446
5.94757027995499,307.8394003802959
5.4740262575017935,148.1117146867629
5.264039252131935,307.73391174641256
5.667150681723543,148.11044253006924
5.453289199516412,307.9708542564023
5.909711849609321,154.73282387382912
4.908347644749089,307.8856733222905
5.862653621423262,307.78469576261944
5.3539122620097075,307.86930408715807
5.988489644878803,307.9305793970374
5.90666668825169,156.5697895339861
5.928332731936457,307.72814787794835
5.13245206270038,307.9932260402498
5.676362304919524,307.843991024324
5.544812463787352,155.74824762837108
5.515925640967338,312.8236206610524
5.954051482566869,156.83094063828906
5.293160940682414,307.9599488950855
5.557622452414987,308.0491573496168
5.467264753407411,308.0789976717398
5.455393205991583,308.0016015931844
4.572633772776471,148.1466420729575
5.824022168273362,307.753743942617
5.735953135938429,156.3570406407208
5.68337352198385,155.53990813699386
4.265993453053608,307.90141560561415
5.565254593971431,148.11118401620897
5.270818120306667,308.07079856851476
5.856682445840476,307.8112554019509
5.614689313698924,154.98189852600365
5.353757084513263,307.84382978184806
5.734061349526311,148.11053030222843
5.179574327884111,307.9461276253903
5.567060962999746,307.7407805965955
5.908751163011452,148.10870468547319
5.809272764768746,148.10945488258324
5.9635781915215595,307.92666885750634
5.218363605875739,317.10495643313993
4.872956333505779,148.1303844704923
5.9627468692607115,156.08231125925977
5.908838757716774,148.10954282862195
5.554917566121424,148.1125865491756
5.794311250401302,157.04097851863457
5.346716337183181,148.11126468904433
5.85169733592096,308.0356125106158
5.70101105942407,157.2655922219877
5.661820040271534,308.0170128700471
5.982934710586125,148.10963582265293
4.96891500324159,307.90684044688055
5.84267562067189,307.76502213688354
5.211312784576672,307.8119945707906
5.328976178587461,307.95438119929474
5.974697831254362,148.10948149747998
4.32802892179901,307.85772735796047
5.884206477456883,155.72976643879085
5.776574247871868,312.536115147226
5.563039841437529,148.11148666318707
5.476259464914304,308.04441560623536
5.653175322454356,148.11100852399304
5.864431900250963,148.10929399012198
5.701751769619557,148.1106223372293
5.165650578946947,148.11463373081858
5.670803294700317,307.8822037039628
5.541369790710638,148.11146016926767
5.5860964069248675,148.1114126393695
5.8579625072322274,307.7000603662078
5.785444445268261,148.10928869499065
5.590297653346158,148.1119659189638
3.9319489348054506,307.83225740363457
5.422428147907172,307.88722437605463
4.5532034649160815,148.13532592435513
5.398878041354771,148.11251434593822
5.626911595005486,148.11173400019348
5.593086017201675,148.11268102811107
5.749198384319874,307.9195434149739
5.678577963670939,308.0894293106637
3.76038702275496,307.8732351361563
5.6846255200640545,312.7222692624456
5.911753810301141,157.45370151633009
5.686770338318082,148.11125468850477
5.66532293427536,307.96997303565934
5.322667542271389,308.07085985090873
5.754582324133748,148.11079741606594
5.645826857403003,148.1108747410053
5.699516725983905,312.35832507440307
5.933881554710704,154.46962313783754
5.975891906277161,307.639253995614
5.944638056807012,307.76356205127297
4.531712783343957,307.8413486596331
5.618338382044358,307.8330853716931
4.519782090379503,307.81710481903247
5.336991648108257,308.0319915763049
5.865721279655289,155.38385050571952
5.145015303253118,307.9585525431937
5.902411103303443,155.25220872037107
4.9155917052311375,148.12777412166275
5.951087481865895,148.10904738378778
5.844132782977418,153.37033573076442
5.1979464378916225,307.9712940788901
5.600155050297712,308.09523981503236
5.818825224542178,307.9260667067938
5.385860179002195,148.11323878118318
5.7440401589040295,148.1106446533846
5.71540554512535,157.07580642203664
5.651764466631796,148.10977183914292
5.244000599143185,148.11487071174648
5.889663839954947,148.10858666889058
5.221877031791886,308.0677059754636
5.9351449810614465,148.1093262392548
4.985864545619643,148.1150024698129
4.831183248558636,308.0119463656759
5.2184939522407765,148.11447803882731
5.500215142643318,307.9150219895553
4.394722158324762,307.85255363787064
4.941008035004813,307.97928167308197
5.824907851239759,307.8033306349899
5.9590439474302626,148.10913564860496
5.962388716465669,156.5940339368477
5.791859699854353,148.1099061086135
5.6672374828355805,148.11135474909588
5.454591086970838,308.0321002169544
5.662963340648837,307.94013482407115
5.864851349625481,157.73721305722202
5.920851700806718,156.89156697597215
5.5597929638292305,148.1099640211514
5.483038461213218,307.95406058817923
5.9089341241294955,307.7552741766706
5.346172884259281,307.810758829483
4.7822660145636195,148.13119222382488
5.351689556514062,307.95130132642475
5.230931158495903,307.7999961782889
5.887306213418344,157.0395616881822
5.753753583630667,307.8469473177531
5.201273535466989,307.93804868504526
5.832628644978281,148.11070428683664
5.8354832937017695,157.01075881228647
5.0145204340631055,307.9241760589539
5.980840627443682,155.0278020467142
5.877586133870056,307.8588929260245
5.750788833290805,156.51257298250937
5.877459461442812,153.64782393991408
5.6212514844793775,307.87592474706986
5.791236970611617,154.7525788050498
5.553871582224914,148.10879463860056
5.305662053905136,308.0771678753256
4.750637749945601,307.91227741053626
5.924620605053911,153.74924516829535
5.502140176603465,155.88752464247946
5.481962491134251,308.0174027194761
5.678050146550582,307.7698787894511
5.382937584461983,308.0326502681238
5.915493232255249,156.6873648936609
5.3640363335999774,307.8250647860518
5.592859685520378,308.00847525285906
5.796415200842699,148.1096263781826
5.388100889578067,308.0691589766262
5.835574624608708,307.8788595817963
5.547277699434664,308.1047537467797
5.813985628983611,155.73066827054976
5.011713141334809,148.12016143625658
5.528844601784078,308.0615426415361
5.379855272834032,307.94594000176846
5.871966028162975,154.38181446947272
4.8503228343247535,307.9491796095534
5.892097065959298,148.10978476773454
5.911495528500033,156.0237997610016
5.63211599731022,154.28441654655762
5.925221138022494,307.69110272713283
5.15791821285708,307.7477726152864
5.794864597651579,307.8134237188299
4.8587637095656016,307.9058456383284
5.293215095523173,148.11853469514375
5.401420630208698,308.02526099199497
5.940437124329517,148.10849024570751
5.700227931528018,148.11100764682408
5.6287430694504526,308.03265268536177
5.99147352464572,155.0802438356945
4.846372056303689,308.0130885966653
5.819630044640793,308.00159450518913
5.402889805022602,307.84318395617834
5.969857316343085,155.4567393636318
5.847628000173525,148.1090221801746
5.806114180949076,307.99751234000144
5.98957228377618,307.83255727575295
5.63837768203139,148.11111308199617
3.5980836767004813,630.9770911382832
5.957402141172046,148.1098324473982
5.153325947375403,317.583877178103
5.648476586707177,307.93176907969325
4.977364654025011,148.1142752179956
5.519147799724163,307.96802819617466
5.480117118822755,307.906549654196
5.855565325462649,154.98925115413388
5.804300272844396,148.109483922668
5.7988166037314715,308.076259928755
5.946124493063842,155.2004682279752
5.772993787948656,307.8895749179684
5.379753772170865,307.785623863781
5.974399586959214,148.1092354716714
5.9675516528445,157.09508258477726
4.475781135240885,307.96223087825433
5.686873403697775,156.61566863028366
5.758895426106138,307.9285074575204
5.8415796236579,155.6127378465083
5.99922588955948,307.7795182844826
4.456116876467869,307.92367456313315
5.443770048427746,148.1126840851263
5.887185505346891,156.14661421581687
5.759071711350502,307.8515416057137
5.949007982515134,307.8009184033692
5.759269078941119,307.86837659576383
5.4414312705165555,148.11255204769634
5.821780512256108,148.1093065516412
5.525674122060087,307.83238304639144
5.298459352378019,148.11442899889013
5.806632394579236,307.9672804624041
5.787185794861674,307.8771675539435
4.976108728783167,308.080899567805
5.545204500945537,308.056074873651
5.884098746824892,155.70745400073403
5.429140618373202,148.11482203900385
5.776538926331281,148.10952196696877
5.747958612243212,156.40493016741263
5.147995561107638,307.84977554657394
5.851482854549209,307.7679577773758
5.64028568748229,148.11023615368458
5.4276950080408435,307.9702671652154
5.650252178418986,308.0572653362552
5.64499366093987,148.1122475950431
5.6664072741801,307.92659741585237
5.4962469672695144,148.11287424126343
5.764124851385591,308.02061836298014
5.7966564523387065,307.83216424307335
5.89776507967566,311.3683667540481
5.821181693379372,148.10996931145564
5.998763654122183,307.63940469509333
5.267181734695061,307.85303015896216
5.7677093878566845,307.72541869132203
5.908561803324109,307.695420942268
5.443635245255543,148.11259226976165
5.937314425970084,154.92181726615752
5.938410280412097,153.81060507497673
5.564548462381772,148.1111147334872
4.005917750630531,148.2325908081108
5.381124831045023,308.01110039525497
5.938440810131278,307.9830588248546
5.387757000371422,307.98914511341206
5.402887824724786,308.0080712319725
5.236185567459317,307.96492653239375
5.213203531711293,148.11897654246843
5.942687232470463,148.10903209791383
4.371860803155661,148.17841827254415
5.592662735028807,148.11092897928285
5.644448121644301,148.11100555556533
5.940377250958566,148.10978478076993
5.939827143458201,307.82995496476747
5.72599507477386,307.7547714221631
5.453291749728627,307.8557214089408
5.9840346203184795,148.10933333071347
4.014422346945614,148.23574772637454
5.466017767265837,307.9755104770765
5.439451328351541,156.29509381090014
5.998864126493607,155.06999315112185
5.580492703062982,307.97975931096437
5.985924172043138,307.8152154093802
5.947727672883928,154.36022130165523
4.826437466444625,307.7498141638903
5.092510200007124,308.0777274330387
5.7466946921933255,307.7428870507583
5.355704620207585,307.8661110745622
4.747767120352514,148.12691051631262
5.758342762807199,307.99784298804536
5.824910649953355,308.03101601955757
5.8422442786826245,310.1133763454858
5.683594029033143,311.84733281002275
5.598581272721277,314.5782460457243
5.916098357378401,307.77495158782057
5.586307779814153,308.0982795430914
5.07924619916271,156.79186250228665
5.819339009192576,307.7865657349081
5.83553604827501,307.96662005385156
5.545442659279465,307.9176520409677
5.169153227627266,316.20000708993746
4.789414820541863,471.4884273736416
5.870072529375003,148.1101919270196
5.920885786291307,155.0779204705224
5.826441494966188,156.1950471925906
4.845170639070021,148.13271013477137
5.008300438476749,148.12802828752697
5.658576868356614,156.01159100857097
5.923419540524826,148.10958728893056
5.971176458878261,148.1094169081638
5.566352486166909,307.93650568309346
5.517080329545837,148.1119226200115
5.882751979742265,148.10870142711332
5.77686393707339,307.9468678094636
5.518003028205372,157.10635380190172
5.524851124586214,307.9048585710185
5.847719828896408,148.10940157291947
5.585856215914951,148.11141510158544
5.626267566286295,148.1107717542917
5.705378148648522,156.0373055129436
5.541217996474542,154.32035108420453
5.974634952343669,154.34976296968725
5.138053932100061,148.1201112206075
5.785947112566736,307.80400660630585
5.554717671050455,156.80750703846246
5.771365670115561,307.92633761629264
5.864617093652177,154.4893870339212
5.302802194767323,308.0490645109692
5.7712892454936355,307.81180933578355
5.273338024111408,307.83565356421343
5.8980651453849955,307.83054218931966
5.223096813742024,148.12016406425045
5.9080858384071995,307.90014697196864
5.47749188005071,308.0141140260431
5.645263481302876,157.94341389311535
5.781633020913783,148.10946462041912
5.910812467461717,309.75936714765186
5.662595248523608,148.10913366529672
5.61950467055601,307.8058388148961
5.5592064122006,307.9376202877282
5.993499255889435,307.8673913014835
5.4686937176337445,155.5752064349881
5.797460705484593,307.98066497551895
5.793412237941916,148.11066496872198
5.678523221516159,148.1118566020341
5.827298392873295,156.0153229602056
5.904840501835588,157.39684014523928
5.96607946035549,307.83461684524696
5.4596978789458035,148.11413500528118
5.454539968972263,307.86279013527053
5.945212752797661,148.10807477222704
5.390513323924949,148.11278737319373
5.981585443617862,157.04557465540387
5.8147617189177945,307.8218780672691
5.933652353655443,307.7840522150882
5.953044597118012,156.84234322194595
5.318747951984678,307.75790107116774
5.321166228748526,307.9338693520343
5.050378894286258,308.0820020516861
5.963898125373238,148.10792861177254
5.246677425238567,316.61009070369767
4.672962880555263,308.02445775428976
5.897609539733694,148.1091533501544
4.562502833365894,474.057254641138
5.934676691207694,154.1473693698889
5.688913867674212,308.06885477608705
5.60743806252497,148.11079851570918
5.806265272451102,307.9405891850325
5.4111675189818484,307.983228975536
5.889624255810706,148.10926043324739
5.743341684481817,307.9307315215936
5.940445238419298,157.72602553886907
5.578673589864234,148.1121235728609
5.278896771878279,148.11467376660605
5.873466816479691,148.1096317787615
4.94571367718885,148.12013676301137
4.984162944206528,148.12403221108153
5.9640050950710926,154.6650254181957
5.719210440863891,148.11147267357634
5.7836491357476945,308.0239498697786
5.7633112482925055,153.85875080321497
5.774028103010719,156.28613801586388
4.942744178818184,307.8606202740244
5.849471475396527,311.6747552573731
5.756034375640299,307.87920821473944
5.278878037676902,148.11537436544523
5.719031565642777,307.72534646437236
5.885425072221889,148.10960348241733
5.096901481221115,308.0917564797114
5.943428560855066,307.8250103259208
5.985110427039024,157.36439479600614
5.942318143063966,148.10832708772554
5.966857218569526,156.54757402748047
5.213538657141326,307.9831425358068
5.88643234237162,307.8353802175273
5.421477104033637,148.11415295601864
5.914180122875282,157.72679896910265
5.608947055717857,148.11177647990002
5.831033542619517,148.1092130852676
5.856629259408587,156.7073963095224
5.866400455072419,148.10999535026625
5.895198287795606,157.8558705995654
5.989384065178911,148.1089962696982
5.748235890017204,148.11000200047812
4.774414066837497,307.7738286027531
5.117180581042872,307.89207915241286
5.602247233064754,308.05721437970266
4.358429987350354,307.6906861647356
5.067142038561874,307.9084775595621
5.592159215167105,148.11075595176357
