sentence_id,sentence,ambiguity,ambiguity_zscore,ambiguity_norm,avg_regression_probability,avg_skip_probability,num_words
0,with his interest in race cars he formed a second company the henry ford company,5.404548798288618,0.547708452525052,0.6240466301437684,0.1515151515151515,0.4303030303030303,15
1,during this period he personally drove his quadricycle to victory in a race against alexander winton a wellknown driver and the heavy favorite on october 10 1901,5.344538353956663,0.4491786215902257,0.6070711261919279,0.15824915824915825,0.5252525252525252,27
2,ford was forced out of the company by the investors including henry m leland in 1902 and the company was reorganized as cadillac,5.206203119321303,0.2220490371873021,0.567939432561376,0.1778656126482213,0.44664031620553357,23
3,in 1891 ford became an engineer with the edison illuminating company and after his promotion to chief engineer in 1893 he had enough time and money to devote attention to his personal experiments on internal combustion engines,4.3906663490666284,-1.116962879635648,0.3372437958193959,0.18427518427518425,0.4692874692874693,37
4,these experiments culminated in 1896 with the completion of his own selfpropelled vehicle named the quadricycle which he testdrove on june 4 of that year,4.225447618712981,-1.3882318853934217,0.2905074111573854,0.12363636363636361,0.4581818181818182,25
5,ford was born on a prosperous farm in springwells township now in the city of dearborn michigan owned by his parents william ford 18261905 and mary litogot c18391876 immigrants from county cork ireland,4.78766193240881,-0.4651445479431871,0.4495442489973419,0.22314049586776857,0.5316804407713499,33
6,in the years between the wars henry ford supported adolf hitlers nazi regime,6.206579645474752,1.864545290803325,0.8509217677547135,0.15384615384615383,0.3076923076923077,13
7,there is also some evidence that henry ford gave adolf hitler direct financial backing when hitler was first starting out in politics,5.371099233627319,0.4927883467399609,0.6145845569427397,0.10743801652892561,0.3016528925619834,22
8,this can in part be traced to statements from kurt ludecke germanys representative to the us in the 1920s and winifred wagner daughterinlaw of richard wagner who said they requested funds from ford to aid the national socialist movement in germany,5.267626786231995,0.3228992072448665,0.5853147030161521,0.15742793791574278,0.38359201773835916,41
9,although ford is often credited with the idea contemporary sources indicate that the concept and its development came from employees clarence avery peter e martin charles e sorensen and ch,6.073766194540879,1.6464818018213374,0.8133520532444511,0.13939393939393935,0.48484848484848475,30
11,edsels widow eleanor who had inherited edsels voting stock wanted her son henry ford ii to take over the position,5.403754673506084,0.5464045964807379,0.6238219914407189,0.26363636363636356,0.4909090909090909,20
12,in 1879 he left home for the nearby city of detroit to work as an apprentice machinist first with james f flower bros and later with the detroit dry dock co,4.802860819300016,-0.4401898292694793,0.4538436466664884,0.1505681818181818,0.5142045454545454,32
13,alexander rae baldwin iii born april 3 1958 in massapequa long island new york usa is an american actor who is the oldest and best known of the baldwin brothers with brothers daniel stephen and william,6.288288164138794,1.99870071357223,0.874035132385175,0.21969696969696964,0.547979797979798,36
14,he is of three quarters irish and one quarter french descent,5.539786911010742,0.7697529404603057,0.6623022228578423,0.1239669421487603,0.29752066115702475,11
15,baldwin has appeared in movies such as the cooler the hunt for red october beetlejuice ghosts of mississippi talk radio final fantasy the spirits within voice the cat in the hat pearl harbor thomas and the magic railroad along came polly the spongebob squarepants movie and the aviator,6.178533144136693,1.8184963560567973,0.8429880905490275,0.1534090909090909,0.5984848484848485,48
16,when baldwin was young he had a job as a busboy at famous new york city disco studio 54,5.408676584561666,0.5544857741754092,0.6252142810913747,0.09090909090909088,0.3540669856459329,19
17,he was married to actress kim basinger from 1993 to 2002,5.274528527259827,0.3342310243010208,0.5872670387036609,0.21487603305785122,0.3388429752066116,11
18,baldwin a liberal democrat has always had an active interest in politics and is frequently rumored to be a candidate for public office,4.101659508422017,-1.5914768657378802,0.2554907473278163,0.10276679841897232,0.4624505928853755,23
19,in particular baldwin is one of the most frequent hosts of saturday night live leading the show eleven times and also making cameo appearances regularly,4.560597529013951,-0.8379566063584849,0.38531321854821,0.09454545454545453,0.4,25
20,he played william barrett travis in a movie about the alamo called thirteen days of glory,5.614179023106893,0.8918957159273996,0.6833459529440322,0.20454545454545453,0.42613636363636365,16
21,in 1998 he began narrating the american version of the childrens series thomas the tank engine and friends,5.588715553283691,0.850087803911021,0.6761429529092339,0.1111111111111111,0.2727272727272727,18
22,he is infamous for his 1994 appearance on saturday night live as he potrays mr armstrong a scoutmaster who is a pedophile he rips his shirt and puts his mouth around adam sandlers neck,4.978433507861513,-0.1519208868659704,0.5035089157990468,0.10427807486631015,0.4385026737967914,34
23,rosemary clooney may 23 1928 – june 29 2002 was an american popular singer and actress,5.66934461593628,0.982470891555696,0.6989509655298534,0.21590909090909088,0.5568181818181819,16
24,in 1954 she along with bing crosby danny kaye and veraellen starred in the movie white christmas,5.564954895526171,0.8110757016376478,0.6694216372424151,0.1336898395721925,0.3315508021390374,17
25,clooneys first recordings in may of 1946 were for columbia records as a singer with the big band of tony pastor,5.95328665971756,1.4486690988927726,0.7792713054300227,0.1688311688311688,0.44588744588744594,21
26,rosemary clooney was married three times twice to josé ferrer from 1953 until 1961 and then again from 1964 to 1967 by whom she had five children including actor miguel ferrer born in 1955 and gabriel ferrer born 1956 who married debby boone and once to dante depaolo whom she married in 1997,4.245244802190707,-1.355727324516384,0.2961075557672545,0.13379073756432244,0.40994854202401365,53
27,rosemary betty and brother nick as well as her nephew george clooney nicks son all became entertainers,5.557033516466618,0.7980697632847993,0.6671808706054337,0.21390374331550802,0.45454545454545453,17
28,in 1945 the clooney sisters won a spot on cincinnatis radio station wlw as singers,5.276172067437853,0.3369295168330834,0.5877319564875181,0.1636363636363636,0.3212121212121212,15
29,she was born in maysville kentucky about 60 miles up the ohio river from cincinnati ohio to andrew joseph clooney and frances marie guilfoyle both of whom were of irish descent rosemarys paternal greatgrandparents nicholas clooney and bridget byron were born in ireland although clooneys paternal grandmother crescentia koch was german,5.229952356815338,0.2610423887808071,0.5746575177117391,0.1622103386809269,0.3903743315508021,51
30,in 1958 clooney left columbia doing a number of recordings for mgm records and then some for coral records,6.0621316697862415,1.6273793310790732,0.8100609274554531,0.1483253588516746,0.4019138755980861,19
31,finally toward the end of 1958 she signed with rca victor records where she stayed until 1963 except for doing some recordings in 1960 for reprise records,4.346806278595557,-1.1889757663324902,0.3248368421982708,0.21212121212121207,0.46464646464646464,27
32,in 1964 she went to reprise again shifting the next year to dot records,4.889915402118977,-0.2972568211449811,0.4784692836055267,0.1688311688311688,0.3961038961038961,14
33,in 1966 she went to united artists records,4.917795930589948,-0.2514803936047558,0.4863560110995,0.26136363636363635,0.26136363636363635,8
34,in 1986 she sang a duet with wild man fischer on its a hard business,5.467191185270037,0.6505596123080281,0.6417666470440527,0.10303030303030303,0.33939393939393947,15
35,michael mcmanus born february 5 1959 is a syndicated columnist who write ethics religion,4.732930568548349,-0.5550067725615127,0.434062069289365,0.17575757575757575,0.44848484848484843,15
36,on january 28 2005 it was revealed that he accepted money from the george w bush administration to promote their marriage initiative program which he did not disclose to his readers,5.150537689526876,0.1306531902207295,0.55219302818168,0.09090909090909088,0.43108504398826974,31
37,timothy bush sr c 1728 c 1815 soldier,5.420817715781076,0.5744200309489262,0.6286487136020695,0.20909090909090908,0.6090909090909091,10
38,he is assumed to be the son of richard bush and mary fairbanks both of dedham massachusetts,5.018595973029733,-0.0859790171297481,0.5148699062694295,0.1390374331550802,0.4064171122994652,17
39,by training he was a blacksmith but when the american revolution broke out militia captain bush led a company of soldiers for the continental army,5.049341181914012,-0.0354991337170053,0.5235669825988133,0.11636363636363635,0.35272727272727267,25
40,the family moved around 1810 to springport in cayuga county in the rochester new york area,4.561873165766398,-0.8358621663830436,0.3856740653470187,0.13636363636363635,0.4829545454545454,16
41,he died in springport new york in 1815,5.081555536815098,0.0173929082835628,0.5326796448198158,0.1477272727272727,0.34090909090909094,8
42,through his son timothy bush jr who was also a blacksmith descended two american presidents george h w bush and george w bush,5.650287148627368,0.9511808544147248,0.6935600687415382,0.18972332015810275,0.4703557312252964,23
43,bush was a soldier in the french and indian wars and a captain in the american revolution and is the greatgreatgreatgreatgreat grandfather of president george w bush,4.632447494910314,-0.7199877249204254,0.4056378369307443,0.16835016835016833,0.47811447811447816,27
44,they had five children after which they relocated to norwich vermont where bush was a captain of a militia company,4.615962718662463,-0.7470537170952962,0.4009746922489178,0.1727272727272727,0.41818181818181815,20
45,anne hutchinson july 17 1591 – august 20 1643 was the unauthorized puritan preacher of a dissident church discussion group and pioneer in rhode island and the bronx,5.518315377058806,0.7344993003023853,0.6562284449761632,0.11038961038961036,0.45129870129870125,28
46,eventually john winthrop decided to take hutchinson out of power before her influence became too strong among the communitys men,4.56818751912368,-0.8254947682462421,0.3874602432625982,0.08181818181818182,0.35,20
48,they founded the town of portsmouth rhode island,5.378644909177508,0.5051774257498833,0.6167190461395364,0.22727272727272724,0.2954545454545454,8
50,they were part of the puritan movement especially following the teachings of john cotton,4.594474570109294,-0.7823346364021835,0.3948962144982071,0.15584415584415584,0.40259740259740256,14
51,three us presidents franklin d roosevelt and both bushes – george h w bush and george w bush are her descendants,6.591528511047363,2.496584381092582,0.9598144957044836,0.10822510822510821,0.5194805194805194,21
52,another descendant eve laplante is the author of the most recent biography of anne hutchinson american jezebel the uncommon life of anne hutchinson the woman who defied the puritans,5.442831869636263,0.6105645868120114,0.634875985536568,0.13166144200626956,0.438871473354232,29
53,hutchinson was born anne marbury on july 17 1591 in alford lincolnshire england,4.33397501707077,-1.2100431329016228,0.3212071885080524,0.2447552447552447,0.40559440559440557,13
54,hutchinson emigrated from england to massachusetts in 1634 in response to the preacher john cottons doing so,4.078874480677769,-1.6288871025137923,0.2490454138059425,0.18716577540106952,0.4171122994652406,17
55,she later moved yet further from her bostonbased persecutors to what is now the bronx in northern new york city,4.76885491923282,-0.4960233699423873,0.4442241996285134,0.14090909090909087,0.42272727272727273,20
56,erin fleming august 13 1941 april 15 2003 was a minor actress who was best known as the companion and caregiver to groucho marx in his final years,5.441330471524486,0.6080994742175937,0.6344512763069748,0.1558441558441558,0.4967532467532467,28
57,fleming was born marilyn fleming in canada,5.664268970489502,0.974137300739575,0.69751518813645,0.2597402597402597,0.3116883116883117,7
59,hodgkin and huxley shared the prize that year with john carew eccles who was cited for research on synapses,5.313247084617615,0.3978021735063237,0.5982195825608758,0.10526315789473682,0.42105263157894735,19
61,albert einstein march 14 1879 – april 18 1955 was a germanborn jewish theoretical physicist of german swiss and american citizenship who is widely regarded as the greatest scientist of the 20th century or even of all time ranking alongside the luminaries newton and gauss,4.4868151396512985,-0.9590982914567684,0.3644419642833084,0.12929292929292927,0.46464646464646475,45
62,he was awarded the 1921 nobel prize for physics for his explanation of the photoelectric effect in 1905 his miracle year and for his services to theoretical physics,4.413874621744509,-1.0788577262961434,0.3438088551010678,0.1136363636363636,0.42532467532467527,28
63,einstein attended the luitpold gymnasium where he received a relatively progressive education,5.125268307599154,0.0891639468584677,0.5450449309204474,0.1515151515151515,0.28787878787878785,12
64,in the spring of 1896 the serbian mileva marić an acquaintance of nikola tesla started initially as a medical student at the university of zurich but after a term switched to the same section as einstein as the only woman that year to study for the same diploma,4.843936093310092,-0.3727492387378169,0.4654628486911215,0.11742424242424242,0.4981060606060606,48
65,einstein married mileva marić on january 6 1903,4.7749709231512885,-0.4859816373941319,0.4459542692829411,0.21590909090909088,0.30681818181818177,8
66,abram joffe a soviet physicist who knew einstein in an obituary of einstein wrote the author of the papers of 1905 was a bureaucrat at the patent office in bern einsteinmarić and this has recently been taken as evidence of a collaborative relationship,4.98889532543364,-0.1347438582982308,0.5064683110762539,0.14876033057851237,0.5309917355371901,44
67,he and mileva had an illegitimate daughter lieserl born in january 1902,5.718603264201772,1.0633475845998204,0.7128850462986558,0.04545454545454545,0.27272727272727276,12
68,in 1894 following the failure of hermanns electrochemical business the einsteins moved from munich to pavia italy near milan,4.99528263674842,-0.1242566720929088,0.5082751270342544,0.17224880382775118,0.31100478468899523,19
69,despite excelling in the mathematics and science portion his failure of the liberal arts portion of the eidgenössische technische hochschule eth swiss federal institute of technology in zurich entrance exam the following year was a setback his family sent him to aarau switzerland to finish secondary school where he received his diploma in september 1896,4.697916970208839,-0.6124948309022987,0.4241575687712107,0.13223140495867766,0.4479338842975206,55
70,alberts sister maja was to later marry their son paul and his friend michele besso married their other daughter anna,5.019166231155396,-0.0850427228340425,0.5150312185072162,0.335,0.47999999999999987,20
71,the same year he renounced his württemberg citizenship and became stateless,5.142841553688049,0.1180170737664599,0.5500159774065979,0.1616161616161616,0.35353535353535354,11
72,on may 14 1904 the couples first son hans albert einstein was born,5.5837443470954895,0.8419256896204445,0.6747367188572674,0.16923076923076924,0.30769230769230765,13
73,einstein was born at ulm in badenwürttemberg germany about 100 km east of stuttgart,4.03109313089114,-1.7073382516216398,0.2355292250631892,0.12987012987012986,0.44155844155844154,14
74,the family was jewish nonobservant albert attended a catholic elementary school and at the insistence of his mother was given violin lessons,4.370028309878849,-1.1508480230408504,0.3314057934567999,0.11570247933884295,0.36776859504132225,22
76,in 1983 miguel was given a small part as a waiter in the movie the man who wasnt there,5.6090074512693615,0.8834046256764981,0.6818830402937005,0.08612440191387559,0.35885167464114825,19
77,he was also given a small part in star trek iii the search for spock as the excelsior helm officer,5.417768283894188,0.5694132356884162,0.6277861030411414,0.09999999999999999,0.3363636363636363,20
78,miguel was the oldest of five children born to oscar winner jose ferrer and singer rosemary clooneyferrer,5.163135066628456,0.1513365470906613,0.5557565216227182,0.1390374331550802,0.5187165775401069,17
79,miguel was raised amongst all the splendor and glamour of hollywood,4.540231597423554,-0.8713949822740522,0.3795521888467248,0.13223140495867766,0.4049586776859504,11
80,as a child his hero was batman and as a teenager his interests shifted towards music,5.504418563842774,0.7116824278070851,0.6522973724721536,0.12499999999999997,0.36363636363636365,16
81,miguel played the drums on keith moons two sides of the moon,4.841955683448098,-0.3760008302075386,0.4649026386174785,0.11666666666666668,0.3499999999999999,12
82,band mate billy mumy will robinson on the tv classic lost in space cast miguel as a drummer in his first television role in the series sunshine,6.1581543042109566,1.7850367862288583,0.8372234093915336,0.15488215488215484,0.46464646464646464,27
83,among the many television shows in which miguel has made guest appearances are miami vice chips will grace superman tales from the crypt and twin peaks,5.280001026391983,0.3432162004696835,0.5888150764107388,0.10437710437710435,0.40740740740740733,27
84,he also starred in the mini series the stand,5.116473346948624,0.0747236940721072,0.5425570491701723,0.09090909090909088,0.2424242424242424,9
85,miguel played the role of dr garret macy in nbcs drama crossing jordan,5.05071634054184,-0.0332412909595192,0.5239559817302306,0.13846153846153847,0.37692307692307686,13
86,in 1999 at the 41st grammy awards miguel was nominated for best spoken word album for children in disneys the lion king ii simbas pride readalong,5.404089207649231,0.5469538607452029,0.623916623062468,0.11888111888111887,0.37062937062937057,26
87,in 2003 miguel made his new york stage debut in the offbroadway production of the exonerated,5.659701172510783,0.9666375335307528,0.6962230685145716,0.039772727272727265,0.2954545454545454,16
88,his cousin is actor george clooney,6.713186836242675,2.696332514050921,0.9942286948179476,0.303030303030303,0.3333333333333333,6
89,his brother gabriel ferrer is married to singer debby boone,5.869410223431057,1.3109542197792337,0.7555446893134735,0.1818181818181818,0.22727272727272724,10
90,miguel was close friends with actress dominique dunne and in 1982 served as a pallbearer in her funeral,4.836203848614412,-0.385444641531334,0.4632755835933653,0.1212121212121212,0.3737373737373737,18
91,william hindman april 1 1743 – january 19 1822 was an american lawyer and statesman from talbot county maryland,5.035987774531047,-0.0574238001062329,0.519789626468168,0.10047846889952153,0.416267942583732,19
92,he represented maryland in the continental congress and in the federal congress as both the representative and a us,5.079069137573242,0.0133105439607564,0.5319763025828795,0.11483253588516745,0.5263157894736842,19
93,senator james lloyd resigned and hindman was named to finish his term,5.570933103561401,0.8208911901507172,0.6711127277726838,0.1416666666666667,0.3499999999999999,12
95,in the senate he was aligned with the federalists,5.935166366398335,1.4189177871484924,0.7741455125072526,0.1818181818181818,0.40404040404040403,9
96,william was born in dorchester county maryland the second son of jacob hindman 17131766 and mary trippe hindman died 1782,4.360573959978003,-1.166370912559484,0.3287313864283148,0.13181818181818178,0.5454545454545454,20
97,william studied law at the inns of court in london returning to maryland in 1765,3.599409137453352,-2.4161107222171867,0.1134162592598788,0.1333333333333333,0.3515151515151515,15
98,hindman died in baltimore maryland and is buried in st paul’s burial ground there,4.208488537715032,-1.4160766281234505,0.2857100971280509,0.11688311688311685,0.3441558441558441,14
99,in 1792 voters returned him the state senate but later that year he was appointed to the united states house of representatives after the resignation of joshua seney,3.95404330889384,-1.833844662621667,0.2137336930959761,0.12987012987012986,0.40584415584415584,28
101,clive jay davis born april 4 1934 is the founder of arista records and member of the rock and roll hall of fame as a nonperformer,5.154991436004639,0.137965698774293,0.5534528853911275,0.11217948717948717,0.47115384615384615,26
102,he was a working class jewish boy who grew up in brooklyn new york,5.011390321529829,-0.0978098181172146,0.512831601656393,0.07738095238095236,0.38690476190476186,14
103,he graduated from new york universitys college of arts and sciences in 1953 and received a scholarship to harvard law school,4.060968786478043,-1.6582860686755925,0.2439803257861552,0.1349206349206349,0.42460317460317465,21
104,he was then hired by the legal department of cbs subsidiary columbia records,5.305605908234914,0.3852562937763546,0.5960580784872894,0.10897435897435895,0.3205128205128205,13
105,in 1974 he founded arista records naming it after his secondary school honor society,4.964049981190608,-0.1755368834963465,0.4994401638249287,0.16666666666666666,0.32142857142857145,14
106,erasmus darwin december 12 1731 – april 18 1802 trained as a physician and wrote extensively on medicine and botany as well as poetry,4.590458884187367,-0.7889279029473565,0.3937602740299122,0.12847222222222218,0.48263888888888884,24
107,he lived in lichfield and derby england,5.355418244997661,0.467042075807111,0.6101487843465719,0.11904761904761904,0.23809523809523808,7
108,he was one of the founder members of the lunar society,4.547803109884262,-0.8589634822080336,0.3816939866809015,0.15909090909090906,0.3409090909090909,11
109,he was a member of the darwinwedgwood family most famously including his grandson charles darwin,5.156870246997902,0.1410504772921909,0.5539843556009543,0.12222222222222219,0.2833333333333334,15
111,he obtained his degree at edinburgh medical school,4.480693544660296,-0.9691492038642572,0.3627103130496248,0.10416666666666666,0.22916666666666663,8
112,he practised medicine in lichfield in staffordshire for twenty years george iii invited him to be royal physician but he declined,4.718542796373368,-0.578629739791817,0.4299921163647783,0.09126984126984125,0.38888888888888884,21
113,in 1781 he moved to derby where he died suddenly on the 18th of april 1802,4.300749413172404,-1.2645955224274303,0.3118084683926162,0.09375,0.38541666666666663,16
114,his most important scientific work is his zoönomia 1794–1796 which contains a system of pathology and a treatise on generation in which he in the words of his famous grandson charles robert darwin anticipated the views of jeanbaptiste lamarck who in turn is regarded to have foreshadowed the theory of evolution,4.9369956755638125,-0.2199567538896052,0.4917871547996744,0.10457516339869279,0.37745098039215685,51
115,eunice mary kennedy shriver born july 10 1921 in brookline massachusetts is a member of the kennedy family,6.390746747746187,2.166925212374727,0.9030181887562664,0.13888888888888887,0.4166666666666667,18
116,her father was joseph p kennedy sr and her mother was rose kennedy,5.870384097099304,1.312553201572361,0.7558201746308706,0.17307692307692304,0.4038461538461539,13
117,on may 23 1953 she married robert sargent shriver jr who was us ambassador to france from 1968 to 1970 and was democratic vicepresidential candidate in 1972,5.342843862680288,0.446396473568488,0.6065917955740885,0.12345679012345678,0.3672839506172839,27
118,she actively campaigned for her brother john f kennedy and supported arnold schwarzeneggers successful bid for governor of california in 2003,4.913772970438004,-0.2580856035484785,0.4852180129273873,0.123015873015873,0.4246031746031746,21
119,king married coretta scott on june 18 1953,5.549029963357108,0.784928905163574,0.6649168589162735,0.26041666666666663,0.25,8
120,the wedding ceremony took place in scotts parents house in marion alabama and was performed by kings father,4.676046927185619,-0.6484027743545316,0.4179710623072035,0.09259259259259256,0.32407407407407407,18
121,in 1953 king became the pastor of the dexter avenue baptist church in montgomery alabama,4.749519501413618,-0.5277697679234098,0.4387546773602775,0.08888888888888886,0.4111111111111111,15
122,the reverend martin luther king jr phd boston university january 15 1929 – april 4 1968 was an american nobel laureate baptist minister and african american civil rights activist,5.774033716746739,1.1543576275797611,0.7285649812950435,0.10057471264367815,0.45977011494252873,29
123,he also was awarded the presidential medal of freedom,5.421186298131943,0.5750251982180702,0.6287529766386688,0.1759259259259259,0.2592592592592593,9
124,following the campaign king was instrumental in the founding of the southern christian leadership conference sclc in 1957 a group created to harness the moral authority and organizing power of black churches to conduct nonviolent protests in the service of civil rights reform,4.205925883991378,-1.420284193005647,0.2849851843416625,0.12984496124031006,0.45348837209302323,43
125,the organizations nonviolent principles were criticized by the younger more radical blacks and challenged by the student nonviolent coordinating committee sncc then headed by james foreman,4.954489657878876,-0.1912337684315193,0.496735779480406,0.08012820512820512,0.3974358974358974,26
126,king was born in atlanta georgia to the rev martin luther king sr and alberta williams king,5.585991203784943,0.845614754285955,0.6753723002970589,0.13725490196078427,0.46078431372549017,17
127,he graduated from morehouse college with a bachelor of arts degree in sociology in 1948,3.748303221804755,-2.171644794299907,0.1555347962154038,0.13888888888888887,0.5055555555555555,15
128,his application to yale divinity school was rejected and he graduated from crozer theological seminary in chester pennsylvania 1 with a bachelor of divinity in 1951,4.36641228556633,-1.1567850939646698,0.3303829075960059,0.11217948717948716,0.42948717948717946,26
129,he received his phd in systematic theology from boston university in 1955,4.963057279586792,-0.1771667784634904,0.4991593525397237,0.0972222222222222,0.3125,12
130,gail davis born october 5 1925 died march 15 1997 was an american actress,6.006796836853027,1.5365262838402065,0.7944080409356307,0.09523809523809522,0.36904761904761907,14
131,she and her husband moved to hollywood california to pursue a career in motion pictures and in 1947 as gail davis she made her motion picture debut in a comedy film short,4.215766935579238,-1.4041263864776836,0.287768979928909,0.09895833333333331,0.3984375,32
132,she then appeared in minor roles in another four films until landing a supporting role under star roy rogers in a 1948 western film called the far frontier,4.759419735935,-0.5115147902363429,0.4415552143686725,0.08630952380952377,0.4136904761904762,28
133,between then and 1953 davis appeared in more than three dozen films of which all but three were in the western genre and that included fourteen films with the singing cowboy star gene autry,4.907088525367506,-0.2690606471433244,0.4833271450130887,0.12745098039215683,0.4534313725490196,34
134,in 1950 she began to guest star in television westerns notably in the lone ranger and cisco kid series plus more than a dozen appearances on the gene autry show,4.81834260348616,-0.4147706277386224,0.4582230691413439,0.06944444444444442,0.48055555555555546,30
135,gail davis passed away from cancer in 1997 in los angeles california and was interred there in the forest lawn hollywood hills cemetery,4.413494110107422,-1.079482479998408,0.3437012175577867,0.12499999999999996,0.4548611111111111,24
137,her family lived in mcgehee arkansas where she was raised until they moved to little rock,4.396545553207398,-1.1073099434431244,0.3389068805413359,0.10416666666666663,0.38020833333333337,16
138,she had been singing and dancing since childhood and after graduating from high scool in little rock she went to study drama at girls college in bryn mawr pennsylvania before completing her education at the university of texas in austin,4.394547065576682,-1.1105912164043863,0.3383415567039509,0.10833333333333331,0.4,40
139,between 1954 and 1956 gail davis starred as the western sharpshooter annie oakley in the annie oakley television series on the abc network,5.554121922362935,0.793289280854111,0.6663572510211525,0.0869565217391304,0.2789855072463768,23
140,elvis aron presley january 8 1935 – august 16 1977 also known as the king of rock and roll sometimes shortened to the king was an american singer and actor,5.013927514696944,-0.093644056363778,0.5135493122668442,0.11388888888888886,0.5805555555555554,30
141,the movies jailhouse rock 1957 king creole 1958 and flaming star 1960 are widely regarded as his best among film critics,5.716692227125168,1.0602098947832548,0.712344460108916,0.11507936507936503,0.3571428571428571,21
142,among fans blue hawaii 1961 and viva las vegas 1964 are also highly praised,5.973591235967783,1.48200673682245,0.7850149791890347,0.1726190476190476,0.4345238095238095,14
143,elvis aron presley was born in a tworoom house in east tupelo mississippi to vernon elvis presley and gladys love smith,5.469945132732391,0.6550812581796728,0.6425456722046023,0.1507936507936508,0.42063492063492064,21
144,elvis presley was raised both in east tupelo which merged with tupelo in 1948 and later in memphis tennessee where his family moved when he was 13,4.507106093259958,-0.9257830202431696,0.370181784526349,0.09567901234567898,0.4012345679012346,27
145,elvis had a twin brother jesse garon presley who died at birth,4.8129009550268,-0.4237051508649913,0.4566837583437865,0.15277777777777776,0.2916666666666667,12
146,beginning with love me tender opened on november 15 1956 presley starred in 31 motion pictures having signed to multiple longterm contracts on the advice of his manager,5.111861648382964,0.0671518474534859,0.5412525111335431,0.13095238095238093,0.47619047619047616,28
147,elvis was praised by all his directors including the highly respected michael curtiz as unfailingly polite and extremely hardworking,5.259116331736247,0.3089260788673105,0.5829073011791421,0.12280701754385963,0.31140350877192985,19
148,niels fabian helge von koch january 25 1870 march 11 1924 was a swedish mathematician who gave his name to the famous fractal known as the koch curve which was one of the earliest fractal curves to have been described,5.162880262503257,0.1509181897920799,0.555684443695577,0.12804878048780485,0.5487804878048781,41
149,his grandfather nils samuel von koch 18011881 was the attorneygeneral justitiekansler of sweden,5.866247057914734,1.305760687769736,0.7546499062582833,0.1346153846153846,0.25641025641025644,13
150,john quincy adams july 11 1767 – february 23 1848 was the sixth 18251829 president of the united states,5.245143347316319,0.285984142544779,0.5789546816829856,0.14473684210526314,0.5175438596491228,19
151,the son of president john adams and first lady abigail smith he was the only son of a former president to become president himself until george w bush took office in 2001,4.971751082328058,-0.1628926146272866,0.5016186191629556,0.08333333333333331,0.4479166666666667,32
152,he was secretary of state in the cabinet of president james monroe from 1817 to 1825 a tenure during which he was instrumental in the acquisition of florida and in keeping the united states from becoming dependent on england,4.302160134440975,-1.2622792901509357,0.3122075273353746,0.1111111111111111,0.4935897435897436,39
153,adamss son charles francis also pursued a career in politics,5.897097269694011,1.3564129731302887,0.7633766853682218,0.09166666666666665,0.3083333333333333,10
154,while serving as secretary of state under president james monroe adams negotiated the adamsonís treaty with spain and devised the monroe doctrine both of which were of long lasting importance,4.964602182651388,-0.1746302360422518,0.4995963682687391,0.11944444444444442,0.3055555555555555,30
155,adams was born in braintree massachusetts in a part of town which eventually became the separate town of quincy,4.426660213205549,-1.057865344401926,0.3474255898343237,0.10964912280701751,0.4517543859649123,19
156,he acquired his early education in europe at venerable institutions such as the university of leiden while accompanying his father while the elder adams was serving as an american envoy to france and later the netherlands during the revolutionary war,4.645554501658831,-0.6984676183228251,0.409345492278628,0.14999999999999997,0.41666666666666663,40
157,he graduated from harvard university in 1787 and was elected to phi beta kappa,4.356280730320857,-1.1734198720696498,0.3275169355469332,0.14285714285714285,0.380952380952381,14
158,he studied law after which he was admitted to the bar and commenced practice in boston,4.336150932312012,-1.206470545442312,0.321822702327151,0.08854166666666664,0.36979166666666663,16
159,adams was elected to the us house of representatives in 1830 one of only two us presidents to serve in congress after having been president,4.279280563195546,-1.2998447558255997,0.3057354497426018,0.13333333333333333,0.43,25
160,although adams lost in both the popular and electoral votes in the presidential election of 1824 none of the candidates were able to secure a majority of the electoral vote thereby putting the outcome in the hands of the house of representatives which to the surprise of many elected adams over rival andrew jackson,4.197688223618381,-1.4338094267026364,0.2826549493671939,0.13425925925925922,0.5246913580246914,54
161,some say this was because of a bargain he struck with henry clay which put clay into office as his secretary of state once adams won,4.915789680480957,-0.2547744116086619,0.4857884914446684,0.11217948717948716,0.4358974358974359,26
162,during this time he worked on developing a federal system of roads canals bridges lighthouses and universities until jackson who defeated adams in the latters quest for reelection was sworn in to replace him,5.064085507031643,-0.0112907500387875,0.5277377957312248,0.15196078431372548,0.42156862745098034,34
163,president george washington appointed him minister to the netherlands in 1794 minister to portugal in 1796 and minister to prussia in 1797,4.42306942031497,-1.0637609884080534,0.3464098413328282,0.15151515151515152,0.4431818181818182,22
164,while serving abroad he met louisa catherine johnson the daughter of an american merchant living abroad,4.6519004543622335,-0.6880483379134357,0.4111406088853125,0.13020833333333331,0.2760416666666667,16
165,adams received one electoral vote in the presidential election of 1820,4.401991581916809,-1.0983682284803715,0.3404474304057403,0.12878787878787878,0.40151515151515144,11
166,rather than retire adams would go on to win election as a democraticrepublican to the house of representatives beginning with the 22nd congress serving from march 4 1831 until his death,4.888261071840922,-0.2999730297053687,0.4780013135632217,0.13709677419354838,0.4301075268817204,31
167,aldous leonard huxley july 26 1894 – november 22 1963 was a british writer who emigrated to the united states,4.93979715673547,-0.2153570634643241,0.4925796260974608,0.19166666666666665,0.5125,20
168,he was a member of the famous huxley family who produced a number of brilliant scientific minds,5.266200665617362,0.3205576911201864,0.584911287970671,0.1016042780748663,0.3582887700534759,17
169,he wrote great novels on dehumanising aspects of scientific progress most famously brave new world and on pacifist themes eg eyeless in gaza,4.862295340407979,-0.34260559403092,0.4706562358611784,0.15217391304347824,0.3840579710144927,23
170,huxley was strongly influenced by f matthias alexander and included him as a character in eyeless in gaza,5.1794792799388665,0.1781717520648055,0.5603799044476452,0.14814814814814814,0.40740740740740733,18
171,huxley was born in godalming surrey england,4.975015838940938,-0.1575322824269283,0.5025421398834016,0.17857142857142855,0.27380952380952384,7
172,he was the son of the writer leonard huxley by his first wife julia arnold and grandson of thomas henry huxley one of the most important naturalists of the 19th century a man known as darwins bulldog,4.469941928982735,-0.9868020455783828,0.3596689408942461,0.1306306306306306,0.47297297297297286,37
173,his brother julian huxley was a biologist also noted for his evolutionary theories,5.219393213589986,0.2437055633599598,0.5716705913600779,0.09790209790209789,0.3566433566433566,13
174,john wells november 17 1936 january 11 1998 was a british actor writer and satirist,5.956838437489101,1.4545006848315838,0.7802760174975311,0.09895833333333331,0.36458333333333326,16
175,wells began his television career as a writer on that was the week that was the 1960s weekly satire show that launched the careers of david frost and millicent martin among others,4.9032685324069,-0.275332609712019,0.4822465613526834,0.10937499999999999,0.41666666666666663,32
176,besides making cameo appearances in films such as casino royale 1967 television dramas like casanova 1987 and comedy shows like yes minister he also wrote television scripts and screenplays notably princess caraboo 1994,4.885335998726077,-0.3047756430285323,0.4771738810925372,0.11616161616161615,0.36363636363636365,33
177,in 1997 he appeared in the bbc situation comedy chalk,5.417410161760119,0.5688252428195634,0.6276847989469989,0.14166666666666666,0.33333333333333337,10
178,bartholomew j simpson voiced by nancy cartwright is a fictional character featured in the animated television series the simpsons,5.304059889581469,0.3827179196942794,0.595620747185158,0.14035087719298248,0.4385964912280702,19
179,he is the 10yearold son of homer and marge simpson and older brother of lisa and maggie,5.191983602941036,0.1987023254520483,0.5639170751335384,0.10784313725490194,0.38235294117647056,17
180,roy stanley geiger january 25 1885 – january 23 1947 was a united states marine corps general who during world war ii became the first marine to lead an army,4.913370113948296,-0.2587470447736483,0.4851040545654856,0.13333333333333333,0.47777777777777775,30
181,geiger was born in middleburg florida,4.9347480773925785,-0.2236470359777714,0.4911513636126124,0.13888888888888887,0.27777777777777773,6
182,he attended florida state normal and industrial college and received an llb from stetson university after which he enlisted in the marine corps,4.678410665555433,-0.6445218042243384,0.4186397067487599,0.11956521739130432,0.40579710144927533,23
183,he was commissioned a second lieutenant on 5 february 1909,4.540075964397854,-0.8716505127218064,0.3795081640261755,0.15833333333333327,0.275,10
184,following attendance at the marine officers school at port royal south carolina he served as a member of the marine detachments aboard wisconsin bb9 and delaware bb28,5.087860146394143,0.0277443083248157,0.5344630664560875,0.13271604938271603,0.4475308641975308,27
185,for his part in this action he was awarded the distinguished service medal,5.489271064599355,0.6868120813839917,0.6480125111262722,0.08333333333333333,0.33974358974358976,13
186,geiger commanded the iii amphibious corps in the battle of okinawa where he assumed command of the us tenth army upon the combat death of lt general simon bolivar buckner commanding general of the tenth army,4.888756064006261,-0.2991603129373486,0.4781413348803837,0.12962962962962962,0.4722222222222222,36
187,geiger led the tenth army until relieved by general joseph stilwell,5.315213656425476,0.4010310445787974,0.5987758781835387,0.08333333333333331,0.29545454545454547,11
188,culbert levy olson november 7 1876 april 13 1962 was a us politician,6.382967273394267,2.1541522642456243,0.9008175635305348,0.1309523809523809,0.4880952380952381,14
189,he was born in fillmore utah to daniel olson and his wife delilah king,5.088737927950346,0.0291855185890151,0.5347113696380096,0.12499999999999997,0.2916666666666667,14
190,he served as the governor of california from january 2 1939 until january 4 1943 and was the only democrat elected to that office between 1898 and 1954,3.7402151657475367,-2.1849243959555937,0.1532468806851916,0.0833333333333333,0.4226190476190476,28
191,in his 1942 bid for reelection he was defeated by state attorney general earl warren,5.05763590335846,-0.0218802126996566,0.5259133587709467,0.09999999999999996,0.3055555555555555,15
192,he later became president of the united secularists of america,4.941209819581774,-0.2130376433539807,0.4929792342656222,0.14166666666666666,0.375,10
193,he died in los angeles at age 85 and was buried in forest lawn memorial park cemetery in suburban glendale,4.156246097464311,-1.5018523437147675,0.2709319737396581,0.06249999999999998,0.32916666666666666,20
194,prescott sheldon bush may 15 1895 columbus ohio – october 8 1972 new york city was a us,6.36511102844687,2.1248344877254963,0.8957664635087981,0.10648148148148145,0.513888888888889,18
195,senator from connecticut and a wall street executive banker with brown brothers harriman,5.152207851409912,0.1333953923457313,0.5526654766023061,0.16083916083916083,0.46853146853146854,13
196,his son george h w bush and grandson george w bush would both later become us presidents,6.226750671863556,1.8976636561478148,0.8566276634864919,0.15196078431372548,0.38235294117647056,17
197,his father was samuel prescott bush and his mother was flora sheldon,5.671607494354248,0.9861862619454764,0.6995910791293173,0.06249999999999998,0.2222222222222222,12
198,he married dorothy walker george herbert walkers daughter on august 6 1921 and together they had five children including george h w bush named after george herbert walker prescott bush jr jonathan bush william bush and nancy bush,5.645825257172456,0.9438549728020152,0.6922979075149597,0.09649122807017543,0.4890350877192983,38
199,among those attending the kennebunkport maine wedding ceremony were isabel stillman rockefeller daughter of percy rockefeller hope lincoln mary keck elizabeth trotter martha pittman ruth lionberger nancy walker george herbert walker knight wooley frank shephard john shepley richard bentley henry isham william potter wear and henry fenimore cooper,6.449564497521583,2.2634967843044285,0.9196563082513912,0.14062499999999997,0.3298611111111111,48
200,his fatherinlaw george herbert walker and walkers partner averell harriman brought him on as an officer in their investment banking firm w a harriman and company in 1926,6.054536704663877,1.6149093246028174,0.8079124954302609,0.11904761904761904,0.36011904761904756,28
201,when it merged with brown brothers in 1931 he became a partner in the new firm of brown brothers harriman,5.297207016693919,0.3714663381646851,0.5936822351131499,0.09166666666666663,0.4166666666666667,20
202,bush called it my good fortune to work with close friends including yale classmates and members of the skull and bones e roland harriman knight woolley and ellery james as well as robert a lovett and thomas mccance,5.164977785501931,0.1543620667495327,0.5562777822443822,0.14035087719298245,0.4276315789473684,38
203,he maintained homes in long island new york and greenwich connecticut the family compound at kennebunkport maine a 10000 acre 40 km² plantation in south carolina and an island retreat in florida,5.789177871519519,1.1792224827899462,0.7328488965710337,0.21093749999999997,0.4114583333333333,32
204,after graduation he served as a field artillery captain with the american expeditionary forces 19171919 during world war i,4.049039231406318,-1.677872943217677,0.240605743052797,0.15789473684210523,0.33771929824561403,19
205,he received training in intelligence at verdun and was briefly assigned to a staff of french officers,5.253740221261978,0.3000991611196843,0.5813865294931894,0.15196078431372548,0.40686274509803916,17
206,alternating between intelligence and artillery bush came under fire in the meuseargonne offensive,4.777078946431478,-0.482520520255009,0.4465505781075429,0.17307692307692307,0.3269230769230769,13
207,the bushes moved to columbus ohio in 1923 where bush worked for the hupp products company where his business efforts generally failed,5.147422268277123,0.1255380484742212,0.5513117508252872,0.19318181818181818,0.37878787878787873,22
208,he left in november 1923 to become president of sales for stedman products of south braintree massachusetts,4.78753337264061,-0.4653556274038838,0.4495078825468445,0.14705882352941177,0.3235294117647059,17
209,in 1925 he joined the united states rubber company based in new york city as manager of the foreign division and moved to greenwich connecticut,4.613613078991572,-0.7509115388812831,0.4003100359884515,0.1133333333333333,0.42,25
211,he served until january 1963 and was a staunch supporter of president dwight d eisenhower,4.62103109061718,-0.7387320684660892,0.4024084121472537,0.07777777777777775,0.38333333333333336,15
212,as a managing partner of brown brothers harriman he sat on several corporate boards including the following,5.181484870612621,0.1814646873564761,0.5609472375641902,0.10784313725490192,0.3088235294117647,17
213,bush was born in columbus ohio to flora sheldon and samuel prescott bush a steel company president and later a us government official in charge of coordination and assistance to major weapons contractors during world war i,4.868886907895406,-0.3317830441004598,0.4725208309525374,0.11036036036036033,0.36711711711711714,37
214,after attending the douglas school in columbus and st georges school in newport rhode island as well as the famous stonyhurst college in england where he designed the boys golf course still in use today from 1908 to 1913 bush entered yale university,5.125134780293419,0.0889447113069614,0.5450071592736713,0.10852713178294572,0.4205426356589147,43
215,there he played varsity golf football and baseball and was president of the yale glee club,4.324215527375539,-1.2260670247488832,0.318446464808476,0.109375,0.34375,16
216,on may 18 1916 he was tapped to join the skull and bones society at yale,5.078957406679789,0.0131270954600053,0.5319446966142108,0.15104166666666663,0.39583333333333337,16
217,other new bonesmen that year were e roland harriman h s fenimore cooper grandson of james fenimore cooper knight wooley son of ulysses grant wooley ellery james and henry neil mallon,6.021383968989055,1.5604765758133223,0.7985343879736794,0.14247311827956988,0.43548387096774194,31
218,he was a member of the executive committee of the united states golf association usga from 19281935 serving successively as secretary vice president and president,4.030719568952918,-1.7079515947659278,0.2354235534217086,0.11999999999999998,0.39,25
219,after his discharge in 1919 bush went to work for the simmons hardware company in st louis missouri,4.959185165517471,-0.1835243175361923,0.4980640250776882,0.12037037037037036,0.39814814814814814,18
220,from 1947 to 1950 he served as connecticut republican finance chairman and was the republican candidate for the united states senate in 1950 losing to senator william benton by only 1000 votes,4.138235699745916,-1.531423220284956,0.2658372676256422,0.12239583333333331,0.4348958333333333,32
221,the following year bush was connecticut chairman of the united negro college fund and was one of the uncfs earliest supporters,5.441932883858681,0.6090885618022974,0.6346216841930288,0.10317460317460314,0.4246031746031746,21
222,talia shire born april 25 1946 is an american actress of italian descent,5.445004165172577,0.6141312311572771,0.6354904754286486,0.14102564102564102,0.36538461538461536,13
223,she is the mother of actors jason and robert schwartzman and aunt to actor nicolas cage,5.428243573506673,0.5866123837034218,0.6307493092328798,0.17187499999999997,0.4375,16
224,born talia rose coppola in lake success long island new york she is the sister of director and producer francis ford coppola,6.197497697103591,1.8496338391796825,0.848352704116187,0.17424242424242423,0.4318181818181818,22
225,shire became famous for her roles as the wife of boxer rocky balboa in the rocky movies and for her role in the godfather and its sequels,5.299093168515426,0.3745631694272985,0.5942157818658227,0.08024691358024691,0.3611111111111111,27
226,she was nominated for the academy award for best supporting actress for the godfather part ii and for the best actress in a leading role for rocky,4.038779153273656,-1.6947187402292314,0.2377034149859734,0.10802469135802467,0.43209876543209874,27
227,margaret tyndal winthrop february 23 1880 – july 7 1970 was the maternal grandmother of us senator john kerry the presidential candidate,5.605998016539074,0.8784635008692159,0.6810317439614452,0.18939393939393936,0.4848484848484849,22
228,winthrops daughter rosemary isabel forbes was kerrys mother,5.799850004059928,1.1967448228863449,0.735867784868413,0.21874999999999997,0.2708333333333333,8
229,winthrop died at st briac sur mer illeetvilaine france,4.590186834335327,-0.7893745756261829,0.3936833177035626,0.14814814814814817,0.26851851851851855,9
230,other notable figures in this branch of the family tree are franklin d roosevelt kerrys 4th cousin twice removed jane addams calvin coolidge kerrys 8th cousin once removed and ironically george hw bush kerrys 9th cousin once removed and george w bush kerrys 9th cousin twice removed,4.774453358481759,-0.4868314154611708,0.4458078627500328,0.125886524822695,0.4698581560283688,47
231,1 she also has some relation to all the royal houses of europe including such figures as henry iii henry ii henry i richard the lionheart and russian czar ivan the terrible,5.459588139287887,0.6380763380455167,0.6396159291389815,0.07552083333333331,0.36197916666666663,32
232,she was born in massachusetts and raised in boston,4.825123608112335,-0.4036370451294108,0.4601412514196209,0.14814814814814814,0.21296296296296294,9
233,her grandfather was robert charles winthrop the conservative whig speaker of the house and a us senator,5.419271290302277,0.5718809889092349,0.6282112672188804,0.13235294117647056,0.4117647058823529,17
234,her ancestors include james bowdoin former governor of maine and john winthrop the first governor of the massachusetts bay colony,5.789044618606567,1.179003697757926,0.7328112025433425,0.10833333333333331,0.30416666666666664,20
235,david manners april 30 1901 – december 23 1998 was a canadian film actor,5.484254011741052,0.6785746924524042,0.6465933081596752,0.19642857142857142,0.5773809523809523,14
236,born rauff de rither duan acklom in halifax nova scotia manners came to hollywood at the beginning of the talking films revolution after studying acting with eva le gallienne and acting on stage with helen hayes,6.057152165685381,1.6192035926278954,0.8086523461245971,0.13888888888888887,0.4212962962962962,36
237,in 1940 he officially changed his name to david joseph manners and became a naturalized citizen of the united states,4.129570208097759,-1.545650900758994,0.2633860095262315,0.07499999999999998,0.32083333333333325,20
238,he was discovered by the film director james whale and within a few years he was a popular leading man playing opposite such up and coming actresses as katharine hepburn gloria stuart myrna loy loretta young and ann dvorak and he was paired several times with helen chandler,4.7726218649681575,-0.4898385044481343,0.4452897775113044,0.11111111111111109,0.4774305555555555,48
239,his most widely seen role was as jonathan harker in tod brownings dracula 1931 though he commented throughout his life that he had never watched the film and did not intend to,4.403011760404033,-1.096693219821653,0.3407360142370092,0.07552083333333331,0.3723958333333333,32
240,he died in santa barbara california,5.411252498626709,0.5587151109209835,0.625942944907774,0.18055555555555555,0.20833333333333334,6
241,elliott roosevelt september 23 1910 – october 27 1990 world war ii hero and an author was the son of president franklin delano roosevelt and his wife eleanor roosevelt,5.100642078689167,0.0487306823146927,0.5380787660997377,0.14655172413793102,0.5373563218390804,29
243,as an army photo reconnaissance pilot he and the men in his unit also played a key role in the dday landings,4.684729437033336,-0.6341471520722962,0.4204271344438552,0.11742424242424239,0.42045454545454547,22
244,colonel elliot roosevelt was a pilot in the united states army air force usaaf during world war ii,4.389409282628228,-1.1190268294201935,0.3368882021134944,0.16203703703703703,0.3425925925925926,18
245,he flew a p38 lightning in the north african campaign of november 1942,5.272362848122914,0.330675243276659,0.5866544204310197,0.09615384615384612,0.38461538461538464,13
246,on 28 february 1934 he and anthony fokker each received an excessive half a million dollars for selling fifty military planes to the soviet government,5.228910624980927,0.2593319921545761,0.5743628369596022,0.19333333333333336,0.4633333333333334,25
247,elliot and fokker were able to receive such a large commission because elliot had close connections to the us exportimport bank through his father franklin delano roosevelt,5.129341919834797,0.0958523213462763,0.5461972573425264,0.07716049382716046,0.3148148148148148,27
248,stella dorothea gibbons 5 january 1902—19 december 1989 was an english novelist and poet,5.397160053253174,0.5355770342816587,0.6219565327958051,0.14285714285714282,0.44642857142857145,14
249,her works include cold comfort farm,5.56826639175415,0.8165127745858047,0.6703583794700451,0.3194444444444444,0.13888888888888887,6
250,keynes was educated at oundle school,5.262734746932983,0.3148670753314304,0.5839308633632815,0.26388888888888884,0.2916666666666667,6
251,keynes pronounced canes was born in london the eldest son of geoffrey keynes and thus the nephew of the economist john maynard keynes and geoffrey keynes wife elizabeth née darwin the granddaughter of charles darwin and thus the greatgrandson of charles darwin see darwin wedgwood family,4.807014790508482,-0.4333695151485861,0.4550187046993049,0.1453900709219858,0.4858156028368794,47
252,charles francis adams jr may 27 1835 – may 20 1915 a member of the prominent adams political family and son of charles francis adams sr graduated at harvard in 1856 and served on the union side in the american civil war receiving in 1865 the brevet of brigadiergeneral in the regular army,4.841186516560041,-0.3772637084328961,0.4646850598994207,0.1509433962264151,0.5911949685534591,53
253,he was president of the union pacific railroad from 1884 to 1890 having previously become widely known as an authority on the management of railways,4.053258543213208,-1.670945347802876,0.2417992843613019,0.09,0.3633333333333333,25
254,his son charles francis adams was secretary of the navy and a renowned yachtsman,5.623486922337459,0.90717815130603,0.685978932618333,0.0714285714285714,0.3630952380952381,14
255,jean tardieu born in st germain de joux france november 1 1903 died in créteil france january 27 1995 was an artist musician poet and dramatic author,5.5602084673368015,0.8032826454080371,0.6680789874523209,0.15432098765432098,0.48456790123456794,27
256,he is often associated with the theatre of the absurd,6.091145778695743,1.6750169594519655,0.8182683174512325,0.16666666666666663,0.35000000000000003,10
257,john eric austin born august 21 1944 in blaby leicestershire is a british member of parliament for erith and thamesmead,5.60809443185204,0.8819055591418247,0.6816247691727416,0.09999999999999998,0.4499999999999999,20
258,he is a member of the labour party,5.320463989462171,0.4096514511132922,0.6002610704730656,0.11458333333333331,0.3125,8
259,he worked as a social worker and was leader of greenwich council before entering parliament,3.932326634015356,-1.8695007942844712,0.207590570772447,0.12777777777777774,0.29444444444444445,15
260,austin is a member of the leftwing socialist campaign group,5.264419145054287,0.3176326516234667,0.584407338871553,0.14999999999999997,0.3416666666666667,10
261,he stated his intention to act as a stalking horse against tony blair,5.086615105470021,0.0257001029681269,0.5341108744774593,0.08974358974358973,0.38461538461538464,13
263,robert strange mcnamara born june 9 1916 is an american business executive and a former united states secretary of defense,5.5600607269688656,0.8030400737417709,0.6680371952738482,0.10833333333333332,0.4583333333333335,20
264,he resigned that position to become president of the world bank 19681981,4.389209162105214,-1.1193554029130028,0.3368315928554379,0.08333333333333333,0.3819444444444444,12
265,mcnamara was born in san francisco where his father was sales manager of a wholesale shoe firm,4.360141053795815,-1.167081691714955,0.3286089277348602,0.0784313725490196,0.4215686274509804,17
266,he graduated in 1937 from the university of california berkeley with a degree in economics and philosophy and earned a masters degree from the harvard graduate school of business administration in 1939,3.1984690456621108,-3.0744054557249214,0.0,0.14322916666666663,0.4036458333333333,32
268,following his involvement there in a program to teach the analytical approaches used in business to officers of the army air forces he entered the army as a captain in early 1943 serving under col curtis lemay with analysis of us bombers efficiency and effectiveness as a major responsibility,4.572249802450339,-0.8188249944453511,0.3886093650102017,0.0901360544217687,0.336734693877551,49
269,he left active duty three years later with the rank of lieutenant colonel,3.487400976320108,-2.6000144626849564,0.0817318582673118,0.05128205128205126,0.24358974358974356,13
270,during this period mcnamara helped to plan the 1945 bombing of tokyo,5.541145530613986,0.7719836281564655,0.6626865434990351,0.0833333333333333,0.3125,12
271,in 1946 mcnamara joined ford motor company which he later said had been the result of a life magazine article which reported how few collegeeducated managers there were at the then unprofitable company,4.980687056668103,-0.1482208345602677,0.5041463902769947,0.1414141414141414,0.3484848484848485,33
272,presidentelect john f kennedy first offered the post of secretary of defense to former secretary robert a lovett,4.4218106488971145,-1.0658277375609315,0.3460537653294566,0.11574074074074073,0.39814814814814814,18
273,lovett declined but recommended mcnamara kennedy had him approached by sargent shriver regarding either the treasury or the defense cabinet post and less than five weeks after becoming president at ford mcnamara accepted kennedys invitation to serve as secretary of defense,5.0029620110988615,-0.1116480759583962,0.5104474363894805,0.14634146341463414,0.41666666666666663,41
274,he also created the defense intelligence agency and the defense supply agency,5.549910371953791,0.7863744287078577,0.6651659052244387,0.1111111111111111,0.3055555555555555,12
275,mary lilian baels november 28 1916 – june 7 2002 was best known as princess de réthy the controversial morganatic second wife of king léopold iii of the belgians,5.817496606281826,1.2257183916184784,0.7408595820312092,0.1598746081504702,0.536050156739812,29
276,mary lilian lucy josepha monique baels was born in highbury london england one of eight children of henri baels an attorney and fish trader from ostend belgium and his wife anne marie de visscher who were living in england during world war i,5.497167722100303,0.6997774299525639,0.6502462846319669,0.10852713178294572,0.38759689922480617,43
277,he is also notable in that he is the great great great grandfather of president george w bush through his son reverend james smith bush,5.457986116409302,0.6354460118558355,0.6391627555954574,0.09333333333333332,0.44333333333333336,25
278,he was the son of a blacksmith timothy bush jr and lydia newcomb and was born in penfield monroe co new york on january 28 1797,5.130027785301208,0.0969784287964348,0.5463912721022088,0.09440559440559439,0.45104895104895104,26
279,he was a participant in the underground railroad and even petitioned the new york state legislature to secede from the union in a protest against slavery,4.637626767158508,-0.71148399153433,0.4071029278410956,0.1346153846153846,0.4711538461538461,26
280,eventually obadiah henry and possibly another brother or two went off to find their fortunes in the california gold rush of 1849,5.323845329738798,0.4152031994713995,0.6012175698935813,0.11742424242424242,0.40151515151515144,22
281,robert henry dee born may 18 1933 in quincy massachusetts is a former threesport letterman at holy cross college who was one of the first players signed by the boston patriots in 1960,5.928126990795136,1.407359990905004,0.7721542433256817,0.11616161616161613,0.5176767676767676,33
282,another example of a player misjudged by the nfl he became an ironman of the american football league who never missed a game during his career starting 112 consecutive games,4.556436670237575,-0.8447882290259044,0.3841362121889382,0.15277777777777776,0.49999999999999994,30
283,he was voted to five american football league allstar teams 1961 196365,4.776589220220393,-0.4833245909683609,0.4464120464015351,0.09722222222222221,0.22916666666666663,12
284,joseph h ball november 3 1905 december 18 1993 was an american politician,6.733589092890422,2.729830531280581,1.0,0.10714285714285711,0.511904761904762,14
285,he served in the united states senate as a republican from minnesota,4.17245095426386,-1.4752459451360371,0.2755159359765997,0.07638888888888887,0.375,12
286,he was first appointed to fill the senate seat of ernest lundeen who had died in office,4.902901530265808,-0.2759351824694284,0.4821427453192281,0.053921568627450955,0.2794117647058823,17
287,he lost his reelection bid in 1948 to hubert h humphrey,4.718270444869996,-0.5790769077453427,0.4299150747085592,0.12121212121212119,0.3106060606060606,11
288,ball died in chevy chase maryland,5.31146731376648,0.3948800068232206,0.5977161284129664,0.23611111111111108,0.29166666666666663,6
289,raymond arrieta born march 26 1965 in san juan puerto rico is considered by many to be one of puerto ricos greatest comedians,4.887306913733482,-0.3015396409520883,0.4777314053013544,0.12681159420289853,0.5108695652173914,23
290,after raymond graduated from high school he enrolled in the universidad del sagrado corazon university of the sacred heart of san juan where he earned a bachelors degree in radio and television production,4.361052158754319,-1.165585768488179,0.3288666573017016,0.0909090909090909,0.35858585858585856,33
291,matthew parker august 6 1504 may 17 1575 was archbishop of canterbury from 1559,6.240022072425256,1.9194536773377824,0.8603818218699124,0.09999999999999996,0.37222222222222234,15
292,the eldest son of william parker he was born in norwich in st saviours parish,4.701019048690796,-0.6074015963532746,0.4250350717811549,0.12777777777777777,0.39999999999999997,15
293,matthew was sent in 1522 to corpus christi college cambridge where he is said to have been contemporary with william cecil but cecil was only two years old at the time,3.9631181846062336,-1.8189448234411607,0.2163007560503191,0.08870967741935484,0.31989247311827956,31
294,he commenced ma in 1528 and was one of the cambridge scholars whom thomas wolsey wished to transplant to his newly founded cardinal college at oxford,5.0837394547462464,0.020978635183722,0.5332974224064244,0.13782051282051283,0.3589743589743589,26
295,adolf otto reinhold windaus december 25 1876 – june 9 1959 was a significant german chemist,5.4052232583363855,0.5488158336687621,0.6242374185862419,0.15104166666666666,0.46874999999999994,16
296,he won a nobel prize in chemistry in 1928,5.082060366868973,0.0182217776647651,0.5328224490378142,0.12037037037037036,0.2685185185185185,9
297,jack kerouac march 12 1922 – october 21 1969 was an american novelist writer poet artist and part of the beat generation,5.4140613079071045,0.5633268332071018,0.6267374891503656,0.09848484848484845,0.4772727272727272,22
298,during kerouacs time at columbia university burroughs and kerouac got into trouble with the law for failing to report a murder this incident formed the basis of a mystery novel the two collaborated on in 1945 entitled and the hippos were boiled in their tanks the novel was never published although an excerpt from the manuscript would be included in the burroughs compilation word virus,4.945933404378593,-0.205282093189039,0.494315422212202,0.08846153846153845,0.4576923076923077,65
299,in between his sea voyages kerouac stayed in new york with friends from fordham,5.677995351644663,0.9966743445762064,0.701398049530626,0.11904761904761903,0.3988095238095237,14
