section,metric,metric_label,source,source_label,condition,comparison,n,mean,sd,sem,test,df1,df2,statistic,p,effect_size,effect_size_name,value_unit,values_source
descriptive,reading_speed,Reading speed (WPM),human,Human,30s,,28,190.77976190476073,37.71618218079651,7.127688460942379,,,,,,,,participant,
descriptive,reading_speed,Reading speed (WPM),human,Human,60s,,28,171.4880952380893,30.123679506652802,5.692840324915442,,,,,,,,participant,
descriptive,reading_speed,Reading speed (WPM),human,Human,90s,,28,166.48015873015717,28.43523278007931,5.373753886308689,,,,,,,,participant,
inferential,reading_speed,Reading speed (WPM),human,Human,,30s_vs_60s_vs_90s,84,,,,one_way_anova,2,81,4.4059328645381,0.015262570010557117,0.09811471632999817,eta_squared,participant,
inferential,reading_speed,Reading speed (WPM),human,Human,,30s_vs_60s,56,,,,welch_t_test,,51.48394711486836,2.114831613173947,0.03930464900608952,0.5652125233725249,cohens_d,participant,
inferential,reading_speed,Reading speed (WPM),human,Human,,30s_vs_90s,56,,,,welch_t_test,,50.198733331023135,2.722208089910573,0.0088927778501782,0.7275407148535484,cohens_d,participant,
inferential,reading_speed,Reading speed (WPM),human,Human,,60s_vs_90s,56,,,,welch_t_test,,53.821317824444314,0.6397044532357171,0.5250785113263818,0.17096820662868614,cohens_d,participant,
descriptive,reading_speed,Reading speed (WPM),simulation,Simulation,30s,,9,198.22222222222223,21.50452148838575,7.168173829461916,,,,,,,,episode_stimulus,
descriptive,reading_speed,Reading speed (WPM),simulation,Simulation,60s,,9,180.77777777777777,8.288211172770904,2.7627370575903014,,,,,,,,episode_stimulus,
descriptive,reading_speed,Reading speed (WPM),simulation,Simulation,90s,,9,171.1851851851852,12.79226232175693,4.2640874405856435,,,,,,,,episode_stimulus,
inferential,reading_speed,Reading speed (WPM),simulation,Simulation,,30s_vs_60s_vs_90s,27,,,,one_way_anova,2,24,7.301547250443124,0.00333479745058847,0.37828818362090083,eta_squared,episode_stimulus,
inferential,reading_speed,Reading speed (WPM),simulation,Simulation,,30s_vs_60s,18,,,,welch_t_test,,10.325428977916754,2.27077627105272,0.0457226650985918,1.0704541998792534,cohens_d,episode_stimulus,
inferential,reading_speed,Reading speed (WPM),simulation,Simulation,,30s_vs_90s,18,,,,welch_t_test,,13.031738533641013,3.2416282525670628,0.0064129252720069195,1.5281182129840454,cohens_d,episode_stimulus,
inferential,reading_speed,Reading speed (WPM),simulation,Simulation,,60s_vs_90s,18,,,,welch_t_test,,13.710294854936258,1.8879852989840662,0.08037480325856641,0.8900048051280963,cohens_d,episode_stimulus,
descriptive,reading_speed,Reading speed (WPM),full_memory,Sim with unlimited memory,30s,,9,211.11111111111111,18.63091814997616,6.210306049992053,,,,,,,,episode_stimulus,
descriptive,reading_speed,Reading speed (WPM),full_memory,Sim with unlimited memory,60s,,9,115.44444444444444,6.502136401043725,2.167378800347908,,,,,,,,episode_stimulus,
descriptive,reading_speed,Reading speed (WPM),full_memory,Sim with unlimited memory,90s,,9,78.14814814814815,4.394159985174486,1.464719995058162,,,,,,,,episode_stimulus,
inferential,reading_speed,Reading speed (WPM),full_memory,Sim with unlimited memory,,30s_vs_60s_vs_90s,27,,,,one_way_anova,2,24,310.7438263680163,6.980389066626281e-18,0.9628188085422377,eta_squared,episode_stimulus,
inferential,reading_speed,Reading speed (WPM),full_memory,Sim with unlimited memory,,30s_vs_60s,18,,,,welch_t_test,,9.920296037332816,14.544209420889771,5.1399822806998246e-08,6.856206072338952,cohens_d,episode_stimulus,
inferential,reading_speed,Reading speed (WPM),full_memory,Sim with unlimited memory,,30s_vs_90s,18,,,,welch_t_test,,8.887281490400612,20.838310277039174,7.494416295044625e-09,9.82327367024248,cohens_d,episode_stimulus,
inferential,reading_speed,Reading speed (WPM),full_memory,Sim with unlimited memory,,60s_vs_90s,18,,,,welch_t_test,,14.046207352788517,14.257536178355538,9.523055357317211e-10,6.721067009818491,cohens_d,episode_stimulus,
descriptive,reading_speed,Reading speed (WPM),sentence_reader_gamma_0dot2,Sim myopic sentence reader (γ=0.2),30s,,9,0.0,0.0,0.0,,,,,,,,episode_stimulus,
descriptive,reading_speed,Reading speed (WPM),sentence_reader_gamma_0dot2,Sim myopic sentence reader (γ=0.2),60s,,9,0.0,0.0,0.0,,,,,,,,episode_stimulus,
descriptive,reading_speed,Reading speed (WPM),sentence_reader_gamma_0dot2,Sim myopic sentence reader (γ=0.2),90s,,9,0.0,0.0,0.0,,,,,,,,episode_stimulus,
inferential,reading_speed,Reading speed (WPM),sentence_reader_gamma_0dot2,Sim myopic sentence reader (γ=0.2),,30s_vs_60s_vs_90s,27,,,,one_way_anova,2,24,nan,nan,nan,eta_squared,episode_stimulus,
inferential,reading_speed,Reading speed (WPM),sentence_reader_gamma_0dot2,Sim myopic sentence reader (γ=0.2),,30s_vs_60s,18,,,,welch_t_test,,1.0,nan,nan,nan,cohens_d,episode_stimulus,
inferential,reading_speed,Reading speed (WPM),sentence_reader_gamma_0dot2,Sim myopic sentence reader (γ=0.2),,30s_vs_90s,18,,,,welch_t_test,,1.0,nan,nan,nan,cohens_d,episode_stimulus,
inferential,reading_speed,Reading speed (WPM),sentence_reader_gamma_0dot2,Sim myopic sentence reader (γ=0.2),,60s_vs_90s,18,,,,welch_t_test,,1.0,nan,nan,nan,cohens_d,episode_stimulus,
descriptive,reading_speed,Reading speed (WPM),sentence_reader_gamma_0dot6,Sim myopic sentence reader (γ=0.6),30s,,9,0.0,0.0,0.0,,,,,,,,episode_stimulus,
descriptive,reading_speed,Reading speed (WPM),sentence_reader_gamma_0dot6,Sim myopic sentence reader (γ=0.6),60s,,9,0.0,0.0,0.0,,,,,,,,episode_stimulus,
descriptive,reading_speed,Reading speed (WPM),sentence_reader_gamma_0dot6,Sim myopic sentence reader (γ=0.6),90s,,9,0.0,0.0,0.0,,,,,,,,episode_stimulus,
inferential,reading_speed,Reading speed (WPM),sentence_reader_gamma_0dot6,Sim myopic sentence reader (γ=0.6),,30s_vs_60s_vs_90s,27,,,,one_way_anova,2,24,nan,nan,nan,eta_squared,episode_stimulus,
inferential,reading_speed,Reading speed (WPM),sentence_reader_gamma_0dot6,Sim myopic sentence reader (γ=0.6),,30s_vs_60s,18,,,,welch_t_test,,1.0,nan,nan,nan,cohens_d,episode_stimulus,
inferential,reading_speed,Reading speed (WPM),sentence_reader_gamma_0dot6,Sim myopic sentence reader (γ=0.6),,30s_vs_90s,18,,,,welch_t_test,,1.0,nan,nan,nan,cohens_d,episode_stimulus,
inferential,reading_speed,Reading speed (WPM),sentence_reader_gamma_0dot6,Sim myopic sentence reader (γ=0.6),,60s_vs_90s,18,,,,welch_t_test,,1.0,nan,nan,nan,cohens_d,episode_stimulus,
descriptive,reading_speed,Reading speed (WPM),text_reader_gamma_0dot2,Sim myopic text reader (γ=0.2),30s,,9,55.111111111111114,28.001984056689825,9.333994685563274,,,,,,,,episode_stimulus,
descriptive,reading_speed,Reading speed (WPM),text_reader_gamma_0dot2,Sim myopic text reader (γ=0.2),60s,,9,28.77777777777778,14.584047601555765,4.861349200518588,,,,,,,,episode_stimulus,
descriptive,reading_speed,Reading speed (WPM),text_reader_gamma_0dot2,Sim myopic text reader (γ=0.2),90s,,9,19.185185185185183,9.722698401037176,3.240899467012392,,,,,,,,episode_stimulus,
inferential,reading_speed,Reading speed (WPM),text_reader_gamma_0dot2,Sim myopic text reader (γ=0.2),,30s_vs_60s_vs_90s,27,,,,one_way_anova,2,24,8.560701145101854,0.0015621398307129526,0.41636231589024675,eta_squared,episode_stimulus,
inferential,reading_speed,Reading speed (WPM),text_reader_gamma_0dot2,Sim myopic text reader (γ=0.2),,30s_vs_60s,18,,,,welch_t_test,,12.042632789346232,2.5021991163778217,0.02774165043537098,1.17954797537983,cohens_d,episode_stimulus,
inferential,reading_speed,Reading speed (WPM),text_reader_gamma_0dot2,Sim myopic text reader (γ=0.2),,30s_vs_90s,18,,,,welch_t_test,,9.901294089656382,3.6359947824729586,0.00464164669423989,1.7140243780303568,cohens_d,episode_stimulus,
inferential,reading_speed,Reading speed (WPM),text_reader_gamma_0dot2,Sim myopic text reader (γ=0.2),,60s_vs_90s,18,,,,welch_t_test,,13.938144329896904,1.6418321665265794,0.1229866667461118,0.7739671056807635,cohens_d,episode_stimulus,
descriptive,reading_speed,Reading speed (WPM),text_reader_gamma_0dot6,Sim myopic text reader (γ=0.6),30s,,9,72.22222222222223,45.115900128939515,15.038633376313172,,,,,,,,episode_stimulus,
descriptive,reading_speed,Reading speed (WPM),text_reader_gamma_0dot6,Sim myopic text reader (γ=0.6),60s,,9,33.0,17.428425057933374,5.809475019311125,,,,,,,,episode_stimulus,
descriptive,reading_speed,Reading speed (WPM),text_reader_gamma_0dot6,Sim myopic text reader (γ=0.6),90s,,9,21.703703703703702,11.823287337149095,3.9410957790496983,,,,,,,,episode_stimulus,
inferential,reading_speed,Reading speed (WPM),text_reader_gamma_0dot6,Sim myopic text reader (γ=0.6),,30s_vs_60s_vs_90s,27,,,,one_way_anova,2,24,7.65696328768624,0.0026790315854312353,0.3895293070259134,eta_squared,episode_stimulus,
inferential,reading_speed,Reading speed (WPM),text_reader_gamma_0dot6,Sim myopic text reader (γ=0.6),,30s_vs_60s,18,,,,welch_t_test,,10.335670276842992,2.43287776228484,0.034545253702649985,1.1468695756730427,cohens_d,episode_stimulus,
inferential,reading_speed,Reading speed (WPM),text_reader_gamma_0dot6,Sim myopic text reader (γ=0.6),,30s_vs_90s,18,,,,welch_t_test,,9.093688422098767,3.249516995597623,0.009869879770535455,1.5318370021120105,cohens_d,episode_stimulus,
inferential,reading_speed,Reading speed (WPM),text_reader_gamma_0dot6,Sim myopic text reader (γ=0.6),,60s_vs_90s,18,,,,welch_t_test,,14.076453890469676,1.6091290428214235,0.12977876182072656,0.7585507053221647,cohens_d,episode_stimulus,
descriptive,skip_rate,Skip rate,human,Human,30s,,28,0.3907747888607143,0.0767849288062263,0.014510987575648176,,,,,,,,participant,
descriptive,skip_rate,Skip rate,human,Human,60s,,28,0.3226584662464286,0.08217560230103493,0.015529729108963254,,,,,,,,participant,
descriptive,skip_rate,Skip rate,human,Human,90s,,28,0.31304003764285715,0.0831746708315273,0.01571853531427708,,,,,,,,participant,
inferential,skip_rate,Skip rate,human,Human,,30s_vs_60s_vs_90s,84,,,,one_way_anova,2,81,7.709523066615607,0.0008610901478212338,0.1599170158966858,eta_squared,participant,
inferential,skip_rate,Skip rate,human,Human,,30s_vs_60s,56,,,,welch_t_test,,53.75329711978065,3.2048397658297336,0.0022748046162869603,0.8565294559459781,cohens_d,participant,
inferential,skip_rate,Skip rate,human,Human,,30s_vs_90s,56,,,,welch_t_test,,53.65860237613446,3.6337303518183193,0.0006259032604152595,0.9711552866018349,cohens_d,participant,
inferential,skip_rate,Skip rate,human,Human,,60s_vs_90s,56,,,,welch_t_test,,53.99211613177218,0.43529662020190346,0.6650823349061146,0.11633791531544163,cohens_d,participant,
descriptive,skip_rate,Skip rate,simulation,Simulation,30s,,9,0.39363747327833404,0.03494897850863027,0.011649659502876756,,,,,,,,episode_stimulus,
descriptive,skip_rate,Skip rate,simulation,Simulation,60s,,9,0.32832209694486025,0.02962125523636585,0.009873751745455283,,,,,,,,episode_stimulus,
descriptive,skip_rate,Skip rate,simulation,Simulation,90s,,9,0.3268998032356246,0.03561857816576995,0.011872859388589984,,,,,,,,episode_stimulus,
inferential,skip_rate,Skip rate,simulation,Simulation,,30s_vs_60s_vs_90s,27,,,,one_way_anova,2,24,11.655170393644772,0.000290443715574363,0.49271132694001135,eta_squared,episode_stimulus,
inferential,skip_rate,Skip rate,simulation,Simulation,,30s_vs_60s,18,,,,welch_t_test,,15.581407000076803,4.277066490973244,0.0006106010886021055,2.0162284795686216,cohens_d,episode_stimulus,
inferential,skip_rate,Skip rate,simulation,Simulation,,30s_vs_90s,18,,,,welch_t_test,,15.994240753029064,4.012200815725954,0.0010065437711284332,1.8913696028546798,cohens_d,episode_stimulus,
inferential,skip_rate,Skip rate,simulation,Simulation,,60s_vs_90s,18,,,,welch_t_test,,15.485293870740431,0.09210546027271053,0.9277952643051559,0.043418930362094516,cohens_d,episode_stimulus,
descriptive,skip_rate,Skip rate,full_memory,Sim with unlimited memory,30s,,9,0.3847390242329205,0.028053592366545508,0.00935119745551517,,,,,,,,episode_stimulus,
descriptive,skip_rate,Skip rate,full_memory,Sim with unlimited memory,60s,,9,0.3329993477318782,0.034833545792500274,0.011611181930833424,,,,,,,,episode_stimulus,
descriptive,skip_rate,Skip rate,full_memory,Sim with unlimited memory,90s,,9,0.3127706517644819,0.040902734103898115,0.013634244701299371,,,,,,,,episode_stimulus,
inferential,skip_rate,Skip rate,full_memory,Sim with unlimited memory,,30s_vs_60s_vs_90s,27,,,,one_way_anova,2,24,10.125563837483137,0.0006478027542515306,0.4576409402199882,eta_squared,episode_stimulus,
inferential,skip_rate,Skip rate,full_memory,Sim with unlimited memory,,30s_vs_60s,18,,,,welch_t_test,,15.304692822541162,3.4704733715710336,0.0033373657466522644,1.635996836643479,cohens_d,episode_stimulus,
inferential,skip_rate,Skip rate,full_memory,Sim with unlimited memory,,30s_vs_90s,18,,,,welch_t_test,,14.162778905373646,4.353033953331443,0.000645201375071947,2.052039884757299,cohens_d,episode_stimulus,
inferential,skip_rate,Skip rate,full_memory,Sim with unlimited memory,,60s_vs_90s,18,,,,welch_t_test,,15.60427201415564,1.129562234749941,0.2757262884772665,0.5324807439759428,cohens_d,episode_stimulus,
descriptive,skip_rate,Skip rate,sentence_reader_gamma_0dot2,Sim myopic sentence reader (γ=0.2),30s,,9,0.0,0.0,0.0,,,,,,,,episode_stimulus,
descriptive,skip_rate,Skip rate,sentence_reader_gamma_0dot2,Sim myopic sentence reader (γ=0.2),60s,,9,0.0,0.0,0.0,,,,,,,,episode_stimulus,
descriptive,skip_rate,Skip rate,sentence_reader_gamma_0dot2,Sim myopic sentence reader (γ=0.2),90s,,9,0.0,0.0,0.0,,,,,,,,episode_stimulus,
inferential,skip_rate,Skip rate,sentence_reader_gamma_0dot2,Sim myopic sentence reader (γ=0.2),,30s_vs_60s_vs_90s,27,,,,one_way_anova,2,24,nan,nan,nan,eta_squared,episode_stimulus,
inferential,skip_rate,Skip rate,sentence_reader_gamma_0dot2,Sim myopic sentence reader (γ=0.2),,30s_vs_60s,18,,,,welch_t_test,,1.0,nan,nan,nan,cohens_d,episode_stimulus,
inferential,skip_rate,Skip rate,sentence_reader_gamma_0dot2,Sim myopic sentence reader (γ=0.2),,30s_vs_90s,18,,,,welch_t_test,,1.0,nan,nan,nan,cohens_d,episode_stimulus,
inferential,skip_rate,Skip rate,sentence_reader_gamma_0dot2,Sim myopic sentence reader (γ=0.2),,60s_vs_90s,18,,,,welch_t_test,,1.0,nan,nan,nan,cohens_d,episode_stimulus,
descriptive,skip_rate,Skip rate,sentence_reader_gamma_0dot6,Sim myopic sentence reader (γ=0.6),30s,,9,0.0,0.0,0.0,,,,,,,,episode_stimulus,
descriptive,skip_rate,Skip rate,sentence_reader_gamma_0dot6,Sim myopic sentence reader (γ=0.6),60s,,9,0.0,0.0,0.0,,,,,,,,episode_stimulus,
descriptive,skip_rate,Skip rate,sentence_reader_gamma_0dot6,Sim myopic sentence reader (γ=0.6),90s,,9,0.0,0.0,0.0,,,,,,,,episode_stimulus,
inferential,skip_rate,Skip rate,sentence_reader_gamma_0dot6,Sim myopic sentence reader (γ=0.6),,30s_vs_60s_vs_90s,27,,,,one_way_anova,2,24,nan,nan,nan,eta_squared,episode_stimulus,
inferential,skip_rate,Skip rate,sentence_reader_gamma_0dot6,Sim myopic sentence reader (γ=0.6),,30s_vs_60s,18,,,,welch_t_test,,1.0,nan,nan,nan,cohens_d,episode_stimulus,
inferential,skip_rate,Skip rate,sentence_reader_gamma_0dot6,Sim myopic sentence reader (γ=0.6),,30s_vs_90s,18,,,,welch_t_test,,1.0,nan,nan,nan,cohens_d,episode_stimulus,
inferential,skip_rate,Skip rate,sentence_reader_gamma_0dot6,Sim myopic sentence reader (γ=0.6),,60s_vs_90s,18,,,,welch_t_test,,1.0,nan,nan,nan,cohens_d,episode_stimulus,
descriptive,skip_rate,Skip rate,text_reader_gamma_0dot2,Sim myopic text reader (γ=0.2),30s,,9,0.36609446516743926,0.2333887134047694,0.0777962378015898,,,,,,,,episode_stimulus,
descriptive,skip_rate,Skip rate,text_reader_gamma_0dot2,Sim myopic text reader (γ=0.2),60s,,9,0.30476168173492685,0.18073546288447323,0.06024515429482441,,,,,,,,episode_stimulus,
descriptive,skip_rate,Skip rate,text_reader_gamma_0dot2,Sim myopic text reader (γ=0.2),90s,,9,0.30476168173492685,0.18073546288447323,0.06024515429482441,,,,,,,,episode_stimulus,
inferential,skip_rate,Skip rate,text_reader_gamma_0dot2,Sim myopic text reader (γ=0.2),,30s_vs_60s_vs_90s,27,,,,one_way_anova,2,24,0.2825971343937075,0.7562971509782902,0.023007929943609354,eta_squared,episode_stimulus,
inferential,skip_rate,Skip rate,text_reader_gamma_0dot2,Sim myopic text reader (γ=0.2),,30s_vs_60s,18,,,,welch_t_test,,15.057108171104705,0.6233272573314564,0.5423969868850341,0.2938392870383233,cohens_d,episode_stimulus,
inferential,skip_rate,Skip rate,text_reader_gamma_0dot2,Sim myopic text reader (γ=0.2),,30s_vs_90s,18,,,,welch_t_test,,15.057108171104705,0.6233272573314564,0.5423969868850341,0.2938392870383233,cohens_d,episode_stimulus,
inferential,skip_rate,Skip rate,text_reader_gamma_0dot2,Sim myopic text reader (γ=0.2),,60s_vs_90s,18,,,,welch_t_test,,16.0,0.0,1.0,0.0,cohens_d,episode_stimulus,
descriptive,skip_rate,Skip rate,text_reader_gamma_0dot6,Sim myopic text reader (γ=0.6),30s,,9,0.34986921530613846,0.21749535384390978,0.07249845128130326,,,,,,,,episode_stimulus,
descriptive,skip_rate,Skip rate,text_reader_gamma_0dot6,Sim myopic text reader (γ=0.6),60s,,9,0.3054103863373437,0.1814300236198347,0.0604766745399449,,,,,,,,episode_stimulus,
descriptive,skip_rate,Skip rate,text_reader_gamma_0dot6,Sim myopic text reader (γ=0.6),90s,,9,0.30388483332437644,0.18026017271023273,0.06008672423674424,,,,,,,,episode_stimulus,
inferential,skip_rate,Skip rate,text_reader_gamma_0dot6,Sim myopic text reader (γ=0.6),,30s_vs_60s_vs_90s,27,,,,one_way_anova,2,24,0.16342707226518224,0.8501655160202014,0.013435939665213711,eta_squared,episode_stimulus,
inferential,skip_rate,Skip rate,text_reader_gamma_0dot6,Sim myopic text reader (γ=0.6),,30s_vs_60s,18,,,,welch_t_test,,15.501394695345198,0.47090685797996706,0.6442656710901997,0.22198762172325678,cohens_d,episode_stimulus,
inferential,skip_rate,Skip rate,text_reader_gamma_0dot6,Sim myopic text reader (γ=0.6),,30s_vs_90s,18,,,,welch_t_test,,15.46719607793914,0.48835508878986067,0.6321494598508688,0.23021279660684602,cohens_d,episode_stimulus,
inferential,skip_rate,Skip rate,text_reader_gamma_0dot6,Sim myopic text reader (γ=0.6),,60s_vs_90s,18,,,,welch_t_test,,15.999330515888625,0.017894705176536723,0.9859441133754225,0.008435644918442089,cohens_d,episode_stimulus,
descriptive,regression_rate,Regression rate,human,Human,30s,,28,0.3161848319035715,0.12070618058859926,0.022811323967563267,,,,,,,,participant,
descriptive,regression_rate,Regression rate,human,Human,60s,,28,0.4772694567178572,0.13994888609912706,0.02644785349134246,,,,,,,,participant,
descriptive,regression_rate,Regression rate,human,Human,90s,,28,0.5930452536428571,0.10577398726570536,0.01998940467748352,,,,,,,,participant,
inferential,regression_rate,Regression rate,human,Human,,30s_vs_60s_vs_90s,84,,,,one_way_anova,2,81,35.81648334847761,7.176046889399578e-12,0.46931516989497224,eta_squared,participant,
inferential,regression_rate,Regression rate,human,Human,,30s_vs_60s,56,,,,welch_t_test,,52.86009961855602,-4.612131524723717,2.567879851049284e-05,-1.2326439991611038,cohens_d,participant,
inferential,regression_rate,Regression rate,human,Human,,30s_vs_90s,56,,,,welch_t_test,,53.08493781891188,-9.128151177047679,1.8223267269855038e-12,-2.4396010199421205,cohens_d,participant,
inferential,regression_rate,Regression rate,human,Human,,60s_vs_90s,56,,,,welch_t_test,,50.257646775867705,-3.4922557414326016,0.0010079892301324755,-0.9333446065310715,cohens_d,participant,
descriptive,regression_rate,Regression rate,simulation,Simulation,30s,,9,0.32025870449214516,0.136309223475844,0.045436407825281334,,,,,,,,episode_stimulus,
descriptive,regression_rate,Regression rate,simulation,Simulation,60s,,9,0.41284812695311895,0.026914754036564917,0.008971584678854972,,,,,,,,episode_stimulus,
descriptive,regression_rate,Regression rate,simulation,Simulation,90s,,9,0.5660919973067965,0.029184471975103092,0.009728157325034363,,,,,,,,episode_stimulus,
inferential,regression_rate,Regression rate,simulation,Simulation,,30s_vs_60s_vs_90s,27,,,,one_way_anova,2,24,20.648946217273544,6.077779372410619e-06,0.6324536810425092,eta_squared,episode_stimulus,
inferential,regression_rate,Regression rate,simulation,Simulation,,30s_vs_60s,18,,,,welch_t_test,,8.622860332809639,-1.9991810745654557,0.07804034434177815,-0.9424229964300285,cohens_d,episode_stimulus,
inferential,regression_rate,Regression rate,simulation,Simulation,,30s_vs_90s,18,,,,welch_t_test,,8.731916455824242,-5.290587446929507,0.0005526147141824338,-2.4940068401228523,cohens_d,episode_stimulus,
inferential,regression_rate,Regression rate,simulation,Simulation,,60s_vs_90s,18,,,,welch_t_test,,15.896255706817787,-11.579967246687296,3.70115728210002e-09,-5.458848910700468,cohens_d,episode_stimulus,
descriptive,regression_rate,Regression rate,full_memory,Sim with unlimited memory,30s,,9,0.04903828900771367,0.062399637635655494,0.020799879211885166,,,,,,,,episode_stimulus,
descriptive,regression_rate,Regression rate,full_memory,Sim with unlimited memory,60s,,9,0.08308091090645425,0.04000537690852805,0.013335125636176016,,,,,,,,episode_stimulus,
descriptive,regression_rate,Regression rate,full_memory,Sim with unlimited memory,90s,,9,0.08280550319418671,0.040531430388946695,0.013510476796315564,,,,,,,,episode_stimulus,
inferential,regression_rate,Regression rate,full_memory,Sim with unlimited memory,,30s_vs_60s_vs_90s,27,,,,one_way_anova,2,24,1.4496970087591101,0.25446317592286083,0.10778659235334415,eta_squared,episode_stimulus,
inferential,regression_rate,Regression rate,full_memory,Sim with unlimited memory,,30s_vs_60s,18,,,,welch_t_test,,13.625984404403498,-1.3778254394898444,0.19046542586443804,-0.6495131410364028,cohens_d,episode_stimulus,
inferential,regression_rate,Regression rate,full_memory,Sim with unlimited memory,,30s_vs_90s,18,,,,welch_t_test,,13.730486307775811,-1.361439601448385,0.1952986519767813,-0.641788782906709,cohens_d,episode_stimulus,
inferential,regression_rate,Regression rate,full_memory,Sim with unlimited memory,,60s_vs_90s,18,,,,welch_t_test,,15.997270143669445,0.014508037747906957,0.9886040655779966,0.006839154582170277,cohens_d,episode_stimulus,
descriptive,regression_rate,Regression rate,sentence_reader_gamma_0dot2,Sim myopic sentence reader (γ=0.2),30s,,9,0.0,0.0,0.0,,,,,,,,episode_stimulus,
descriptive,regression_rate,Regression rate,sentence_reader_gamma_0dot2,Sim myopic sentence reader (γ=0.2),60s,,9,0.0,0.0,0.0,,,,,,,,episode_stimulus,
descriptive,regression_rate,Regression rate,sentence_reader_gamma_0dot2,Sim myopic sentence reader (γ=0.2),90s,,9,0.0,0.0,0.0,,,,,,,,episode_stimulus,
inferential,regression_rate,Regression rate,sentence_reader_gamma_0dot2,Sim myopic sentence reader (γ=0.2),,30s_vs_60s_vs_90s,27,,,,one_way_anova,2,24,nan,nan,nan,eta_squared,episode_stimulus,
inferential,regression_rate,Regression rate,sentence_reader_gamma_0dot2,Sim myopic sentence reader (γ=0.2),,30s_vs_60s,18,,,,welch_t_test,,1.0,nan,nan,nan,cohens_d,episode_stimulus,
inferential,regression_rate,Regression rate,sentence_reader_gamma_0dot2,Sim myopic sentence reader (γ=0.2),,30s_vs_90s,18,,,,welch_t_test,,1.0,nan,nan,nan,cohens_d,episode_stimulus,
inferential,regression_rate,Regression rate,sentence_reader_gamma_0dot2,Sim myopic sentence reader (γ=0.2),,60s_vs_90s,18,,,,welch_t_test,,1.0,nan,nan,nan,cohens_d,episode_stimulus,
descriptive,regression_rate,Regression rate,sentence_reader_gamma_0dot6,Sim myopic sentence reader (γ=0.6),30s,,9,0.0,0.0,0.0,,,,,,,,episode_stimulus,
descriptive,regression_rate,Regression rate,sentence_reader_gamma_0dot6,Sim myopic sentence reader (γ=0.6),60s,,9,0.0,0.0,0.0,,,,,,,,episode_stimulus,
descriptive,regression_rate,Regression rate,sentence_reader_gamma_0dot6,Sim myopic sentence reader (γ=0.6),90s,,9,0.0,0.0,0.0,,,,,,,,episode_stimulus,
inferential,regression_rate,Regression rate,sentence_reader_gamma_0dot6,Sim myopic sentence reader (γ=0.6),,30s_vs_60s_vs_90s,27,,,,one_way_anova,2,24,nan,nan,nan,eta_squared,episode_stimulus,
inferential,regression_rate,Regression rate,sentence_reader_gamma_0dot6,Sim myopic sentence reader (γ=0.6),,30s_vs_60s,18,,,,welch_t_test,,1.0,nan,nan,nan,cohens_d,episode_stimulus,
inferential,regression_rate,Regression rate,sentence_reader_gamma_0dot6,Sim myopic sentence reader (γ=0.6),,30s_vs_90s,18,,,,welch_t_test,,1.0,nan,nan,nan,cohens_d,episode_stimulus,
inferential,regression_rate,Regression rate,sentence_reader_gamma_0dot6,Sim myopic sentence reader (γ=0.6),,60s_vs_90s,18,,,,welch_t_test,,1.0,nan,nan,nan,cohens_d,episode_stimulus,
descriptive,regression_rate,Regression rate,text_reader_gamma_0dot2,Sim myopic text reader (γ=0.2),30s,,9,0.5120657664775312,0.10372151620127748,0.03457383873375916,,,,,,,,episode_stimulus,
descriptive,regression_rate,Regression rate,text_reader_gamma_0dot2,Sim myopic text reader (γ=0.2),60s,,9,0.513632967431987,0.10328521532802051,0.03442840510934017,,,,,,,,episode_stimulus,
descriptive,regression_rate,Regression rate,text_reader_gamma_0dot2,Sim myopic text reader (γ=0.2),90s,,9,0.513632967431987,0.10328521532802051,0.03442840510934017,,,,,,,,episode_stimulus,
inferential,regression_rate,Regression rate,text_reader_gamma_0dot2,Sim myopic text reader (γ=0.2),,30s_vs_60s_vs_90s,27,,,,one_way_anova,2,24,0.0006887639582903761,0.9993114929372822,5.7393702298065335e-05,eta_squared,episode_stimulus,
inferential,regression_rate,Regression rate,text_reader_gamma_0dot2,Sim myopic text reader (γ=0.2),,30s_vs_60s,18,,,,welch_t_test,,15.999715703425686,-0.03211999782214808,0.974773636009019,-0.0151415121811587,cohens_d,episode_stimulus,
inferential,regression_rate,Regression rate,text_reader_gamma_0dot2,Sim myopic text reader (γ=0.2),,30s_vs_90s,18,,,,welch_t_test,,15.999715703425686,-0.03211999782214808,0.974773636009019,-0.0151415121811587,cohens_d,episode_stimulus,
inferential,regression_rate,Regression rate,text_reader_gamma_0dot2,Sim myopic text reader (γ=0.2),,60s_vs_90s,18,,,,welch_t_test,,16.0,0.0,1.0,0.0,cohens_d,episode_stimulus,
descriptive,regression_rate,Regression rate,text_reader_gamma_0dot6,Sim myopic text reader (γ=0.6),30s,,9,0.5028370299031022,0.1333823266333294,0.04446077554444314,,,,,,,,episode_stimulus,
descriptive,regression_rate,Regression rate,text_reader_gamma_0dot6,Sim myopic text reader (γ=0.6),60s,,9,0.5262615682550322,0.14641083019477202,0.04880361006492401,,,,,,,,episode_stimulus,
descriptive,regression_rate,Regression rate,text_reader_gamma_0dot6,Sim myopic text reader (γ=0.6),90s,,9,0.5484837904772546,0.10985216078901314,0.03661738692967104,,,,,,,,episode_stimulus,
inferential,regression_rate,Regression rate,text_reader_gamma_0dot6,Sim myopic text reader (γ=0.6),,30s_vs_60s_vs_90s,27,,,,one_way_anova,2,24,0.27425436175992585,0.762488897656507,0.022343871462722587,eta_squared,episode_stimulus,
inferential,regression_rate,Regression rate,text_reader_gamma_0dot6,Sim myopic text reader (γ=0.6),,30s_vs_60s,18,,,,welch_t_test,,15.863013028487172,-0.354813290417347,0.7274026623843022,-0.1672605891394786,cohens_d,episode_stimulus,
inferential,regression_rate,Regression rate,text_reader_gamma_0dot6,Sim myopic text reader (γ=0.6),,30s_vs_90s,18,,,,welch_t_test,,15.432954420140858,-0.7924983575323568,0.44008330193595924,-0.37358730846022037,cohens_d,episode_stimulus,
inferential,regression_rate,Regression rate,text_reader_gamma_0dot6,Sim myopic text reader (γ=0.6),,60s_vs_90s,18,,,,welch_t_test,,14.839641308657018,-0.3642191858139106,0.7208318305394308,-0.17169457075150624,cohens_d,episode_stimulus,
descriptive,mcq_accuracy,MCQ accuracy,human,Human,30s,,32,0.5916666666666666,0.13520195964731105,0.0239005556240809,,,,,,,,participant_mean_across_trials,
descriptive,mcq_accuracy,MCQ accuracy,human,Human,60s,,32,0.7312500000000002,0.13807106891628165,0.02440774727909447,,,,,,,,participant_mean_across_trials,
descriptive,mcq_accuracy,MCQ accuracy,human,Human,90s,,32,0.825,0.11578004111740049,0.020467213050042794,,,,,,,,participant_mean_across_trials,
inferential,mcq_accuracy,MCQ accuracy,human,Human,,30s_vs_60s_vs_90s,96,,,,one_way_anova,2,93,26.07919131279245,1.0204659084177638e-09,0.3593205000094273,eta_squared,participant_mean_across_trials,
inferential,mcq_accuracy,MCQ accuracy,human,Human,,30s_vs_60s,64,,,,welch_t_test,,61.97268097639163,-4.086042198978088,0.00012826911658800482,-1.0215105497445223,cohens_d,participant_mean_across_trials,
inferential,mcq_accuracy,MCQ accuracy,human,Human,,30s_vs_90s,64,,,,welch_t_test,,60.5664739884393,-7.415283227184686,4.645476391845755e-10,-1.8538208067961714,cohens_d,participant_mean_across_trials,
inferential,mcq_accuracy,MCQ accuracy,human,Human,,60s_vs_90s,64,,,,welch_t_test,,60.1723740125924,-2.9431624233748344,0.004609670316666983,-0.7357906058437086,cohens_d,participant_mean_across_trials,
descriptive,mcq_accuracy,MCQ accuracy,simulation,Simulation,30s,,9,0.4888888888888888,0.24720661623652207,0.08240220541217402,,,,,,,,episode_stimulus,
descriptive,mcq_accuracy,MCQ accuracy,simulation,Simulation,60s,,9,0.7555555555555555,0.19436506316151,0.06478835438717,,,,,,,,episode_stimulus,
descriptive,mcq_accuracy,MCQ accuracy,simulation,Simulation,90s,,9,0.8,0.22360679774997896,0.07453559924999299,,,,,,,,episode_stimulus,
inferential,mcq_accuracy,MCQ accuracy,simulation,Simulation,,30s_vs_60s_vs_90s,27,,,,one_way_anova,2,24,5.134328358208956,0.01392418959919685,0.299651567944251,eta_squared,episode_stimulus,
inferential,mcq_accuracy,MCQ accuracy,simulation,Simulation,,30s_vs_60s,18,,,,welch_t_test,,15.15618273140397,-2.5439949120152647,0.02233135820621047,-1.1992507023933785,cohens_d,episode_stimulus,
inferential,mcq_accuracy,MCQ accuracy,simulation,Simulation,,30s_vs_90s,18,,,,welch_t_test,,15.841584158415841,-2.800000000000001,0.01293338598439447,-1.3199326582148891,cohens_d,episode_stimulus,
inferential,mcq_accuracy,MCQ accuracy,simulation,Simulation,,60s_vs_90s,18,,,,welch_t_test,,15.695693178245838,-0.4500351603704102,0.6588384978756725,-0.2121486091135283,cohens_d,episode_stimulus,
descriptive,mcq_accuracy,MCQ accuracy,full_memory,Sim with unlimited memory,30s,,27,0.6666666666666669,2.2627440604109067e-16,4.3546529746182126e-17,,,,,,,,summary_expanded_trial,summary_mean_repeated
descriptive,mcq_accuracy,MCQ accuracy,full_memory,Sim with unlimited memory,60s,,27,0.9333333333333333,0.0,0.0,,,,,,,,summary_expanded_trial,summary_mean_repeated
descriptive,mcq_accuracy,MCQ accuracy,full_memory,Sim with unlimited memory,90s,,27,0.9555555555555556,0.0,0.0,,,,,,,,summary_expanded_trial,summary_mean_repeated
inferential,mcq_accuracy,MCQ accuracy,full_memory,Sim with unlimited memory,,30s_vs_60s_vs_90s,81,,,,one_way_anova,2,78,inf,0.0,0.9999999999999986,eta_squared,summary_expanded_trial,summary_mean_repeated
inferential,mcq_accuracy,MCQ accuracy,full_memory,Sim with unlimited memory,,30s_vs_60s,54,,,,welch_t_test,,26.0,-6123717968365690.0,0.0,-1666664927912089.0,cohens_d,summary_expanded_trial,summary_mean_repeated
inferential,mcq_accuracy,MCQ accuracy,full_memory,Sim with unlimited memory,,30s_vs_90s,54,,,,welch_t_test,,26.0,-6634027799062832.0,0.0,-1805553671904763.2,cohens_d,summary_expanded_trial,summary_mean_repeated
inferential,mcq_accuracy,MCQ accuracy,full_memory,Sim with unlimited memory,,60s_vs_90s,54,,,,welch_t_test,,1.0,-inf,0.0,nan,cohens_d,summary_expanded_trial,summary_mean_repeated
descriptive,mcq_accuracy,MCQ accuracy,sentence_reader_gamma_0dot2,Sim myopic sentence reader (γ=0.2),30s,,27,0.0,0.0,0.0,,,,,,,,summary_expanded_trial,summary_mean_repeated
descriptive,mcq_accuracy,MCQ accuracy,sentence_reader_gamma_0dot2,Sim myopic sentence reader (γ=0.2),60s,,27,0.0,0.0,0.0,,,,,,,,summary_expanded_trial,summary_mean_repeated
descriptive,mcq_accuracy,MCQ accuracy,sentence_reader_gamma_0dot2,Sim myopic sentence reader (γ=0.2),90s,,27,0.0,0.0,0.0,,,,,,,,summary_expanded_trial,summary_mean_repeated
inferential,mcq_accuracy,MCQ accuracy,sentence_reader_gamma_0dot2,Sim myopic sentence reader (γ=0.2),,30s_vs_60s_vs_90s,81,,,,one_way_anova,2,78,nan,nan,nan,eta_squared,summary_expanded_trial,summary_mean_repeated
inferential,mcq_accuracy,MCQ accuracy,sentence_reader_gamma_0dot2,Sim myopic sentence reader (γ=0.2),,30s_vs_60s,54,,,,welch_t_test,,1.0,nan,nan,nan,cohens_d,summary_expanded_trial,summary_mean_repeated
inferential,mcq_accuracy,MCQ accuracy,sentence_reader_gamma_0dot2,Sim myopic sentence reader (γ=0.2),,30s_vs_90s,54,,,,welch_t_test,,1.0,nan,nan,nan,cohens_d,summary_expanded_trial,summary_mean_repeated
inferential,mcq_accuracy,MCQ accuracy,sentence_reader_gamma_0dot2,Sim myopic sentence reader (γ=0.2),,60s_vs_90s,54,,,,welch_t_test,,1.0,nan,nan,nan,cohens_d,summary_expanded_trial,summary_mean_repeated
descriptive,mcq_accuracy,MCQ accuracy,sentence_reader_gamma_0dot6,Sim myopic sentence reader (γ=0.6),30s,,27,0.0,0.0,0.0,,,,,,,,summary_expanded_trial,summary_mean_repeated
descriptive,mcq_accuracy,MCQ accuracy,sentence_reader_gamma_0dot6,Sim myopic sentence reader (γ=0.6),60s,,27,0.0,0.0,0.0,,,,,,,,summary_expanded_trial,summary_mean_repeated
descriptive,mcq_accuracy,MCQ accuracy,sentence_reader_gamma_0dot6,Sim myopic sentence reader (γ=0.6),90s,,27,0.0,0.0,0.0,,,,,,,,summary_expanded_trial,summary_mean_repeated
inferential,mcq_accuracy,MCQ accuracy,sentence_reader_gamma_0dot6,Sim myopic sentence reader (γ=0.6),,30s_vs_60s_vs_90s,81,,,,one_way_anova,2,78,nan,nan,nan,eta_squared,summary_expanded_trial,summary_mean_repeated
inferential,mcq_accuracy,MCQ accuracy,sentence_reader_gamma_0dot6,Sim myopic sentence reader (γ=0.6),,30s_vs_60s,54,,,,welch_t_test,,1.0,nan,nan,nan,cohens_d,summary_expanded_trial,summary_mean_repeated
inferential,mcq_accuracy,MCQ accuracy,sentence_reader_gamma_0dot6,Sim myopic sentence reader (γ=0.6),,30s_vs_90s,54,,,,welch_t_test,,1.0,nan,nan,nan,cohens_d,summary_expanded_trial,summary_mean_repeated
inferential,mcq_accuracy,MCQ accuracy,sentence_reader_gamma_0dot6,Sim myopic sentence reader (γ=0.6),,60s_vs_90s,54,,,,welch_t_test,,1.0,nan,nan,nan,cohens_d,summary_expanded_trial,summary_mean_repeated
descriptive,mcq_accuracy,MCQ accuracy,text_reader_gamma_0dot2,Sim myopic text reader (γ=0.2),30s,,27,0.06666666666666667,0.0,0.0,,,,,,,,summary_expanded_trial,summary_mean_repeated
descriptive,mcq_accuracy,MCQ accuracy,text_reader_gamma_0dot2,Sim myopic text reader (γ=0.2),60s,,27,0.022222222222222227,3.535537594392042e-18,6.804145272840957e-19,,,,,,,,summary_expanded_trial,summary_mean_repeated
descriptive,mcq_accuracy,MCQ accuracy,text_reader_gamma_0dot2,Sim myopic text reader (γ=0.2),90s,,27,0.04444444444444445,7.071075188784084e-18,1.3608290545681915e-18,,,,,,,,summary_expanded_trial,summary_mean_repeated
inferential,mcq_accuracy,MCQ accuracy,text_reader_gamma_0dot2,Sim myopic text reader (γ=0.2),,30s_vs_60s_vs_90s,81,,,,one_way_anova,2,78,inf,0.0,0.9999999999999998,eta_squared,summary_expanded_trial,summary_mean_repeated
inferential,mcq_accuracy,MCQ accuracy,text_reader_gamma_0dot2,Sim myopic text reader (γ=0.2),,30s_vs_60s,54,,,,welch_t_test,,26.0,6.531965832923406e+16,0.0,1.7777759231062292e+16,cohens_d,summary_expanded_trial,summary_mean_repeated
inferential,mcq_accuracy,MCQ accuracy,text_reader_gamma_0dot2,Sim myopic text reader (γ=0.2),,30s_vs_90s,54,,,,welch_t_test,,26.0,1.632991458230851e+16,0.0,4444439807765571.5,cohens_d,summary_expanded_trial,summary_mean_repeated
inferential,mcq_accuracy,MCQ accuracy,text_reader_gamma_0dot2,Sim myopic text reader (γ=0.2),,60s_vs_90s,54,,,,welch_t_test,,38.23529411764706,-1.4605919629122776e+16,0.0,-3975227812827968.5,cohens_d,summary_expanded_trial,summary_mean_repeated
descriptive,mcq_accuracy,MCQ accuracy,text_reader_gamma_0dot6,Sim myopic text reader (γ=0.6),30s,,27,0.06666666666666667,0.0,0.0,,,,,,,,summary_expanded_trial,summary_mean_repeated
descriptive,mcq_accuracy,MCQ accuracy,text_reader_gamma_0dot6,Sim myopic text reader (γ=0.6),60s,,27,0.06666666666666667,0.0,0.0,,,,,,,,summary_expanded_trial,summary_mean_repeated
descriptive,mcq_accuracy,MCQ accuracy,text_reader_gamma_0dot6,Sim myopic text reader (γ=0.6),90s,,27,0.06666666666666667,0.0,0.0,,,,,,,,summary_expanded_trial,summary_mean_repeated
inferential,mcq_accuracy,MCQ accuracy,text_reader_gamma_0dot6,Sim myopic text reader (γ=0.6),,30s_vs_60s_vs_90s,81,,,,one_way_anova,2,78,nan,nan,nan,eta_squared,summary_expanded_trial,summary_mean_repeated
inferential,mcq_accuracy,MCQ accuracy,text_reader_gamma_0dot6,Sim myopic text reader (γ=0.6),,30s_vs_60s,54,,,,welch_t_test,,1.0,nan,nan,nan,cohens_d,summary_expanded_trial,summary_mean_repeated
inferential,mcq_accuracy,MCQ accuracy,text_reader_gamma_0dot6,Sim myopic text reader (γ=0.6),,30s_vs_90s,54,,,,welch_t_test,,1.0,nan,nan,nan,cohens_d,summary_expanded_trial,summary_mean_repeated
inferential,mcq_accuracy,MCQ accuracy,text_reader_gamma_0dot6,Sim myopic text reader (γ=0.6),,60s_vs_90s,54,,,,welch_t_test,,1.0,nan,nan,nan,cohens_d,summary_expanded_trial,summary_mean_repeated
descriptive,free_recall_score,Free recall,human,Human,30s,,32,0.6416666666666666,0.07851671511195134,0.013879925423038265,,,,,,,,participant_mean_across_trials,
descriptive,free_recall_score,Free recall,human,Human,60s,,32,0.703125,0.0694883373830319,0.01228391864423013,,,,,,,,participant_mean_across_trials,
descriptive,free_recall_score,Free recall,human,Human,90s,,32,0.7302083333333333,0.07251714665608258,0.01281934153820384,,,,,,,,participant_mean_across_trials,
inferential,free_recall_score,Free recall,human,Human,,30s_vs_60s_vs_90s,96,,,,one_way_anova,2,93,12.15858028945554,2.0377239393162332e-05,0.20727709790209814,eta_squared,participant_mean_across_trials,
inferential,free_recall_score,Free recall,human,Human,,30s_vs_60s,64,,,,welch_t_test,,61.097343309013894,-3.315795261624998,0.0015412183095599382,-0.8289488154062495,cohens_d,participant_mean_across_trials,
inferential,free_recall_score,Free recall,human,Human,,30s_vs_90s,64,,,,welch_t_test,,61.61234126705787,-4.686201694569759,1.5829022225845164e-05,-1.1715504236424397,cohens_d,participant_mean_across_trials,
inferential,free_recall_score,Free recall,human,Human,,60s_vs_90s,64,,,,welch_t_test,,61.887487334394585,-1.5254157408139253,0.1322499769559178,-0.3813539352034813,cohens_d,participant_mean_across_trials,
descriptive,free_recall_score,Free recall,simulation,Simulation,30s,,9,0.535790921913253,0.19382562522944702,0.064608541743149,,,,,,,,episode_stimulus,
descriptive,free_recall_score,Free recall,simulation,Simulation,60s,,9,0.6717904806137085,0.13607343184882817,0.045357810616276056,,,,,,,,episode_stimulus,
descriptive,free_recall_score,Free recall,simulation,Simulation,90s,,9,0.6763229933049943,0.10529535739184515,0.03509845246394838,,,,,,,,episode_stimulus,
inferential,free_recall_score,Free recall,simulation,Simulation,,30s_vs_60s_vs_90s,27,,,,one_way_anova,2,24,2.5635229554953725,0.09794395033357793,0.17602354617967325,eta_squared,episode_stimulus,
inferential,free_recall_score,Free recall,simulation,Simulation,,30s_vs_60s,18,,,,welch_t_test,,14.344595914156194,-1.7228120520995713,0.10640251640259975,-0.8121413898330123,cohens_d,episode_stimulus,
inferential,free_recall_score,Free recall,simulation,Simulation,,30s_vs_90s,18,,,,welch_t_test,,12.3435880724691,-1.911308530392415,0.07946046629288687,-0.9009994818534474,cohens_d,episode_stimulus,
inferential,free_recall_score,Free recall,simulation,Simulation,,60s_vs_90s,18,,,,welch_t_test,,15.052088577735407,-0.07902995822866589,0.9380498934773844,-0.037255079586919496,cohens_d,episode_stimulus,
descriptive,free_recall_score,Free recall,full_memory,Sim with unlimited memory,30s,,27,0.8650520642598468,2.2627440604109067e-16,4.3546529746182126e-17,,,,,,,,summary_expanded_trial,summary_mean_repeated
descriptive,free_recall_score,Free recall,full_memory,Sim with unlimited memory,60s,,27,0.8923809727032977,2.2627440604109067e-16,4.3546529746182126e-17,,,,,,,,summary_expanded_trial,summary_mean_repeated
descriptive,free_recall_score,Free recall,full_memory,Sim with unlimited memory,90s,,27,0.8651250468360054,1.1313720302054534e-16,2.1773264873091063e-17,,,,,,,,summary_expanded_trial,summary_mean_repeated
inferential,free_recall_score,Free recall,full_memory,Sim with unlimited memory,,30s_vs_60s_vs_90s,81,,,,one_way_anova,2,78,inf,0.0,0.9999999999999877,eta_squared,summary_expanded_trial,summary_mean_repeated
inferential,free_recall_score,Free recall,full_memory,Sim with unlimited memory,,30s_vs_60s,54,,,,welch_t_test,,52.0,-443765705222117.94,0.0,-120777727015613.47,cohens_d,summary_expanded_trial,summary_mean_repeated
inferential,free_recall_score,Free recall,full_memory,Sim with unlimited memory,,30s_vs_90s,54,,,,welch_t_test,,38.23529411764706,-1499031058639.41,0.0,-407984578027.8492,cohens_d,summary_expanded_trial,summary_mean_repeated
inferential,free_recall_score,Free recall,full_memory,Sim with unlimited memory,,60s_vs_90s,54,,,,welch_t_test,,38.23529411764706,559825119330468.56,0.0,152365098616927.9,cohens_d,summary_expanded_trial,summary_mean_repeated
descriptive,free_recall_score,Free recall,sentence_reader_gamma_0dot2,Sim myopic sentence reader (γ=0.2),30s,,27,0.0,0.0,0.0,,,,,,,,summary_expanded_trial,summary_mean_repeated
descriptive,free_recall_score,Free recall,sentence_reader_gamma_0dot2,Sim myopic sentence reader (γ=0.2),60s,,27,0.0,0.0,0.0,,,,,,,,summary_expanded_trial,summary_mean_repeated
descriptive,free_recall_score,Free recall,sentence_reader_gamma_0dot2,Sim myopic sentence reader (γ=0.2),90s,,27,0.0,0.0,0.0,,,,,,,,summary_expanded_trial,summary_mean_repeated
inferential,free_recall_score,Free recall,sentence_reader_gamma_0dot2,Sim myopic sentence reader (γ=0.2),,30s_vs_60s_vs_90s,81,,,,one_way_anova,2,78,nan,nan,nan,eta_squared,summary_expanded_trial,summary_mean_repeated
inferential,free_recall_score,Free recall,sentence_reader_gamma_0dot2,Sim myopic sentence reader (γ=0.2),,30s_vs_60s,54,,,,welch_t_test,,1.0,nan,nan,nan,cohens_d,summary_expanded_trial,summary_mean_repeated
inferential,free_recall_score,Free recall,sentence_reader_gamma_0dot2,Sim myopic sentence reader (γ=0.2),,30s_vs_90s,54,,,,welch_t_test,,1.0,nan,nan,nan,cohens_d,summary_expanded_trial,summary_mean_repeated
inferential,free_recall_score,Free recall,sentence_reader_gamma_0dot2,Sim myopic sentence reader (γ=0.2),,60s_vs_90s,54,,,,welch_t_test,,1.0,nan,nan,nan,cohens_d,summary_expanded_trial,summary_mean_repeated
descriptive,free_recall_score,Free recall,sentence_reader_gamma_0dot6,Sim myopic sentence reader (γ=0.6),30s,,27,0.0,0.0,0.0,,,,,,,,summary_expanded_trial,summary_mean_repeated
descriptive,free_recall_score,Free recall,sentence_reader_gamma_0dot6,Sim myopic sentence reader (γ=0.6),60s,,27,0.0,0.0,0.0,,,,,,,,summary_expanded_trial,summary_mean_repeated
descriptive,free_recall_score,Free recall,sentence_reader_gamma_0dot6,Sim myopic sentence reader (γ=0.6),90s,,27,0.0,0.0,0.0,,,,,,,,summary_expanded_trial,summary_mean_repeated
inferential,free_recall_score,Free recall,sentence_reader_gamma_0dot6,Sim myopic sentence reader (γ=0.6),,30s_vs_60s_vs_90s,81,,,,one_way_anova,2,78,nan,nan,nan,eta_squared,summary_expanded_trial,summary_mean_repeated
inferential,free_recall_score,Free recall,sentence_reader_gamma_0dot6,Sim myopic sentence reader (γ=0.6),,30s_vs_60s,54,,,,welch_t_test,,1.0,nan,nan,nan,cohens_d,summary_expanded_trial,summary_mean_repeated
inferential,free_recall_score,Free recall,sentence_reader_gamma_0dot6,Sim myopic sentence reader (γ=0.6),,30s_vs_90s,54,,,,welch_t_test,,1.0,nan,nan,nan,cohens_d,summary_expanded_trial,summary_mean_repeated
inferential,free_recall_score,Free recall,sentence_reader_gamma_0dot6,Sim myopic sentence reader (γ=0.6),,60s_vs_90s,54,,,,welch_t_test,,1.0,nan,nan,nan,cohens_d,summary_expanded_trial,summary_mean_repeated
descriptive,free_recall_score,Free recall,text_reader_gamma_0dot2,Sim myopic text reader (γ=0.2),30s,,27,0.39485528402858316,5.656860151027267e-17,1.0886632436545532e-17,,,,,,,,summary_expanded_trial,summary_mean_repeated
descriptive,free_recall_score,Free recall,text_reader_gamma_0dot2,Sim myopic text reader (γ=0.2),60s,,27,0.3635035223431057,5.656860151027267e-17,1.0886632436545532e-17,,,,,,,,summary_expanded_trial,summary_mean_repeated
descriptive,free_recall_score,Free recall,text_reader_gamma_0dot2,Sim myopic text reader (γ=0.2),90s,,27,0.3900185724099478,1.1313720302054534e-16,2.1773264873091063e-17,,,,,,,,summary_expanded_trial,summary_mean_repeated
inferential,free_recall_score,Free recall,text_reader_gamma_0dot2,Sim myopic text reader (γ=0.2),,30s_vs_60s_vs_90s,81,,,,one_way_anova,2,78,inf,0.0,1.0000000000000089,eta_squared,summary_expanded_trial,summary_mean_repeated
inferential,free_recall_score,Free recall,text_reader_gamma_0dot2,Sim myopic text reader (γ=0.2),,30s_vs_60s,54,,,,welch_t_test,,52.0,2036354531041762.2,0.0,554225504050760.56,cohens_d,summary_expanded_trial,summary_mean_repeated
inferential,free_recall_score,Free recall,text_reader_gamma_0dot2,Sim myopic text reader (γ=0.2),,30s_vs_90s,54,,,,welch_t_test,,38.23529411764706,198687997043528.53,0.0,54076023419139.72,cohens_d,summary_expanded_trial,summary_mean_repeated
inferential,free_recall_score,Free recall,text_reader_gamma_0dot2,Sim myopic text reader (γ=0.2),,60s_vs_90s,54,,,,welch_t_test,,38.23529411764706,-1089215691295675.9,0.0,-296446962611916.25,cohens_d,summary_expanded_trial,summary_mean_repeated
descriptive,free_recall_score,Free recall,text_reader_gamma_0dot6,Sim myopic text reader (γ=0.6),30s,,27,0.3532601272066435,1.1313720302054534e-16,2.1773264873091063e-17,,,,,,,,summary_expanded_trial,summary_mean_repeated
descriptive,free_recall_score,Free recall,text_reader_gamma_0dot6,Sim myopic text reader (γ=0.6),60s,,27,0.38116514682769775,0.0,0.0,,,,,,,,summary_expanded_trial,summary_mean_repeated
descriptive,free_recall_score,Free recall,text_reader_gamma_0dot6,Sim myopic text reader (γ=0.6),90s,,27,0.38948453466097505,1.1313720302054534e-16,2.1773264873091063e-17,,,,,,,,summary_expanded_trial,summary_mean_repeated
inferential,free_recall_score,Free recall,text_reader_gamma_0dot6,Sim myopic text reader (γ=0.6),,30s_vs_60s_vs_90s,81,,,,one_way_anova,2,78,inf,0.0,0.9999999999999889,eta_squared,summary_expanded_trial,summary_mean_repeated
inferential,free_recall_score,Free recall,text_reader_gamma_0dot6,Sim myopic text reader (γ=0.6),,30s_vs_60s,54,,,,welch_t_test,,26.0,-1281618525457853.2,0.0,-348812381363323.7,cohens_d,summary_expanded_trial,summary_mean_repeated
inferential,free_recall_score,Free recall,text_reader_gamma_0dot6,Sim myopic text reader (γ=0.6),,30s_vs_90s,54,,,,welch_t_test,,52.0,-1176420913662727.0,0.0,-320181217912496.06,cohens_d,summary_expanded_trial,summary_mean_repeated
inferential,free_recall_score,Free recall,text_reader_gamma_0dot6,Sim myopic text reader (γ=0.6),,60s_vs_90s,54,,,,welch_t_test,,26.0,-382091885703323.2,0.0,-103992239425663.62,cohens_d,summary_expanded_trial,summary_mean_repeated
