index,sentence,ambiguity,ambiguity_zscore,ambiguity_norm
0,with his interest in race cars he formed a second company the henry ford company,5.404548798288618,0.547708452525052,0.6240466301437684
1,during this period he personally drove his quadricycle to victory in a race against alexander winton a wellknown driver and the heavy favorite on october 10 1901,5.344538353956663,0.4491786215902257,0.6070711261919279
2,ford was forced out of the company by the investors including henry m leland in 1902 and the company was reorganized as cadillac,5.2062031193213025,0.22204903718730212,0.567939432561376
3,in 1891 ford became an engineer with the edison illuminating company and after his promotion to chief engineer in 1893 he had enough time and money to devote attention to his personal experiments on internal combustion engines,4.3906663490666284,-1.1169628796356479,0.3372437958193959
4,these experiments culminated in 1896 with the completion of his own selfpropelled vehicle named the quadricycle which he testdrove on june 4 of that year,4.225447618712981,-1.3882318853934215,0.2905074111573854
5,ford was born on a prosperous farm in springwells township now in the city of dearborn michigan owned by his parents william ford 18261905 and mary litogot c18391876 immigrants from county cork ireland,4.78766193240881,-0.46514454794318716,0.4495442489973419
6,in the years between the wars henry ford supported adolf hitlers nazi regime,6.2065796454747515,1.8645452908033253,0.8509217677547135
7,there is also some evidence that henry ford gave adolf hitler direct financial backing when hitler was first starting out in politics,5.371099233627319,0.49278834673996097,0.6145845569427397
8,this can in part be traced to statements from kurt ludecke germanys representative to the us in the 1920s and winifred wagner daughterinlaw of richard wagner who said they requested funds from ford to aid the national socialist movement in germany,5.267626786231995,0.32289920724486654,0.5853147030161521
9,although ford is often credited with the idea contemporary sources indicate that the concept and its development came from employees clarence avery peter e martin charles e sorensen and ch,6.0737661945408785,1.6464818018213374,0.8133520532444511
11,edsels widow eleanor who had inherited edsels voting stock wanted her son henry ford ii to take over the position,5.403754673506084,0.5464045964807379,0.6238219914407189
12,in 1879 he left home for the nearby city of detroit to work as an apprentice machinist first with james f flower bros and later with the detroit dry dock co,4.802860819300016,-0.44018982926947936,0.4538436466664884
13,alexander rae baldwin iii born april 3 1958 in massapequa long island new york usa is an american actor who is the oldest and best known of the baldwin brothers with brothers daniel stephen and william,6.288288164138794,1.9987007135722301,0.874035132385175
14,he is of three quarters irish and one quarter french descent,5.539786911010742,0.7697529404603057,0.6623022228578423
15,baldwin has appeared in movies such as the cooler the hunt for red october beetlejuice ghosts of mississippi talk radio final fantasy the spirits within voice the cat in the hat pearl harbor thomas and the magic railroad along came polly the spongebob squarepants movie and the aviator,6.178533144136693,1.8184963560567975,0.8429880905490275
16,when baldwin was young he had a job as a busboy at famous new york city disco studio 54,5.408676584561666,0.5544857741754092,0.6252142810913747
17,he was married to actress kim basinger from 1993 to 2002,5.274528527259827,0.33423102430102086,0.5872670387036609
18,baldwin a liberal democrat has always had an active interest in politics and is frequently rumored to be a candidate for public office,4.101659508422017,-1.5914768657378802,0.2554907473278163
19,in particular baldwin is one of the most frequent hosts of saturday night live leading the show eleven times and also making cameo appearances regularly,4.560597529013951,-0.8379566063584849,0.38531321854821
20,he played william barrett travis in a movie about the alamo called thirteen days of glory,5.614179023106893,0.8918957159273996,0.6833459529440322
21,in 1998 he began narrating the american version of the childrens series thomas the tank engine and friends,5.588715553283691,0.850087803911021,0.6761429529092339
22,he is infamous for his 1994 appearance on saturday night live as he potrays mr armstrong a scoutmaster who is a pedophile he rips his shirt and puts his mouth around adam sandlers neck,4.978433507861513,-0.15192088686597047,0.5035089157990468
23,rosemary clooney may 23 1928 – june 29 2002 was an american popular singer and actress,5.6693446159362795,0.982470891555696,0.6989509655298534
24,in 1954 she along with bing crosby danny kaye and veraellen starred in the movie white christmas,5.564954895526171,0.8110757016376478,0.6694216372424151
25,clooneys first recordings in may of 1946 were for columbia records as a singer with the big band of tony pastor,5.95328665971756,1.4486690988927726,0.7792713054300227
26,rosemary clooney was married three times twice to josé ferrer from 1953 until 1961 and then again from 1964 to 1967 by whom she had five children including actor miguel ferrer born in 1955 and gabriel ferrer born 1956 who married debby boone and once to dante depaolo whom she married in 1997,4.245244802190707,-1.3557273245163841,0.2961075557672545
27,rosemary betty and brother nick as well as her nephew george clooney nicks son all became entertainers,5.557033516466618,0.7980697632847993,0.6671808706054337
28,in 1945 the clooney sisters won a spot on cincinnatis radio station wlw as singers,5.276172067437853,0.3369295168330834,0.5877319564875181
29,she was born in maysville kentucky about 60 miles up the ohio river from cincinnati ohio to andrew joseph clooney and frances marie guilfoyle both of whom were of irish descent rosemarys paternal greatgrandparents nicholas clooney and bridget byron were born in ireland although clooneys paternal grandmother crescentia koch was german,5.229952356815338,0.26104238878080716,0.5746575177117391
30,in 1958 clooney left columbia doing a number of recordings for mgm records and then some for coral records,6.0621316697862415,1.6273793310790732,0.8100609274554531
31,finally toward the end of 1958 she signed with rca victor records where she stayed until 1963 except for doing some recordings in 1960 for reprise records,4.346806278595557,-1.1889757663324902,0.3248368421982708
32,in 1964 she went to reprise again shifting the next year to dot records,4.889915402118977,-0.2972568211449811,0.4784692836055267
33,in 1966 she went to united artists records,4.917795930589948,-0.2514803936047558,0.4863560110995
34,in 1986 she sang a duet with wild man fischer on its a hard business,5.467191185270037,0.6505596123080281,0.6417666470440527
35,michael mcmanus born february 5 1959 is a syndicated columnist who write ethics religion,4.732930568548349,-0.5550067725615127,0.434062069289365
36,on january 28 2005 it was revealed that he accepted money from the george w bush administration to promote their marriage initiative program which he did not disclose to his readers,5.1505376895268755,0.13065319022072952,0.55219302818168
37,timothy bush sr c 1728 c 1815 soldier,5.420817715781076,0.5744200309489262,0.6286487136020695
38,he is assumed to be the son of richard bush and mary fairbanks both of dedham massachusetts,5.018595973029733,-0.08597901712974815,0.5148699062694295
39,by training he was a blacksmith but when the american revolution broke out militia captain bush led a company of soldiers for the continental army,5.049341181914012,-0.035499133717005395,0.5235669825988133
40,the family moved around 1810 to springport in cayuga county in the rochester new york area,4.561873165766398,-0.8358621663830436,0.3856740653470187
41,he died in springport new york in 1815,5.081555536815098,0.017392908283562863,0.5326796448198158
42,through his son timothy bush jr who was also a blacksmith descended two american presidents george h w bush and george w bush,5.650287148627368,0.9511808544147247,0.6935600687415382
43,bush was a soldier in the french and indian wars and a captain in the american revolution and is the greatgreatgreatgreatgreat grandfather of president george w bush,4.632447494910314,-0.7199877249204254,0.40563783693074434
44,they had five children after which they relocated to norwich vermont where bush was a captain of a militia company,4.6159627186624625,-0.7470537170952962,0.4009746922489178
45,anne hutchinson july 17 1591 – august 20 1643 was the unauthorized puritan preacher of a dissident church discussion group and pioneer in rhode island and the bronx,5.518315377058806,0.7344993003023853,0.6562284449761632
46,eventually john winthrop decided to take hutchinson out of power before her influence became too strong among the communitys men,4.56818751912368,-0.8254947682462421,0.38746024326259826
48,they founded the town of portsmouth rhode island,5.378644909177508,0.5051774257498833,0.6167190461395364
50,they were part of the puritan movement especially following the teachings of john cotton,4.594474570109294,-0.7823346364021835,0.3948962144982071
51,three us presidents franklin d roosevelt and both bushes – george h w bush and george w bush are her descendants,6.591528511047363,2.496584381092582,0.9598144957044837
52,another descendant eve laplante is the author of the most recent biography of anne hutchinson american jezebel the uncommon life of anne hutchinson the woman who defied the puritans,5.442831869636263,0.6105645868120114,0.634875985536568
53,hutchinson was born anne marbury on july 17 1591 in alford lincolnshire england,4.33397501707077,-1.2100431329016228,0.32120718850805247
54,hutchinson emigrated from england to massachusetts in 1634 in response to the preacher john cottons doing so,4.078874480677769,-1.6288871025137925,0.24904541380594253
55,she later moved yet further from her bostonbased persecutors to what is now the bronx in northern new york city,4.76885491923282,-0.4960233699423873,0.4442241996285134
56,erin fleming august 13 1941 april 15 2003 was a minor actress who was best known as the companion and caregiver to groucho marx in his final years,5.441330471524486,0.6080994742175937,0.6344512763069748
57,fleming was born marilyn fleming in canada,5.664268970489502,0.974137300739575,0.69751518813645
59,hodgkin and huxley shared the prize that year with john carew eccles who was cited for research on synapses,5.313247084617615,0.39780217350632374,0.5982195825608758
61,albert einstein march 14 1879 – april 18 1955 was a germanborn jewish theoretical physicist of german swiss and american citizenship who is widely regarded as the greatest scientist of the 20th century or even of all time ranking alongside the luminaries newton and gauss,4.4868151396512985,-0.9590982914567684,0.36444196428330844
62,he was awarded the 1921 nobel prize for physics for his explanation of the photoelectric effect in 1905 his miracle year and for his services to theoretical physics,4.413874621744509,-1.0788577262961434,0.3438088551010678
63,einstein attended the luitpold gymnasium where he received a relatively progressive education,5.125268307599154,0.0891639468584677,0.5450449309204474
64,in the spring of 1896 the serbian mileva marić an acquaintance of nikola tesla started initially as a medical student at the university of zurich but after a term switched to the same section as einstein as the only woman that year to study for the same diploma,4.843936093310092,-0.3727492387378169,0.4654628486911215
65,einstein married mileva marić on january 6 1903,4.7749709231512885,-0.48598163739413197,0.4459542692829411
66,abram joffe a soviet physicist who knew einstein in an obituary of einstein wrote the author of the papers of 1905 was a bureaucrat at the patent office in bern einsteinmarić and this has recently been taken as evidence of a collaborative relationship,4.98889532543364,-0.13474385829823088,0.5064683110762539
67,he and mileva had an illegitimate daughter lieserl born in january 1902,5.7186032642017715,1.0633475845998204,0.7128850462986558
68,in 1894 following the failure of hermanns electrochemical business the einsteins moved from munich to pavia italy near milan,4.99528263674842,-0.12425667209290883,0.5082751270342544
69,despite excelling in the mathematics and science portion his failure of the liberal arts portion of the eidgenössische technische hochschule eth swiss federal institute of technology in zurich entrance exam the following year was a setback his family sent him to aarau switzerland to finish secondary school where he received his diploma in september 1896,4.697916970208839,-0.6124948309022987,0.4241575687712107
70,alberts sister maja was to later marry their son paul and his friend michele besso married their other daughter anna,5.0191662311553955,-0.08504272283404256,0.5150312185072162
71,the same year he renounced his württemberg citizenship and became stateless,5.142841553688049,0.11801707376645997,0.5500159774065979
72,on may 14 1904 the couples first son hans albert einstein was born,5.5837443470954895,0.8419256896204445,0.6747367188572674
73,einstein was born at ulm in badenwürttemberg germany about 100 km east of stuttgart,4.03109313089114,-1.7073382516216398,0.23552922506318927
74,the family was jewish nonobservant albert attended a catholic elementary school and at the insistence of his mother was given violin lessons,4.370028309878849,-1.1508480230408504,0.33140579345679994
76,in 1983 miguel was given a small part as a waiter in the movie the man who wasnt there,5.6090074512693615,0.8834046256764981,0.6818830402937005
77,he was also given a small part in star trek iii the search for spock as the excelsior helm officer,5.417768283894188,0.5694132356884162,0.6277861030411414
78,miguel was the oldest of five children born to oscar winner jose ferrer and singer rosemary clooneyferrer,5.163135066628456,0.1513365470906613,0.5557565216227182
79,miguel was raised amongst all the splendor and glamour of hollywood,4.540231597423554,-0.8713949822740522,0.37955218884672487
80,as a child his hero was batman and as a teenager his interests shifted towards music,5.504418563842774,0.7116824278070851,0.6522973724721536
81,miguel played the drums on keith moons two sides of the moon,4.841955683448098,-0.37600083020753866,0.4649026386174785
82,band mate billy mumy will robinson on the tv classic lost in space cast miguel as a drummer in his first television role in the series sunshine,6.1581543042109566,1.7850367862288585,0.8372234093915336
83,among the many television shows in which miguel has made guest appearances are miami vice chips will grace superman tales from the crypt and twin peaks,5.280001026391983,0.34321620046968354,0.5888150764107388
84,he also starred in the mini series the stand,5.116473346948624,0.07472369407210724,0.5425570491701723
85,miguel played the role of dr garret macy in nbcs drama crossing jordan,5.05071634054184,-0.03324129095951927,0.5239559817302306
86,in 1999 at the 41st grammy awards miguel was nominated for best spoken word album for children in disneys the lion king ii simbas pride readalong,5.404089207649231,0.5469538607452029,0.623916623062468
87,in 2003 miguel made his new york stage debut in the offbroadway production of the exonerated,5.659701172510783,0.9666375335307527,0.6962230685145716
88,his cousin is actor george clooney,6.713186836242675,2.696332514050921,0.9942286948179475
89,his brother gabriel ferrer is married to singer debby boone,5.869410223431057,1.3109542197792337,0.7555446893134735
90,miguel was close friends with actress dominique dunne and in 1982 served as a pallbearer in her funeral,4.836203848614412,-0.38544464153133406,0.46327558359336535
91,william hindman april 1 1743 – january 19 1822 was an american lawyer and statesman from talbot county maryland,5.035987774531047,-0.05742380010623291,0.519789626468168
92,he represented maryland in the continental congress and in the federal congress as both the representative and a us,5.079069137573242,0.01331054396075646,0.5319763025828795
93,senator james lloyd resigned and hindman was named to finish his term,5.570933103561401,0.8208911901507172,0.6711127277726838
95,in the senate he was aligned with the federalists,5.9351663663983345,1.4189177871484924,0.7741455125072526
96,william was born in dorchester county maryland the second son of jacob hindman 17131766 and mary trippe hindman died 1782,4.360573959978003,-1.1663709125594839,0.32873138642831484
97,william studied law at the inns of court in london returning to maryland in 1765,3.599409137453352,-2.4161107222171867,0.1134162592598788
98,hindman died in baltimore maryland and is buried in st paul’s burial ground there,4.208488537715032,-1.4160766281234505,0.28571009712805095
99,in 1792 voters returned him the state senate but later that year he was appointed to the united states house of representatives after the resignation of joshua seney,3.9540433088938394,-1.833844662621667,0.21373369309597617
101,clive jay davis born april 4 1934 is the founder of arista records and member of the rock and roll hall of fame as a nonperformer,5.1549914360046385,0.13796569877429304,0.5534528853911275
102,he was a working class jewish boy who grew up in brooklyn new york,5.011390321529829,-0.09780981811721463,0.512831601656393
103,he graduated from new york universitys college of arts and sciences in 1953 and received a scholarship to harvard law school,4.060968786478043,-1.6582860686755925,0.24398032578615525
104,he was then hired by the legal department of cbs subsidiary columbia records,5.305605908234914,0.3852562937763546,0.5960580784872894
105,in 1974 he founded arista records naming it after his secondary school honor society,4.964049981190608,-0.1755368834963465,0.4994401638249287
106,erasmus darwin december 12 1731 – april 18 1802 trained as a physician and wrote extensively on medicine and botany as well as poetry,4.590458884187367,-0.7889279029473565,0.3937602740299122
107,he lived in lichfield and derby england,5.355418244997661,0.46704207580711105,0.6101487843465719
108,he was one of the founder members of the lunar society,4.547803109884262,-0.8589634822080336,0.38169398668090154
109,he was a member of the darwinwedgwood family most famously including his grandson charles darwin,5.156870246997902,0.14105047729219095,0.5539843556009543
111,he obtained his degree at edinburgh medical school,4.480693544660296,-0.9691492038642573,0.3627103130496248
112,he practised medicine in lichfield in staffordshire for twenty years george iii invited him to be royal physician but he declined,4.7185427963733675,-0.578629739791817,0.42999211636477835
113,in 1781 he moved to derby where he died suddenly on the 18th of april 1802,4.300749413172404,-1.2645955224274303,0.3118084683926162
114,his most important scientific work is his zoönomia 1794–1796 which contains a system of pathology and a treatise on generation in which he in the words of his famous grandson charles robert darwin anticipated the views of jeanbaptiste lamarck who in turn is regarded to have foreshadowed the theory of evolution,4.9369956755638125,-0.21995675388960523,0.4917871547996744
115,eunice mary kennedy shriver born july 10 1921 in brookline massachusetts is a member of the kennedy family,6.390746747746187,2.166925212374727,0.9030181887562663
116,her father was joseph p kennedy sr and her mother was rose kennedy,5.870384097099304,1.312553201572361,0.7558201746308706
117,on may 23 1953 she married robert sargent shriver jr who was us ambassador to france from 1968 to 1970 and was democratic vicepresidential candidate in 1972,5.342843862680288,0.44639647356848805,0.6065917955740885
118,she actively campaigned for her brother john f kennedy and supported arnold schwarzeneggers successful bid for governor of california in 2003,4.9137729704380035,-0.25808560354847854,0.4852180129273873
119,king married coretta scott on june 18 1953,5.549029963357108,0.784928905163574,0.6649168589162735
120,the wedding ceremony took place in scotts parents house in marion alabama and was performed by kings father,4.676046927185619,-0.6484027743545316,0.4179710623072035
121,in 1953 king became the pastor of the dexter avenue baptist church in montgomery alabama,4.749519501413618,-0.5277697679234098,0.43875467736027757
122,the reverend martin luther king jr phd boston university january 15 1929 – april 4 1968 was an american nobel laureate baptist minister and african american civil rights activist,5.774033716746739,1.1543576275797611,0.7285649812950435
123,he also was awarded the presidential medal of freedom,5.421186298131943,0.5750251982180702,0.6287529766386688
124,following the campaign king was instrumental in the founding of the southern christian leadership conference sclc in 1957 a group created to harness the moral authority and organizing power of black churches to conduct nonviolent protests in the service of civil rights reform,4.205925883991378,-1.420284193005647,0.2849851843416625
125,the organizations nonviolent principles were criticized by the younger more radical blacks and challenged by the student nonviolent coordinating committee sncc then headed by james foreman,4.9544896578788755,-0.1912337684315193,0.496735779480406
126,king was born in atlanta georgia to the rev martin luther king sr and alberta williams king,5.585991203784943,0.845614754285955,0.6753723002970589
127,he graduated from morehouse college with a bachelor of arts degree in sociology in 1948,3.748303221804755,-2.171644794299907,0.15553479621540384
128,his application to yale divinity school was rejected and he graduated from crozer theological seminary in chester pennsylvania 1 with a bachelor of divinity in 1951,4.36641228556633,-1.1567850939646698,0.33038290759600597
129,he received his phd in systematic theology from boston university in 1955,4.963057279586792,-0.17716677846349044,0.4991593525397237
130,gail davis born october 5 1925 died march 15 1997 was an american actress,6.006796836853027,1.5365262838402065,0.7944080409356307
131,she and her husband moved to hollywood california to pursue a career in motion pictures and in 1947 as gail davis she made her motion picture debut in a comedy film short,4.215766935579238,-1.4041263864776836,0.287768979928909
132,she then appeared in minor roles in another four films until landing a supporting role under star roy rogers in a 1948 western film called the far frontier,4.7594197359349995,-0.5115147902363429,0.4415552143686725
133,between then and 1953 davis appeared in more than three dozen films of which all but three were in the western genre and that included fourteen films with the singing cowboy star gene autry,4.907088525367506,-0.2690606471433244,0.48332714501308877
134,in 1950 she began to guest star in television westerns notably in the lone ranger and cisco kid series plus more than a dozen appearances on the gene autry show,4.81834260348616,-0.4147706277386224,0.4582230691413439
135,gail davis passed away from cancer in 1997 in los angeles california and was interred there in the forest lawn hollywood hills cemetery,4.413494110107422,-1.079482479998408,0.34370121755778676
137,her family lived in mcgehee arkansas where she was raised until they moved to little rock,4.396545553207398,-1.1073099434431244,0.33890688054133594
138,she had been singing and dancing since childhood and after graduating from high scool in little rock she went to study drama at girls college in bryn mawr pennsylvania before completing her education at the university of texas in austin,4.394547065576682,-1.1105912164043865,0.33834155670395094
139,between 1954 and 1956 gail davis starred as the western sharpshooter annie oakley in the annie oakley television series on the abc network,5.554121922362935,0.793289280854111,0.6663572510211525
140,elvis aron presley january 8 1935 – august 16 1977 also known as the king of rock and roll sometimes shortened to the king was an american singer and actor,5.0139275146969435,-0.09364405636377805,0.5135493122668442
141,the movies jailhouse rock 1957 king creole 1958 and flaming star 1960 are widely regarded as his best among film critics,5.716692227125168,1.0602098947832548,0.712344460108916
142,among fans blue hawaii 1961 and viva las vegas 1964 are also highly praised,5.973591235967783,1.48200673682245,0.7850149791890347
143,elvis aron presley was born in a tworoom house in east tupelo mississippi to vernon elvis presley and gladys love smith,5.469945132732391,0.6550812581796728,0.6425456722046023
144,elvis presley was raised both in east tupelo which merged with tupelo in 1948 and later in memphis tennessee where his family moved when he was 13,4.507106093259958,-0.9257830202431695,0.37018178452634903
145,elvis had a twin brother jesse garon presley who died at birth,4.8129009550268,-0.42370515086499133,0.4566837583437865
146,beginning with love me tender opened on november 15 1956 presley starred in 31 motion pictures having signed to multiple longterm contracts on the advice of his manager,5.1118616483829635,0.06715184745348592,0.5412525111335431
147,elvis was praised by all his directors including the highly respected michael curtiz as unfailingly polite and extremely hardworking,5.259116331736247,0.30892607886731055,0.5829073011791421
148,niels fabian helge von koch january 25 1870 march 11 1924 was a swedish mathematician who gave his name to the famous fractal known as the koch curve which was one of the earliest fractal curves to have been described,5.162880262503257,0.15091818979207994,0.555684443695577
149,his grandfather nils samuel von koch 18011881 was the attorneygeneral justitiekansler of sweden,5.866247057914734,1.3057606877697359,0.7546499062582833
150,john quincy adams july 11 1767 – february 23 1848 was the sixth 18251829 president of the united states,5.2451433473163185,0.285984142544779,0.5789546816829856
151,the son of president john adams and first lady abigail smith he was the only son of a former president to become president himself until george w bush took office in 2001,4.971751082328058,-0.1628926146272866,0.5016186191629556
152,he was secretary of state in the cabinet of president james monroe from 1817 to 1825 a tenure during which he was instrumental in the acquisition of florida and in keeping the united states from becoming dependent on england,4.302160134440975,-1.2622792901509357,0.31220752733537466
153,adamss son charles francis also pursued a career in politics,5.897097269694011,1.3564129731302887,0.7633766853682218
154,while serving as secretary of state under president james monroe adams negotiated the adamsonís treaty with spain and devised the monroe doctrine both of which were of long lasting importance,4.964602182651388,-0.17463023604225184,0.4995963682687391
155,adams was born in braintree massachusetts in a part of town which eventually became the separate town of quincy,4.426660213205549,-1.0578653444019261,0.34742558983432376
156,he acquired his early education in europe at venerable institutions such as the university of leiden while accompanying his father while the elder adams was serving as an american envoy to france and later the netherlands during the revolutionary war,4.645554501658831,-0.6984676183228251,0.40934549227862804
157,he graduated from harvard university in 1787 and was elected to phi beta kappa,4.356280730320857,-1.1734198720696498,0.32751693554693323
158,he studied law after which he was admitted to the bar and commenced practice in boston,4.3361509323120115,-1.206470545442312,0.321822702327151
159,adams was elected to the us house of representatives in 1830 one of only two us presidents to serve in congress after having been president,4.279280563195546,-1.2998447558255997,0.3057354497426018
160,although adams lost in both the popular and electoral votes in the presidential election of 1824 none of the candidates were able to secure a majority of the electoral vote thereby putting the outcome in the hands of the house of representatives which to the surprise of many elected adams over rival andrew jackson,4.197688223618381,-1.4338094267026364,0.2826549493671939
161,some say this was because of a bargain he struck with henry clay which put clay into office as his secretary of state once adams won,4.915789680480957,-0.25477441160866193,0.48578849144466846
162,during this time he worked on developing a federal system of roads canals bridges lighthouses and universities until jackson who defeated adams in the latters quest for reelection was sworn in to replace him,5.064085507031643,-0.011290750038787576,0.5277377957312248
163,president george washington appointed him minister to the netherlands in 1794 minister to portugal in 1796 and minister to prussia in 1797,4.42306942031497,-1.0637609884080534,0.34640984133282826
164,while serving abroad he met louisa catherine johnson the daughter of an american merchant living abroad,4.6519004543622335,-0.6880483379134357,0.41114060888531256
165,adams received one electoral vote in the presidential election of 1820,4.401991581916809,-1.0983682284803717,0.3404474304057403
166,rather than retire adams would go on to win election as a democraticrepublican to the house of representatives beginning with the 22nd congress serving from march 4 1831 until his death,4.888261071840922,-0.2999730297053687,0.4780013135632217
167,aldous leonard huxley july 26 1894 – november 22 1963 was a british writer who emigrated to the united states,4.93979715673547,-0.21535706346432418,0.49257962609746087
168,he was a member of the famous huxley family who produced a number of brilliant scientific minds,5.266200665617362,0.3205576911201864,0.584911287970671
169,he wrote great novels on dehumanising aspects of scientific progress most famously brave new world and on pacifist themes eg eyeless in gaza,4.862295340407979,-0.34260559403092006,0.4706562358611784
170,huxley was strongly influenced by f matthias alexander and included him as a character in eyeless in gaza,5.1794792799388665,0.1781717520648055,0.5603799044476452
171,huxley was born in godalming surrey england,4.975015838940938,-0.1575322824269283,0.5025421398834016
172,he was the son of the writer leonard huxley by his first wife julia arnold and grandson of thomas henry huxley one of the most important naturalists of the 19th century a man known as darwins bulldog,4.469941928982735,-0.9868020455783829,0.3596689408942461
173,his brother julian huxley was a biologist also noted for his evolutionary theories,5.219393213589986,0.24370556335995983,0.5716705913600779
174,john wells november 17 1936 january 11 1998 was a british actor writer and satirist,5.956838437489101,1.4545006848315838,0.7802760174975311
175,wells began his television career as a writer on that was the week that was the 1960s weekly satire show that launched the careers of david frost and millicent martin among others,4.9032685324069,-0.27533260971201906,0.48224656135268346
176,besides making cameo appearances in films such as casino royale 1967 television dramas like casanova 1987 and comedy shows like yes minister he also wrote television scripts and screenplays notably princess caraboo 1994,4.885335998726077,-0.3047756430285323,0.4771738810925372
177,in 1997 he appeared in the bbc situation comedy chalk,5.4174101617601185,0.5688252428195634,0.6276847989469989
178,bartholomew j simpson voiced by nancy cartwright is a fictional character featured in the animated television series the simpsons,5.304059889581469,0.38271791969427943,0.595620747185158
179,he is the 10yearold son of homer and marge simpson and older brother of lisa and maggie,5.191983602941036,0.19870232545204838,0.5639170751335384
180,roy stanley geiger january 25 1885 – january 23 1947 was a united states marine corps general who during world war ii became the first marine to lead an army,4.913370113948296,-0.2587470447736483,0.48510405456548567
181,geiger was born in middleburg florida,4.9347480773925785,-0.22364703597777147,0.4911513636126124
182,he attended florida state normal and industrial college and received an llb from stetson university after which he enlisted in the marine corps,4.678410665555433,-0.6445218042243384,0.41863970674875994
183,he was commissioned a second lieutenant on 5 february 1909,4.540075964397854,-0.8716505127218064,0.3795081640261755
184,following attendance at the marine officers school at port royal south carolina he served as a member of the marine detachments aboard wisconsin bb9 and delaware bb28,5.087860146394143,0.027744308324815798,0.5344630664560875
185,for his part in this action he was awarded the distinguished service medal,5.489271064599355,0.6868120813839917,0.6480125111262722
186,geiger commanded the iii amphibious corps in the battle of okinawa where he assumed command of the us tenth army upon the combat death of lt general simon bolivar buckner commanding general of the tenth army,4.888756064006261,-0.2991603129373486,0.47814133488038374
187,geiger led the tenth army until relieved by general joseph stilwell,5.315213656425476,0.4010310445787974,0.5987758781835387
188,culbert levy olson november 7 1876 april 13 1962 was a us politician,6.382967273394267,2.1541522642456243,0.9008175635305348
189,he was born in fillmore utah to daniel olson and his wife delilah king,5.088737927950346,0.029185518589015188,0.5347113696380096
190,he served as the governor of california from january 2 1939 until january 4 1943 and was the only democrat elected to that office between 1898 and 1954,3.7402151657475367,-2.1849243959555937,0.1532468806851916
191,in his 1942 bid for reelection he was defeated by state attorney general earl warren,5.0576359033584595,-0.021880212699656613,0.5259133587709467
192,he later became president of the united secularists of america,4.941209819581774,-0.21303764335398073,0.4929792342656222
193,he died in los angeles at age 85 and was buried in forest lawn memorial park cemetery in suburban glendale,4.156246097464311,-1.5018523437147675,0.27093197373965816
194,prescott sheldon bush may 15 1895 columbus ohio – october 8 1972 new york city was a us,6.36511102844687,2.1248344877254963,0.8957664635087981
195,senator from connecticut and a wall street executive banker with brown brothers harriman,5.152207851409912,0.1333953923457313,0.5526654766023061
196,his son george h w bush and grandson george w bush would both later become us presidents,6.226750671863556,1.8976636561478148,0.8566276634864919
197,his father was samuel prescott bush and his mother was flora sheldon,5.671607494354248,0.9861862619454764,0.6995910791293173
198,he married dorothy walker george herbert walkers daughter on august 6 1921 and together they had five children including george h w bush named after george herbert walker prescott bush jr jonathan bush william bush and nancy bush,5.645825257172456,0.9438549728020151,0.6922979075149597
199,among those attending the kennebunkport maine wedding ceremony were isabel stillman rockefeller daughter of percy rockefeller hope lincoln mary keck elizabeth trotter martha pittman ruth lionberger nancy walker george herbert walker knight wooley frank shephard john shepley richard bentley henry isham william potter wear and henry fenimore cooper,6.449564497521583,2.2634967843044285,0.9196563082513911
200,his fatherinlaw george herbert walker and walkers partner averell harriman brought him on as an officer in their investment banking firm w a harriman and company in 1926,6.054536704663877,1.6149093246028174,0.8079124954302609
201,when it merged with brown brothers in 1931 he became a partner in the new firm of brown brothers harriman,5.2972070166939185,0.3714663381646851,0.5936822351131499
202,bush called it my good fortune to work with close friends including yale classmates and members of the skull and bones e roland harriman knight woolley and ellery james as well as robert a lovett and thomas mccance,5.164977785501931,0.1543620667495327,0.5562777822443822
203,he maintained homes in long island new york and greenwich connecticut the family compound at kennebunkport maine a 10000 acre 40 km² plantation in south carolina and an island retreat in florida,5.789177871519519,1.1792224827899462,0.7328488965710337
204,after graduation he served as a field artillery captain with the american expeditionary forces 19171919 during world war i,4.049039231406318,-1.677872943217677,0.24060574305279708
205,he received training in intelligence at verdun and was briefly assigned to a staff of french officers,5.253740221261978,0.3000991611196843,0.5813865294931894
206,alternating between intelligence and artillery bush came under fire in the meuseargonne offensive,4.777078946431478,-0.482520520255009,0.44655057810754295
207,the bushes moved to columbus ohio in 1923 where bush worked for the hupp products company where his business efforts generally failed,5.147422268277123,0.12553804847422126,0.5513117508252872
208,he left in november 1923 to become president of sales for stedman products of south braintree massachusetts,4.78753337264061,-0.46535562740388386,0.4495078825468445
209,in 1925 he joined the united states rubber company based in new york city as manager of the foreign division and moved to greenwich connecticut,4.613613078991572,-0.7509115388812831,0.4003100359884515
211,he served until january 1963 and was a staunch supporter of president dwight d eisenhower,4.62103109061718,-0.7387320684660892,0.4024084121472537
212,as a managing partner of brown brothers harriman he sat on several corporate boards including the following,5.181484870612621,0.18146468735647614,0.5609472375641902
213,bush was born in columbus ohio to flora sheldon and samuel prescott bush a steel company president and later a us government official in charge of coordination and assistance to major weapons contractors during world war i,4.868886907895406,-0.3317830441004598,0.47252083095253744
214,after attending the douglas school in columbus and st georges school in newport rhode island as well as the famous stonyhurst college in england where he designed the boys golf course still in use today from 1908 to 1913 bush entered yale university,5.125134780293419,0.0889447113069614,0.5450071592736713
215,there he played varsity golf football and baseball and was president of the yale glee club,4.324215527375539,-1.2260670247488832,0.31844646480847605
216,on may 18 1916 he was tapped to join the skull and bones society at yale,5.078957406679789,0.013127095460005336,0.5319446966142108
217,other new bonesmen that year were e roland harriman h s fenimore cooper grandson of james fenimore cooper knight wooley son of ulysses grant wooley ellery james and henry neil mallon,6.0213839689890545,1.5604765758133223,0.7985343879736794
218,he was a member of the executive committee of the united states golf association usga from 19281935 serving successively as secretary vice president and president,4.030719568952918,-1.7079515947659278,0.2354235534217086
219,after his discharge in 1919 bush went to work for the simmons hardware company in st louis missouri,4.959185165517471,-0.18352431753619233,0.4980640250776882
220,from 1947 to 1950 he served as connecticut republican finance chairman and was the republican candidate for the united states senate in 1950 losing to senator william benton by only 1000 votes,4.138235699745916,-1.531423220284956,0.2658372676256422
221,the following year bush was connecticut chairman of the united negro college fund and was one of the uncfs earliest supporters,5.441932883858681,0.6090885618022974,0.6346216841930288
222,talia shire born april 25 1946 is an american actress of italian descent,5.445004165172577,0.6141312311572771,0.6354904754286486
223,she is the mother of actors jason and robert schwartzman and aunt to actor nicolas cage,5.428243573506673,0.5866123837034218,0.6307493092328798
224,born talia rose coppola in lake success long island new york she is the sister of director and producer francis ford coppola,6.197497697103591,1.8496338391796825,0.848352704116187
225,shire became famous for her roles as the wife of boxer rocky balboa in the rocky movies and for her role in the godfather and its sequels,5.299093168515426,0.37456316942729856,0.5942157818658227
226,she was nominated for the academy award for best supporting actress for the godfather part ii and for the best actress in a leading role for rocky,4.038779153273656,-1.6947187402292314,0.23770341498597342
227,margaret tyndal winthrop february 23 1880 – july 7 1970 was the maternal grandmother of us senator john kerry the presidential candidate,5.605998016539074,0.8784635008692159,0.6810317439614452
228,winthrops daughter rosemary isabel forbes was kerrys mother,5.799850004059928,1.1967448228863449,0.735867784868413
229,winthrop died at st briac sur mer illeetvilaine france,4.590186834335327,-0.7893745756261829,0.3936833177035626
230,other notable figures in this branch of the family tree are franklin d roosevelt kerrys 4th cousin twice removed jane addams calvin coolidge kerrys 8th cousin once removed and ironically george hw bush kerrys 9th cousin once removed and george w bush kerrys 9th cousin twice removed,4.774453358481759,-0.48683141546117087,0.4458078627500328
231,1 she also has some relation to all the royal houses of europe including such figures as henry iii henry ii henry i richard the lionheart and russian czar ivan the terrible,5.459588139287887,0.6380763380455167,0.6396159291389815
232,she was born in massachusetts and raised in boston,4.825123608112335,-0.4036370451294108,0.4601412514196209
233,her grandfather was robert charles winthrop the conservative whig speaker of the house and a us senator,5.419271290302277,0.5718809889092349,0.6282112672188804
234,her ancestors include james bowdoin former governor of maine and john winthrop the first governor of the massachusetts bay colony,5.789044618606567,1.179003697757926,0.7328112025433425
235,david manners april 30 1901 – december 23 1998 was a canadian film actor,5.484254011741052,0.6785746924524042,0.6465933081596752
236,born rauff de rither duan acklom in halifax nova scotia manners came to hollywood at the beginning of the talking films revolution after studying acting with eva le gallienne and acting on stage with helen hayes,6.057152165685381,1.6192035926278954,0.8086523461245971
237,in 1940 he officially changed his name to david joseph manners and became a naturalized citizen of the united states,4.129570208097759,-1.545650900758994,0.26338600952623153
238,he was discovered by the film director james whale and within a few years he was a popular leading man playing opposite such up and coming actresses as katharine hepburn gloria stuart myrna loy loretta young and ann dvorak and he was paired several times with helen chandler,4.7726218649681575,-0.4898385044481343,0.44528977751130444
239,his most widely seen role was as jonathan harker in tod brownings dracula 1931 though he commented throughout his life that he had never watched the film and did not intend to,4.403011760404033,-1.096693219821653,0.3407360142370092
240,he died in santa barbara california,5.411252498626709,0.5587151109209835,0.625942944907774
241,elliott roosevelt september 23 1910 – october 27 1990 world war ii hero and an author was the son of president franklin delano roosevelt and his wife eleanor roosevelt,5.100642078689167,0.04873068231469276,0.5380787660997377
243,as an army photo reconnaissance pilot he and the men in his unit also played a key role in the dday landings,4.684729437033336,-0.6341471520722962,0.4204271344438552
244,colonel elliot roosevelt was a pilot in the united states army air force usaaf during world war ii,4.389409282628228,-1.1190268294201937,0.33688820211349446
245,he flew a p38 lightning in the north african campaign of november 1942,5.272362848122914,0.33067524327665904,0.5866544204310197
246,on 28 february 1934 he and anthony fokker each received an excessive half a million dollars for selling fifty military planes to the soviet government,5.2289106249809265,0.25933199215457614,0.5743628369596022
247,elliot and fokker were able to receive such a large commission because elliot had close connections to the us exportimport bank through his father franklin delano roosevelt,5.129341919834797,0.09585232134627637,0.5461972573425264
248,stella dorothea gibbons 5 january 1902—19 december 1989 was an english novelist and poet,5.397160053253174,0.5355770342816587,0.6219565327958051
249,her works include cold comfort farm,5.56826639175415,0.8165127745858047,0.6703583794700451
250,keynes was educated at oundle school,5.262734746932983,0.3148670753314304,0.5839308633632815
251,keynes pronounced canes was born in london the eldest son of geoffrey keynes and thus the nephew of the economist john maynard keynes and geoffrey keynes wife elizabeth née darwin the granddaughter of charles darwin and thus the greatgrandson of charles darwin see darwin wedgwood family,4.807014790508482,-0.4333695151485861,0.4550187046993049
252,charles francis adams jr may 27 1835 – may 20 1915 a member of the prominent adams political family and son of charles francis adams sr graduated at harvard in 1856 and served on the union side in the american civil war receiving in 1865 the brevet of brigadiergeneral in the regular army,4.841186516560041,-0.37726370843289614,0.4646850598994207
253,he was president of the union pacific railroad from 1884 to 1890 having previously become widely known as an authority on the management of railways,4.053258543213208,-1.670945347802876,0.2417992843613019
254,his son charles francis adams was secretary of the navy and a renowned yachtsman,5.623486922337459,0.9071781513060301,0.685978932618333
255,jean tardieu born in st germain de joux france november 1 1903 died in créteil france january 27 1995 was an artist musician poet and dramatic author,5.5602084673368015,0.8032826454080371,0.6680789874523209
256,he is often associated with the theatre of the absurd,6.091145778695743,1.6750169594519655,0.8182683174512325
257,john eric austin born august 21 1944 in blaby leicestershire is a british member of parliament for erith and thamesmead,5.60809443185204,0.8819055591418247,0.6816247691727416
258,he is a member of the labour party,5.320463989462171,0.40965145111329226,0.6002610704730656
259,he worked as a social worker and was leader of greenwich council before entering parliament,3.932326634015356,-1.8695007942844712,0.20759057077244708
260,austin is a member of the leftwing socialist campaign group,5.264419145054287,0.3176326516234667,0.584407338871553
261,he stated his intention to act as a stalking horse against tony blair,5.086615105470021,0.02570010296812691,0.5341108744774593
263,robert strange mcnamara born june 9 1916 is an american business executive and a former united states secretary of defense,5.5600607269688656,0.8030400737417709,0.6680371952738482
264,he resigned that position to become president of the world bank 19681981,4.389209162105214,-1.1193554029130028,0.33683159285543796
265,mcnamara was born in san francisco where his father was sales manager of a wholesale shoe firm,4.3601410537958145,-1.167081691714955,0.3286089277348602
266,he graduated in 1937 from the university of california berkeley with a degree in economics and philosophy and earned a masters degree from the harvard graduate school of business administration in 1939,3.1984690456621108,-3.0744054557249214,0.0
268,following his involvement there in a program to teach the analytical approaches used in business to officers of the army air forces he entered the army as a captain in early 1943 serving under col curtis lemay with analysis of us bombers efficiency and effectiveness as a major responsibility,4.572249802450339,-0.8188249944453511,0.38860936501020177
269,he left active duty three years later with the rank of lieutenant colonel,3.487400976320108,-2.6000144626849564,0.08173185826731187
270,during this period mcnamara helped to plan the 1945 bombing of tokyo,5.541145530613986,0.7719836281564655,0.6626865434990351
271,in 1946 mcnamara joined ford motor company which he later said had been the result of a life magazine article which reported how few collegeeducated managers there were at the then unprofitable company,4.980687056668103,-0.14822083456026774,0.5041463902769947
272,presidentelect john f kennedy first offered the post of secretary of defense to former secretary robert a lovett,4.4218106488971145,-1.0658277375609317,0.34605376532945664
273,lovett declined but recommended mcnamara kennedy had him approached by sargent shriver regarding either the treasury or the defense cabinet post and less than five weeks after becoming president at ford mcnamara accepted kennedys invitation to serve as secretary of defense,5.0029620110988615,-0.1116480759583962,0.5104474363894805
274,he also created the defense intelligence agency and the defense supply agency,5.549910371953791,0.7863744287078577,0.6651659052244387
275,mary lilian baels november 28 1916 – june 7 2002 was best known as princess de réthy the controversial morganatic second wife of king léopold iii of the belgians,5.817496606281826,1.2257183916184784,0.7408595820312092
276,mary lilian lucy josepha monique baels was born in highbury london england one of eight children of henri baels an attorney and fish trader from ostend belgium and his wife anne marie de visscher who were living in england during world war i,5.497167722100303,0.6997774299525639,0.6502462846319669
277,he is also notable in that he is the great great great grandfather of president george w bush through his son reverend james smith bush,5.457986116409302,0.6354460118558355,0.6391627555954574
278,he was the son of a blacksmith timothy bush jr and lydia newcomb and was born in penfield monroe co new york on january 28 1797,5.130027785301208,0.09697842879643488,0.5463912721022088
279,he was a participant in the underground railroad and even petitioned the new york state legislature to secede from the union in a protest against slavery,4.637626767158508,-0.71148399153433,0.4071029278410956
280,eventually obadiah henry and possibly another brother or two went off to find their fortunes in the california gold rush of 1849,5.323845329738798,0.41520319947139955,0.6012175698935813
281,robert henry dee born may 18 1933 in quincy massachusetts is a former threesport letterman at holy cross college who was one of the first players signed by the boston patriots in 1960,5.9281269907951355,1.4073599909050039,0.7721542433256817
282,another example of a player misjudged by the nfl he became an ironman of the american football league who never missed a game during his career starting 112 consecutive games,4.5564366702375745,-0.8447882290259044,0.3841362121889382
283,he was voted to five american football league allstar teams 1961 196365,4.776589220220393,-0.4833245909683609,0.4464120464015351
284,joseph h ball november 3 1905 december 18 1993 was an american politician,6.733589092890422,2.7298305312805815,1.0
285,he served in the united states senate as a republican from minnesota,4.17245095426386,-1.4752459451360371,0.27551593597659974
286,he was first appointed to fill the senate seat of ernest lundeen who had died in office,4.902901530265808,-0.27593518246942844,0.4821427453192281
287,he lost his reelection bid in 1948 to hubert h humphrey,4.7182704448699955,-0.5790769077453427,0.4299150747085592
288,ball died in chevy chase maryland,5.31146731376648,0.3948800068232206,0.5977161284129664
289,raymond arrieta born march 26 1965 in san juan puerto rico is considered by many to be one of puerto ricos greatest comedians,4.887306913733482,-0.30153964095208835,0.47773140530135444
290,after raymond graduated from high school he enrolled in the universidad del sagrado corazon university of the sacred heart of san juan where he earned a bachelors degree in radio and television production,4.361052158754319,-1.165585768488179,0.3288666573017016
291,matthew parker august 6 1504 may 17 1575 was archbishop of canterbury from 1559,6.240022072425256,1.9194536773377822,0.8603818218699124
292,the eldest son of william parker he was born in norwich in st saviours parish,4.701019048690796,-0.6074015963532746,0.42503507178115496
293,matthew was sent in 1522 to corpus christi college cambridge where he is said to have been contemporary with william cecil but cecil was only two years old at the time,3.9631181846062344,-1.8189448234411607,0.21630075605031918
294,he commenced ma in 1528 and was one of the cambridge scholars whom thomas wolsey wished to transplant to his newly founded cardinal college at oxford,5.0837394547462464,0.02097863518372205,0.5332974224064244
295,adolf otto reinhold windaus december 25 1876 – june 9 1959 was a significant german chemist,5.4052232583363855,0.5488158336687621,0.6242374185862419
296,he won a nobel prize in chemistry in 1928,5.082060366868973,0.018221777664765192,0.5328224490378142
297,jack kerouac march 12 1922 – october 21 1969 was an american novelist writer poet artist and part of the beat generation,5.4140613079071045,0.5633268332071018,0.6267374891503656
298,during kerouacs time at columbia university burroughs and kerouac got into trouble with the law for failing to report a murder this incident formed the basis of a mystery novel the two collaborated on in 1945 entitled and the hippos were boiled in their tanks the novel was never published although an excerpt from the manuscript would be included in the burroughs compilation word virus,4.945933404378593,-0.20528209318903903,0.49431542221220204
299,in between his sea voyages kerouac stayed in new york with friends from fordham,5.677995351644663,0.9966743445762065,0.701398049530626
